-- phpMyAdmin SQL Dump
-- version 4.9.4
-- https://www.phpmyadmin.net/
--
-- Host: localhost:3306
-- Generation Time: May 12, 2021 at 04:02 AM
-- Server version: 5.6.48-cll-lve
-- PHP Version: 7.3.6

SET SQL_MODE = "NO_AUTO_VALUE_ON_ZERO";
SET AUTOCOMMIT = 0;
START TRANSACTION;
SET time_zone = "+00:00";


/*!40101 SET @OLD_CHARACTER_SET_CLIENT=@@CHARACTER_SET_CLIENT */;
/*!40101 SET @OLD_CHARACTER_SET_RESULTS=@@CHARACTER_SET_RESULTS */;
/*!40101 SET @OLD_COLLATION_CONNECTION=@@COLLATION_CONNECTION */;
/*!40101 SET NAMES utf8mb4 */;

--
-- Database: `kiranus`
--

-- --------------------------------------------------------

--
-- Table structure for table `kr_area`
--

CREATE TABLE `kr_area` (
  `areaid` int(11) NOT NULL,
  `cityid` int(11) NOT NULL,
  `areaname` varchar(255) NOT NULL,
  `IsActive` int(11) NOT NULL,
  `UserId` int(11) NOT NULL,
  `CreatedDate` timestamp NOT NULL DEFAULT CURRENT_TIMESTAMP ON UPDATE CURRENT_TIMESTAMP
) ENGINE=InnoDB DEFAULT CHARSET=latin1;

-- --------------------------------------------------------

--
-- Table structure for table `kr_attributegroup`
--

CREATE TABLE `kr_attributegroup` (
  `attribute_groupID` int(11) NOT NULL,
  `attribute_groupName` varchar(256) DEFAULT NULL,
  `attribute_groupdesc` varchar(2000) DEFAULT NULL,
  `IsDisplay` tinyint(1) NOT NULL DEFAULT '1',
  `sortingOrder` int(11) DEFAULT NULL,
  `IsActive` int(3) DEFAULT NULL,
  `UserId` int(11) NOT NULL,
  `createdDate` datetime NOT NULL,
  `modifiedDate` datetime NOT NULL
) ENGINE=InnoDB DEFAULT CHARSET=latin1;

--
-- Dumping data for table `kr_attributegroup`
--

INSERT INTO `kr_attributegroup` (`attribute_groupID`, `attribute_groupName`, `attribute_groupdesc`, `IsDisplay`, `sortingOrder`, `IsActive`, `UserId`, `createdDate`, `modifiedDate`) VALUES
(1, 'Default Product(No Attr)', '', 0, 0, 1, 6, '2016-06-07 11:21:29', '2018-10-30 11:50:15'),
(3, 'Product with branding option', 'Product with branding option', 1, 1, 1, 4, '0000-00-00 00:00:00', '2020-08-13 13:51:56'),
(4, 'Luxury Product', 'Luxury goods are products that are not essential but are highly desired and associated with wealthy or affluent people.', 1, 0, 2, 1, '2018-12-17 12:37:53', '2019-02-01 14:44:55'),
(5, 'Listing products', '', 1, 0, 2, 1, '2018-12-17 12:45:48', '2019-02-01 14:44:51'),
(6, 'Frames Attribute', 'Frames Attribute', 1, 1, 2, 1, '2018-12-18 12:10:44', '2019-02-01 14:44:48'),
(7, 'attribute group1503', 'des', 1, 34, 2, 16, '2019-03-15 11:50:06', '2019-03-15 11:50:21'),
(8, 'kkgv', 'kkfgh', 1, 2, 2, 4, '2020-08-13 13:55:14', '2020-08-13 13:55:39'),
(9, 'kk', 'kk', 1, 0, 2, 15, '2020-08-13 14:06:07', '2020-08-13 15:54:38'),
(10, 'Test', '', 1, 1, 0, 1, '2020-08-31 16:17:00', '2020-09-04 11:37:49');

-- --------------------------------------------------------

--
-- Table structure for table `kr_attributes`
--

CREATE TABLE `kr_attributes` (
  `attrMapId` int(11) NOT NULL,
  `attribute_groupID` int(11) DEFAULT NULL,
  `attributeId` int(11) DEFAULT NULL,
  `IsFilter` tinyint(1) DEFAULT NULL,
  `useInFront` tinyint(1) DEFAULT NULL,
  `isCombined` tinyint(1) DEFAULT NULL,
  `sortingOrder` int(5) NOT NULL,
  `IsActive` tinyint(1) NOT NULL,
  `UserId` int(11) DEFAULT NULL,
  `createdDate` datetime NOT NULL,
  `modifiedDate` datetime NOT NULL
) ENGINE=InnoDB DEFAULT CHARSET=latin1;

--
-- Dumping data for table `kr_attributes`
--

INSERT INTO `kr_attributes` (`attrMapId`, `attribute_groupID`, `attributeId`, `IsFilter`, `useInFront`, `isCombined`, `sortingOrder`, `IsActive`, `UserId`, `createdDate`, `modifiedDate`) VALUES
(1, 3, 1, 1, 1, 0, 3, 2, 22, '2018-11-05 16:03:54', '2018-12-19 12:16:01'),
(2, 3, 2, 1, 1, 0, 2, 2, 1, '2018-11-05 16:03:54', '2019-02-04 10:12:25'),
(3, 3, 4, 1, 1, 1, 5, 2, 1, '2018-12-10 12:15:08', '2020-12-15 17:11:29'),
(4, 3, 5, 0, 1, 0, 0, 2, 1, '2018-12-13 13:19:54', '2020-12-15 17:11:29'),
(5, 4, 1, 1, 1, 1, 0, 0, 1, '2018-12-17 12:40:43', '2019-02-01 14:35:38'),
(6, 4, 4, 1, 1, 1, 1, 0, 1, '2018-12-17 12:40:43', '2019-02-01 14:35:38'),
(7, 4, 11, 1, 1, 0, 2, 0, 1, '2018-12-17 12:40:43', '2019-02-01 14:35:38'),
(8, 4, 18, 1, 1, 1, 3, 0, 1, '2018-12-17 12:40:43', '2019-02-01 14:35:38'),
(9, 5, 1, 0, 1, 0, 0, 0, 1, '2018-12-17 12:46:04', '2019-02-01 14:35:34'),
(10, 5, 1, 0, 1, 0, 0, 0, 1, '2018-12-17 12:46:21', '2019-02-01 14:35:34'),
(11, 4, 1, 0, 1, 0, 0, 0, 1, '2018-12-17 12:47:04', '2019-02-01 14:35:38'),
(12, 4, 1, 0, 1, 0, 0, 0, 1, '2018-12-17 12:47:14', '2019-02-01 14:35:38'),
(13, 4, 1, 1, 1, 1, 0, 0, 1, '2018-12-17 12:51:43', '2019-02-01 14:35:38'),
(14, 5, 5, 0, 1, 0, 0, 0, 1, '2018-12-17 17:13:39', '2019-02-01 14:35:34'),
(15, 4, 1, 1, 1, 1, 0, 0, 1, '2018-12-17 17:15:25', '2019-02-01 14:35:38'),
(16, 4, 2, 1, 1, 0, 0, 0, 1, '2018-12-17 17:15:25', '2019-02-01 14:35:38'),
(17, 4, 5, 0, 1, 0, 0, 0, 1, '2018-12-17 17:15:25', '2019-02-01 14:35:38'),
(18, 4, 11, 1, 1, 0, 0, 0, 1, '2018-12-17 17:15:25', '2019-02-01 14:35:38'),
(19, 4, 18, 1, 1, 1, 0, 0, 1, '2018-12-17 17:15:25', '2019-02-01 14:35:38'),
(20, 4, 4, 1, 0, 0, 0, 0, 1, '2018-12-17 17:18:19', '2019-02-01 14:35:38'),
(21, 6, 19, 1, 1, 0, 0, 1, 1, '2018-12-18 12:11:01', '2018-12-18 12:33:36'),
(22, 7, 5, 0, 1, 0, 0, 0, 22, '2018-12-18 12:12:16', '2018-12-19 12:13:28'),
(24, 7, 19, 1, 1, 1, 0, 0, 22, '2018-12-18 12:13:31', '2018-12-19 12:13:28'),
(26, 3, 19, 0, 0, 1, 0, 2, 1, '2018-12-27 21:11:57', '2019-02-04 10:12:25'),
(27, 5, 18, 0, 1, 0, 1, 0, 1, '2019-01-18 20:27:18', '2019-02-01 14:35:34'),
(28, 3, 18, 0, 1, 0, 1, 2, 1, '2019-02-04 10:12:25', '2020-12-15 17:11:29'),
(29, 3, 21, 0, 1, 0, 0, 2, 1, '2019-05-10 15:01:44', '2020-12-14 14:57:17'),
(30, 3, 23, 1, 1, 0, 0, 2, 1, '2019-05-10 15:01:44', '2020-12-14 14:57:17'),
(32, 3, 24, 1, 1, 1, 1, 2, 1, '2019-10-18 18:39:19', '2020-12-15 17:11:29'),
(33, 3, 25, 1, 1, 0, 7, 2, 1, '2020-03-16 16:35:38', '2020-12-14 14:57:17'),
(34, 3, 26, 1, 1, 0, 8, 2, 1, '2020-03-16 18:30:38', '2020-12-15 17:11:29'),
(35, 9, 4, 1, 1, 1, 0, 1, 15, '2020-08-13 15:34:20', '2020-08-13 15:53:19'),
(36, 9, 5, 0, 1, 0, 0, 1, 15, '2020-08-13 15:34:20', '2020-08-13 15:53:19'),
(37, 9, 18, 0, 1, 0, 0, 1, 15, '2020-08-13 15:34:20', '2020-08-13 15:53:19'),
(38, 9, 20, 1, 1, 1, 0, 1, 15, '2020-08-13 15:34:20', '2020-08-13 15:53:19'),
(39, 9, 21, 1, 1, 1, 0, 1, 15, '2020-08-13 15:34:20', '2020-08-13 15:53:19'),
(40, 9, 23, 1, 1, 1, 0, 1, 15, '2020-08-13 15:34:20', '2020-08-13 15:53:19'),
(41, 9, 24, 1, 1, 1, 0, 1, 15, '2020-08-13 15:34:20', '2020-08-13 15:53:19'),
(42, 9, 25, 1, 1, 1, 0, 1, 15, '2020-08-13 15:34:20', '2020-08-13 15:53:19'),
(43, 9, 26, 1, 1, 1, 0, 1, 15, '2020-08-13 15:34:20', '2020-08-13 15:53:19'),
(44, 9, 28, 1, 1, 0, 0, 2, 15, '2020-08-13 15:34:20', '2020-08-13 15:34:31'),
(45, 9, 28, 1, 1, 0, 0, 1, 15, '2020-08-13 15:44:13', '2020-08-13 15:53:19'),
(46, 10, 4, 1, 1, 1, 0, 1, 456, '2020-08-31 16:17:12', '2020-08-31 16:17:12'),
(47, 3, 32, 1, 0, 0, 0, 2, 1, '2020-12-14 14:57:17', '2020-12-15 17:11:58'),
(48, 3, 33, 1, 0, 0, 0, 2, 1, '2020-12-14 15:01:01', '2020-12-15 17:11:58'),
(49, 3, 34, 1, 0, 0, 0, 2, 1, '2020-12-14 15:01:01', '2020-12-15 17:11:58'),
(50, 3, 32, 0, 1, 0, 0, 1, 1, '2020-12-15 17:12:22', '2020-12-21 15:25:38'),
(51, 3, 33, 0, 1, 0, 0, 1, 1, '2020-12-15 17:12:22', '2020-12-21 15:25:38'),
(52, 3, 34, 0, 1, 0, 0, 1, 1, '2020-12-15 17:12:22', '2020-12-21 15:25:38'),
(53, 3, 35, 0, 1, 0, 0, 1, 1, '2020-12-15 17:26:42', '2020-12-21 15:25:38'),
(54, 3, 5, 0, 1, 0, 0, 1, 1, '2020-12-21 15:25:38', '2020-12-21 15:25:38'),
(55, 3, 18, 0, 1, 0, 0, 1, 1, '2020-12-21 15:25:38', '2020-12-21 15:25:38');

-- --------------------------------------------------------

--
-- Table structure for table `kr_attributes_type`
--

CREATE TABLE `kr_attributes_type` (
  `atttypeid` int(11) NOT NULL,
  `attribute_typename` varchar(255) NOT NULL,
  `IsActive` int(11) NOT NULL,
  `createddate` timestamp NOT NULL DEFAULT CURRENT_TIMESTAMP ON UPDATE CURRENT_TIMESTAMP
) ENGINE=MyISAM DEFAULT CHARSET=latin1;

--
-- Dumping data for table `kr_attributes_type`
--

INSERT INTO `kr_attributes_type` (`atttypeid`, `attribute_typename`, `IsActive`, `createddate`) VALUES
(1, 'text', 1, '2020-07-28 03:40:10'),
(2, 'textarea', 1, '2020-07-28 03:40:33'),
(3, 'dropdown', 1, '2020-07-28 03:42:43'),
(4, 'multiselect', 1, '2020-07-28 03:42:43'),
(5, 'checkbox', 1, '2020-07-28 03:42:43'),
(6, 'radio', 1, '2020-07-28 03:42:43');

-- --------------------------------------------------------

--
-- Table structure for table `kr_bannerposition`
--

CREATE TABLE `kr_bannerposition` (
  `bpid` int(11) NOT NULL,
  `bannaerposition` int(11) NOT NULL,
  `bannaername` varchar(255) NOT NULL,
  `IsActive` tinyint(1) NOT NULL,
  `createddate` timestamp NOT NULL DEFAULT CURRENT_TIMESTAMP,
  `modifieddate` timestamp NOT NULL DEFAULT CURRENT_TIMESTAMP ON UPDATE CURRENT_TIMESTAMP
) ENGINE=InnoDB DEFAULT CHARSET=latin1;

--
-- Dumping data for table `kr_bannerposition`
--

INSERT INTO `kr_bannerposition` (`bpid`, `bannaerposition`, `bannaername`, `IsActive`, `createddate`, `modifieddate`) VALUES
(1, 1, 'Main Banner', 1, '2018-12-06 10:25:00', '2018-12-06 10:25:00'),
(2, 2, 'Promotion Banner', 1, '2018-12-06 10:25:00', '2020-12-15 09:16:41'),
(3, 3, 'Main Banner Mobilepath', 2, '2018-12-17 15:55:48', '2019-03-29 15:15:59'),
(4, 4, 'Award Reciever Mobilepath', 2, '2018-12-17 15:55:48', '2019-03-29 15:16:07');

-- --------------------------------------------------------

--
-- Table structure for table `kr_banners`
--

CREATE TABLE `kr_banners` (
  `bannerid` bigint(20) NOT NULL,
  `bannername` varchar(250) NOT NULL,
  `Bannerposition` tinyint(1) DEFAULT NULL,
  `SortingOrder` int(11) DEFAULT NULL,
  `bannerimage` varchar(250) NOT NULL,
  `mobileimage` varchar(255) NOT NULL,
  `Banner_sharing` tinyint(1) DEFAULT NULL,
  `banner_title` varchar(255) NOT NULL,
  `banner_desc` varchar(255) NOT NULL,
  `banner_btn_txt` varchar(255) NOT NULL,
  `banner_link` varchar(255) NOT NULL,
  `IsActive` tinyint(1) DEFAULT NULL,
  `userid` int(11) DEFAULT NULL,
  `CreatedDate` datetime NOT NULL,
  `ModifiedDate` datetime NOT NULL
) ENGINE=InnoDB DEFAULT CHARSET=latin1;

--
-- Dumping data for table `kr_banners`
--

INSERT INTO `kr_banners` (`bannerid`, `bannername`, `Bannerposition`, `SortingOrder`, `bannerimage`, `mobileimage`, `Banner_sharing`, `banner_title`, `banner_desc`, `banner_btn_txt`, `banner_link`, `IsActive`, `userid`, `CreatedDate`, `ModifiedDate`) VALUES
(23, 'kk', 1, 5, '1597645525315955634873gps_des.png', '1597645525115955635742gps_mob.png', NULL, '', '', '', '', 2, 1, '2020-08-17 11:55:25', '2020-12-15 11:37:02'),
(24, 'Banner1', 1, 2, '16127705346Urban_Smart_watch_A.jpg', '1612778151004.jpg', NULL, '', '', '', '#', 1, 1, '2020-12-15 11:36:56', '2021-02-18 12:05:43'),
(25, 'Banner 2', 1, 3, '16127705502Home_page_13_A.jpg', '1612777677903.jpg', NULL, '', '', '', '#', 1, 17, '2020-12-15 11:48:00', '2021-02-08 15:17:57'),
(26, 'Banner promotion', 2, 2, '16092429195pro-eight-bg-1536x443_(1).jpg', '16081265537160801308081597645525115955635742gps_mob.png', NULL, '', '', '', 'google.com', 0, 17, '2020-12-16 19:19:13', '2021-01-28 15:06:58'),
(27, 'Promotion banner', 2, 1, '16092435702New_Project_(1).jpg', '160924325331597645487315955635742gps_mob.png', NULL, '', '', '', 'https://www.google.com/', 0, 17, '2020-12-29 17:30:53', '2021-01-28 15:07:02'),
(28, 'banners', 1, 1, '1612787601301.jpg', '16127882342760x1000.jpg', NULL, '', '', '', '#', 1, 1, '2020-12-29 17:41:44', '2021-02-18 12:05:48'),
(29, 'New Banner', 1, 1, '16127705691Home_page_06_A.jpg', '16127914417760x1000_Desktop_Stand.jpg', NULL, '', '', '', '#', 1, 17, '2021-01-29 13:24:09', '2021-02-08 19:07:21');

-- --------------------------------------------------------

--
-- Table structure for table `kr_carts`
--

CREATE TABLE `kr_carts` (
  `cart_id` int(11) NOT NULL,
  `customer_id` int(11) NOT NULL DEFAULT '0',
  `customer_group_id` int(11) NOT NULL DEFAULT '0',
  `sessionId` varchar(255) NOT NULL,
  `custom_field` text NOT NULL,
  `comment` text NOT NULL,
  `coupon_code` varchar(255) DEFAULT NULL COMMENT 'Coupon Code',
  `cart_currency_code` varchar(128) NOT NULL DEFAULT '&#8377;',
  `cart_currency_id` int(11) NOT NULL DEFAULT '1',
  `cart_default_currency_code` varchar(128) NOT NULL DEFAULT '&#8377;',
  `cart_default_currency_id` int(11) NOT NULL DEFAULT '1',
  `ip` varchar(40) DEFAULT NULL,
  `UserId` int(11) NOT NULL,
  `IsActive` int(11) NOT NULL,
  `CreatedDate` datetime NOT NULL,
  `ModifiedDate` datetime NOT NULL
) ENGINE=MyISAM DEFAULT CHARSET=utf8;

-- --------------------------------------------------------

--
-- Table structure for table `kr_carts_customtool_images`
--

CREATE TABLE `kr_carts_customtool_images` (
  `cart_product_attr_id` int(11) NOT NULL,
  `cart_id` int(11) NOT NULL,
  `cart_product_id` int(11) NOT NULL,
  `customsimgpath` varchar(500) DEFAULT NULL,
  `IsActive` int(11) NOT NULL,
  `CreatedDate` datetime NOT NULL,
  `ModifiedDate` datetime NOT NULL
) ENGINE=MyISAM DEFAULT CHARSET=utf8;

--
-- Dumping data for table `kr_carts_customtool_images`
--

INSERT INTO `kr_carts_customtool_images` (`cart_product_attr_id`, `cart_id`, `cart_product_id`, `customsimgpath`, `IsActive`, `CreatedDate`, `ModifiedDate`) VALUES
(1, 78, 133, '1_1553938876.png', 1, '2019-03-30 03:12:54', '2019-03-30 03:12:54'),
(2, 88, 163, 'rotary270x250_1554271840.png', 1, '2019-04-03 11:43:29', '2019-04-03 11:43:29'),
(3, 189, 322, 'sunday_1556342617.jpg', 2, '2019-04-27 10:54:48', '2019-04-27 10:54:48'),
(4, 198, 345, '3_1556532683.jpg', 2, '2019-04-29 15:41:43', '2019-04-29 15:41:43'),
(5, 199, 346, '6_1556532744.png', 2, '2019-04-29 15:42:43', '2019-04-29 15:42:43'),
(6, 201, 349, '2_1556532909.png', 1, '2019-04-29 15:45:41', '2019-04-29 15:45:41'),
(7, 210, 369, '2x5_1556606709.jpg', 2, '2019-04-30 12:15:30', '2019-04-30 12:15:30');

-- --------------------------------------------------------

--
-- Table structure for table `kr_carts_products_attribute`
--

CREATE TABLE `kr_carts_products_attribute` (
  `cart_product_attr_id` int(11) NOT NULL,
  `cart_id` int(11) NOT NULL,
  `cart_product_id` int(11) NOT NULL,
  `Attribute_id` int(11) NOT NULL,
  `Attribute_value_id` int(11) DEFAULT NULL,
  `IsActive` int(11) NOT NULL,
  `CreatedDate` datetime NOT NULL,
  `ModifiedDate` datetime NOT NULL
) ENGINE=MyISAM DEFAULT CHARSET=utf8;

-- --------------------------------------------------------

--
-- Table structure for table `kr_cart_products`
--

CREATE TABLE `kr_cart_products` (
  `cart_product_id` int(11) NOT NULL,
  `cart_id` int(11) NOT NULL,
  `product_id` int(11) NOT NULL,
  `product_qty` int(11) NOT NULL,
  `IsCustomtool` int(11) NOT NULL DEFAULT '0',
  `CustomtoolImg` varchar(250) NOT NULL,
  `IsActive` tinyint(4) NOT NULL,
  `CreatedDate` datetime NOT NULL,
  `ModifiedDate` datetime NOT NULL
) ENGINE=MyISAM DEFAULT CHARSET=utf8;

-- --------------------------------------------------------

--
-- Table structure for table `kr_catalogue`
--

CREATE TABLE `kr_catalogue` (
  `cart_id` int(11) NOT NULL,
  `customer_id` int(11) NOT NULL DEFAULT '0',
  `customer_group_id` int(11) NOT NULL DEFAULT '0',
  `sessionId` varchar(255) NOT NULL,
  `custom_field` text NOT NULL,
  `comment` text NOT NULL,
  `coupon_code` varchar(255) DEFAULT NULL COMMENT 'Coupon Code',
  `cart_currency_code` varchar(128) NOT NULL DEFAULT '&#8377;',
  `cart_currency_id` int(11) NOT NULL DEFAULT '1',
  `cart_default_currency_code` varchar(128) NOT NULL DEFAULT '&#8377;',
  `cart_default_currency_id` int(11) NOT NULL DEFAULT '1',
  `ip` varchar(40) DEFAULT NULL,
  `UserId` int(11) NOT NULL,
  `IsActive` int(11) NOT NULL,
  `CreatedDate` datetime NOT NULL,
  `ModifiedDate` datetime NOT NULL
) ENGINE=MyISAM DEFAULT CHARSET=utf8;

--
-- Dumping data for table `kr_catalogue`
--

INSERT INTO `kr_catalogue` (`cart_id`, `customer_id`, `customer_group_id`, `sessionId`, `custom_field`, `comment`, `coupon_code`, `cart_currency_code`, `cart_currency_id`, `cart_default_currency_code`, `cart_default_currency_id`, `ip`, `UserId`, `IsActive`, `CreatedDate`, `ModifiedDate`) VALUES
(63, 1, 1, '', '', '', NULL, '&#8377;', 1, '&#8377;', 1, '', 0, 1, '2021-01-19 17:34:09', '2021-01-19 17:34:09'),
(27, 0, 0, 'jc5o09psb93rof79kq09f3esul', '', '', NULL, '&#8377;', 1, '&#8377;', 1, '', 0, 1, '2020-12-18 18:49:57', '2020-12-18 18:49:57'),
(29, 0, 0, 'hnq7rrnd3cs0m7lcr2qe0b2a0a', '', '', NULL, '&#8377;', 1, '&#8377;', 1, '', 0, 1, '2020-12-18 19:21:57', '2020-12-18 19:21:57'),
(37, 0, 0, 'v5653rb28oe65basglo5r970k4', '', '', NULL, '&#8377;', 1, '&#8377;', 1, '', 0, 1, '2020-12-19 10:57:56', '2020-12-19 10:57:56'),
(57, 0, 0, '1v46jm34ppbjst1eie4ab97hp0', '', '', NULL, '&#8377;', 1, '&#8377;', 1, '', 0, 1, '2020-12-19 12:55:37', '2020-12-19 12:55:37'),
(58, 0, 0, 'km6kdf0n866l2nk762npef4t65', '', '', NULL, '&#8377;', 1, '&#8377;', 1, '', 0, 1, '2020-12-29 18:12:36', '2020-12-29 18:12:36'),
(60, 0, 0, '6ldd83oc48pk3obltfsk3tsq6l', '', '', NULL, '&#8377;', 1, '&#8377;', 1, '', 0, 1, '2020-12-29 18:22:27', '2020-12-29 18:22:27'),
(61, 0, 0, 'g3qt23658mml65ejontcepsfgc', '', '', NULL, '&#8377;', 1, '&#8377;', 1, '', 0, 1, '2020-12-30 13:53:47', '2020-12-30 13:53:47');

-- --------------------------------------------------------

--
-- Table structure for table `kr_catalogue_customtool_images`
--

CREATE TABLE `kr_catalogue_customtool_images` (
  `cart_product_attr_id` int(11) NOT NULL,
  `cart_id` int(11) NOT NULL,
  `cart_product_id` int(11) NOT NULL,
  `customsimgpath` varchar(500) DEFAULT NULL,
  `IsActive` int(11) NOT NULL,
  `CreatedDate` datetime NOT NULL,
  `ModifiedDate` datetime NOT NULL
) ENGINE=MyISAM DEFAULT CHARSET=utf8;

--
-- Dumping data for table `kr_catalogue_customtool_images`
--

INSERT INTO `kr_catalogue_customtool_images` (`cart_product_attr_id`, `cart_id`, `cart_product_id`, `customsimgpath`, `IsActive`, `CreatedDate`, `ModifiedDate`) VALUES
(1, 78, 133, '1_1553938876.png', 1, '2019-03-30 03:12:54', '2019-03-30 03:12:54'),
(2, 88, 163, 'rotary270x250_1554271840.png', 1, '2019-04-03 11:43:29', '2019-04-03 11:43:29'),
(3, 189, 322, 'sunday_1556342617.jpg', 2, '2019-04-27 10:54:48', '2019-04-27 10:54:48'),
(4, 198, 345, '3_1556532683.jpg', 2, '2019-04-29 15:41:43', '2019-04-29 15:41:43'),
(5, 199, 346, '6_1556532744.png', 2, '2019-04-29 15:42:43', '2019-04-29 15:42:43'),
(6, 201, 349, '2_1556532909.png', 1, '2019-04-29 15:45:41', '2019-04-29 15:45:41'),
(7, 210, 369, '2x5_1556606709.jpg', 2, '2019-04-30 12:15:30', '2019-04-30 12:15:30');

-- --------------------------------------------------------

--
-- Table structure for table `kr_catalogue_enquiry`
--

CREATE TABLE `kr_catalogue_enquiry` (
  `enquiryid` int(11) NOT NULL,
  `firstname` varchar(255) NOT NULL,
  `emailid` varchar(255) NOT NULL,
  `contactno` bigint(50) NOT NULL,
  `additionalmsg` text NOT NULL,
  `companyname` varchar(255) NOT NULL,
  `typeofbusinessid` int(11) NOT NULL,
  `purchasereasonid` int(11) NOT NULL,
  `paymentmethodid` int(11) NOT NULL,
  `countryid` int(11) NOT NULL,
  `purchasebefore` int(11) NOT NULL,
  `deliverydate` date NOT NULL,
  `IsActive` tinyint(1) NOT NULL,
  `userid` int(11) NOT NULL,
  `createdate` datetime NOT NULL,
  `modifieddate` datetime NOT NULL
) ENGINE=InnoDB DEFAULT CHARSET=latin1;

--
-- Dumping data for table `kr_catalogue_enquiry`
--

INSERT INTO `kr_catalogue_enquiry` (`enquiryid`, `firstname`, `emailid`, `contactno`, `additionalmsg`, `companyname`, `typeofbusinessid`, `purchasereasonid`, `paymentmethodid`, `countryid`, `purchasebefore`, `deliverydate`, `IsActive`, `userid`, `createdate`, `modifieddate`) VALUES
(1, 'kalaivani', 'kalaivani.pixel@gmail.com', 9566218714, 'Test', 'pixel', 1, 1, 1, 1, 1, '2020-12-12', 1, 0, '2020-12-18 20:31:17', '2020-12-18 20:31:17');

-- --------------------------------------------------------

--
-- Table structure for table `kr_catalogue_products`
--

CREATE TABLE `kr_catalogue_products` (
  `cart_product_id` int(11) NOT NULL,
  `cart_id` int(11) NOT NULL,
  `product_id` int(11) NOT NULL,
  `product_qty` int(11) NOT NULL,
  `IsCustomtool` int(11) NOT NULL,
  `CustomtoolImg` varchar(250) NOT NULL,
  `IsActive` tinyint(4) NOT NULL,
  `CreatedDate` datetime NOT NULL,
  `ModifiedDate` datetime NOT NULL
) ENGINE=MyISAM DEFAULT CHARSET=utf8;

--
-- Dumping data for table `kr_catalogue_products`
--

INSERT INTO `kr_catalogue_products` (`cart_product_id`, `cart_id`, `product_id`, `product_qty`, `IsCustomtool`, `CustomtoolImg`, `IsActive`, `CreatedDate`, `ModifiedDate`) VALUES
(68, 58, 4356, 1, 0, '', 1, '2020-12-29 18:12:36', '2020-12-29 18:12:36'),
(73, 63, 4356, 1, 0, '', 1, '2021-01-19 17:34:09', '2021-01-19 17:34:09'),
(32, 27, 3820, 1, 0, '', 1, '2020-12-18 18:49:57', '2020-12-18 18:49:57'),
(35, 29, 3819, 1, 0, '', 1, '2020-12-18 19:21:57', '2020-12-18 19:21:57'),
(36, 29, 3820, 1, 0, '', 1, '2020-12-18 19:21:57', '2020-12-18 19:21:57'),
(46, 37, 3819, 1, 0, '', 1, '2020-12-19 10:57:56', '2020-12-19 10:57:56'),
(67, 57, 3820, 1, 0, '', 1, '2020-12-19 12:55:37', '2020-12-19 12:55:37'),
(70, 60, 4356, 1, 0, '', 1, '2020-12-29 18:22:27', '2020-12-29 18:22:27'),
(71, 61, 4356, 1, 0, '', 1, '2020-12-30 13:53:47', '2020-12-30 13:53:47');

-- --------------------------------------------------------

--
-- Table structure for table `kr_catalogue_products_attribute`
--

CREATE TABLE `kr_catalogue_products_attribute` (
  `cart_product_attr_id` int(11) NOT NULL,
  `cart_id` int(11) NOT NULL,
  `cart_product_id` int(11) NOT NULL,
  `Attribute_id` int(11) NOT NULL,
  `Attribute_value_id` int(11) DEFAULT NULL,
  `IsActive` int(11) NOT NULL,
  `CreatedDate` datetime NOT NULL,
  `ModifiedDate` datetime NOT NULL
) ENGINE=MyISAM DEFAULT CHARSET=utf8;

-- --------------------------------------------------------

--
-- Table structure for table `kr_category`
--

CREATE TABLE `kr_category` (
  `categoryID` int(11) NOT NULL,
  `StoreId` int(11) NOT NULL DEFAULT '1',
  `categoryName` varchar(256) DEFAULT NULL,
  `categoryDesc` varchar(1000) DEFAULT NULL,
  `hsncode` varchar(255) DEFAULT NULL,
  `comcod` varchar(50) DEFAULT NULL,
  `parentId` int(11) DEFAULT NULL,
  `categoryImage` varchar(500) DEFAULT NULL,
  `categoryCode` varchar(100) DEFAULT NULL,
  `categorymenuimage` varchar(200) NOT NULL,
  `customer_group_id` varchar(200) NOT NULL,
  `IsTop` tinyint(1) DEFAULT NULL,
  `categoryMetatitle` varchar(50) DEFAULT NULL,
  `categoryMetadesc` varchar(500) DEFAULT NULL,
  `categoryMetakey` varchar(100) DEFAULT NULL,
  `sortingOrder` int(3) DEFAULT NULL,
  `IsActive` int(3) DEFAULT NULL,
  `userId` int(11) DEFAULT NULL,
  `createdDate` datetime DEFAULT NULL,
  `modifiedDate` datetime DEFAULT NULL,
  `trending_categorys` int(11) NOT NULL
) ENGINE=InnoDB DEFAULT CHARSET=latin1;

--
-- Dumping data for table `kr_category`
--

INSERT INTO `kr_category` (`categoryID`, `StoreId`, `categoryName`, `categoryDesc`, `hsncode`, `comcod`, `parentId`, `categoryImage`, `categoryCode`, `categorymenuimage`, `customer_group_id`, `IsTop`, `categoryMetatitle`, `categoryMetadesc`, `categoryMetakey`, `sortingOrder`, `IsActive`, `userId`, `createdDate`, `modifiedDate`, `trending_categorys`) VALUES
(1, 1, 'Holder', '', 'HOLD001', NULL, 0, NULL, 'holder', '1612338731016109684070Holders.png', '', 0, 'Holder', '', '', 0, 1, 1, '2020-12-19 13:53:07', '2021-02-03 13:22:11', 0),
(2, 1, 'Desktop Holder', '', 'Desktop Holder', NULL, 1, NULL, 'desktop-holder', '16109684070Holders.png', '', 0, 'Desktop Holder', '', '', 0, 1, 1, '2020-12-19 13:53:08', '2021-02-03 13:16:59', 1),
(3, 1, 'Bike Mount', '', 'bike-mount', NULL, 1, NULL, 'bike-mount', '16109683035Universal_Bike_Mount.png', '', 0, 'Bike Mount', '', '', 0, 1, 1, '2020-12-19 13:53:09', '2021-02-03 13:16:42', 1),
(4, 1, 'Car Mounts', NULL, NULL, NULL, 1, NULL, 'car-mounts', '', '', 0, 'Car Mounts', NULL, NULL, NULL, 0, 17, '2020-12-19 13:53:10', '2021-01-18 16:43:55', 0),
(5, 1, 'Smart Wearable', '<p>Smartwatch<br></p>', 'Smartwatch', NULL, 0, NULL, 'smart-wearable', '16101105666watch.png', '', 0, 'Smart Wearable', '', '', 0, 1, 17, '2020-12-19 13:53:10', '2021-01-18 16:17:11', 0),
(6, 1, 'Smart Watch', '<p>SmartWatch<br></p>', 'SmartWatch', NULL, 5, NULL, 'smart-watch', '16109670551Urban_Smart_Watch.png', '', 0, 'Smart Watch', '', '', 0, 1, 1, '2020-12-19 13:53:11', '2021-02-03 13:15:01', 1),
(7, 1, 'Audio', '', 'Audio', NULL, 0, NULL, 'audio', '', '', 0, 'Audio', '', '', 0, 1, 17, '2020-12-19 13:53:12', '2021-01-16 16:21:40', 0),
(8, 1, 'Wired Earphones', '<p>dsf<br></p>', 'sdf', NULL, 7, NULL, 'wired-earphones', '16101116086earphone3.png', '', 0, 'Wired Earphones', '', '', 0, 1, 1, '2020-12-19 13:53:13', '2021-02-03 13:14:58', 1),
(9, 1, 'Power', '', 'power', NULL, 0, NULL, 'power', '', '', 0, 'Power', '', '', 0, 1, 17, '2020-12-19 13:53:13', '2021-02-06 15:54:35', 0),
(10, 1, 'Powerbanks', '', '123', NULL, 9, NULL, 'powerbanks', '16126051233Power_Bank.png', '', 0, 'Powerbanks', '', '', 0, 1, 17, '2020-12-19 13:53:14', '2021-02-06 15:55:15', 0),
(11, 1, 'Wall Chargers', '', 'wall chargers', NULL, 9, NULL, 'wall-chargers', '16126052439Universal_Adapter.png', '', 0, 'Wall Chargers', '', '', 0, 1, 17, '2020-12-19 13:53:15', '2021-02-06 15:24:03', 0),
(12, 1, 'Wireless Chargers', '', 'wireless Charger 01', NULL, 9, NULL, 'wireless-chargers', '16126053734wireless_Charger.png', '', 0, 'Wireless Chargers', '', '', 0, 1, 17, '2020-12-19 13:53:15', '2021-02-06 15:26:13', 0),
(13, 1, 'Speakers', '', 'speakers', NULL, 7, NULL, 'speakers', '16109674106Bluetooth_Speaker.png', '', 0, 'Speakers', '', '', 0, 1, 1, '2020-12-19 13:53:16', '2021-02-03 13:14:53', 1),
(14, 1, 'Cables and Connectors', '', 'Cable', NULL, 0, NULL, 'cables-and-connectors', '', '', 0, 'Cables and Connectors', '', '', 0, 1, 17, '2020-12-19 13:53:17', '2021-01-18 16:11:04', 0),
(15, 1, 'Type-C Cable', '', '01', NULL, 14, NULL, 'type-c-cable', '1612607999801.png', '', 0, 'Type-C Cable', '', '', 0, 1, 17, '2020-12-19 13:53:18', '2021-02-06 16:09:59', 0),
(16, 1, 'Lightning Cable', '', '12', NULL, 14, NULL, 'lightning-cable', '16126123612Lightning_Cable.png', '', 0, 'Lightning Cable', '', '', 0, 1, 17, '2020-12-19 13:53:19', '2021-02-06 17:22:41', 0),
(17, 1, 'Other Cables', '', '124', NULL, 14, NULL, 'other-cables', '16126137918Other_Cables.png', '', 0, 'Other Cables', '', '', 0, 1, 17, '2020-12-19 13:53:19', '2021-02-06 17:46:31', 0),
(18, 1, 'AUX', '', '2235', NULL, 14, NULL, 'aux', '16126152127Aux_new.png', '', 0, 'AUX', '', '', 0, 1, 17, '2020-12-19 13:53:20', '2021-02-08 14:43:51', 0),
(19, 1, 'Lifestyle', '', 'Lifestyle', NULL, 0, NULL, 'lifestyle', '', '', 0, 'Lifestyle', '', '', 0, 1, 17, '2020-12-19 13:53:21', '2021-02-06 15:57:02', 0),
(20, 1, 'Protection', '', '124', NULL, 0, NULL, 'protection', '', '', 0, 'Protection', '', '', 0, 1, 17, '2020-12-19 13:53:22', '2021-02-06 15:19:54', 0),
(21, 1, 'Tablet Covers', NULL, NULL, NULL, 20, NULL, 'tablet-covers', '', '', 0, 'Tablet Covers', NULL, NULL, NULL, 1, 1, '2020-12-19 13:53:22', '2020-12-19 13:53:22', 0),
(22, 1, 'Micro Cable', '', '12345', NULL, 14, NULL, 'micro-cable', '16126126401Micro.png', '', 0, 'Micro Cable', '', '', 0, 1, 17, '2020-12-19 13:53:23', '2021-02-06 17:27:20', 0),
(23, 1, 'Connectivity Adapters', '', '1245', NULL, 14, NULL, 'connectivity-adapters', '16126084269OTG_new.png', '', 0, 'Connectivity Adapters', '', '', 0, 1, 17, '2020-12-19 13:53:24', '2021-02-06 16:17:06', 0),
(24, 1, 'Microphone', '', 'microphone', NULL, 7, NULL, 'microphone', '16109676898Clip_Microphone.png', '', 0, 'Microphone', '', '', 0, 1, 1, '2020-12-19 13:53:24', '2021-02-03 13:14:45', 1),
(25, 1, 'True Wireless', '', 'true-wireless', NULL, 7, NULL, 'true-wireless', '16109675688Wireless_Earbuds.png', '', 0, 'True Wireless', '', '', 0, 1, 1, '2020-12-19 13:53:25', '2021-02-03 13:16:30', 1),
(26, 1, 'Neck Band', '', 'neck-band', NULL, 7, NULL, 'neck-band', '16109678550Urban_Nech_Band.png', '', 0, 'Neck Band', '', '', 0, 1, 1, '2020-12-19 13:53:26', '2021-02-03 13:15:15', 1),
(27, 1, 'Car Chargers', NULL, NULL, NULL, 9, NULL, 'car-chargers', '', '', 0, 'Car Chargers', NULL, NULL, NULL, 1, 1, '2020-12-19 13:53:27', '2020-12-19 13:53:27', 0),
(28, 1, 'Car Mount', '', '1011', NULL, 1, NULL, 'car-mount', '16132082841Car_Mount.png', '', 0, 'Car Mount', '', '', 0, 1, 17, '2020-12-19 13:53:27', '2021-02-13 14:54:44', 0),
(29, 1, 'i Watch Accessories', '', '145', NULL, 19, NULL, 'i-watch-accessories', '16126142280Smart_Watch_Strap.png', '', 0, 'i Watch Accessories', '', '', 0, 1, 17, '2020-12-19 13:53:28', '2021-02-06 17:53:48', 0),
(30, 1, 'Smart Wearable Test', '<p>dfg<br></p>', 'fg', NULL, 0, NULL, 'smart-wearable-test', '16101105561watch.png', '', 0, 'Smart Wearable', '', '', 0, 0, 17, '2020-12-19 13:53:29', '2021-01-18 16:14:43', 0),
(31, 1, 'Smart Wearable Accessories', NULL, NULL, NULL, 30, NULL, 'smart-wearable-accessories', '', '', 0, 'Smart Wearable Accessories', NULL, NULL, NULL, 1, 1, '2020-12-19 13:53:30', '2020-12-19 13:53:30', 0),
(32, 1, 'Air Pod Accessories', '', '54', NULL, 19, NULL, 'air-pod-accessories', '', '', 0, 'Air Pod Accessories', '', '', 0, 0, 17, '2020-12-19 13:53:31', '2021-01-18 16:07:49', 0),
(33, 1, 'Back Covers', NULL, NULL, NULL, 20, NULL, 'back-covers', '', '', 0, 'Back Covers', NULL, NULL, NULL, 1, 1, '2020-12-19 13:53:31', '2020-12-19 13:53:31', 0),
(34, 1, 'Screen Protectors', NULL, NULL, NULL, 20, NULL, 'screen-protectors', '', '', 0, 'Screen Protectors', NULL, NULL, NULL, 1, 1, '2020-12-19 13:53:32', '2020-12-19 13:53:32', 0),
(35, 1, 'Temper Glass', NULL, NULL, NULL, 20, NULL, 'temper-glass', '', '', 0, 'Temper Glass', NULL, NULL, NULL, 1, 1, '2020-12-19 13:53:33', '2020-12-19 13:53:33', 0),
(36, 1, 'Corporate gifts', 'Corporate Gift<br>', 'corporategift', NULL, 0, NULL, 'corporate-gifts', '', '', 0, 'Corporate gifts', 'Corporate gifts', '', 0, 1, 1, '2020-12-29 18:07:45', '2021-01-12 19:22:54', 0);

-- --------------------------------------------------------

--
-- Table structure for table `kr_categoryimage`
--

CREATE TABLE `kr_categoryimage` (
  `catimgid` int(11) NOT NULL,
  `categoryID` int(11) NOT NULL,
  `catimage` varchar(255) NOT NULL,
  `ordering` int(11) NOT NULL,
  `IsActive` tinyint(1) NOT NULL,
  `createddate` datetime NOT NULL,
  `modifieddate` datetime NOT NULL
) ENGINE=InnoDB DEFAULT CHARSET=latin1;

--
-- Dumping data for table `kr_categoryimage`
--

INSERT INTO `kr_categoryimage` (`catimgid`, `categoryID`, `catimage`, `ordering`, `IsActive`, `createddate`, `modifieddate`) VALUES
(2, 36, '36_0_1609245465.jpg', 1, 1, '2020-12-29 18:07:45', '2020-12-29 18:07:45'),
(3, 1, '1 _0_1609322651.jpg', 1, 1, '2020-12-30 15:34:11', '2020-12-30 15:34:11'),
(4, 2, '2 _0_1609324840.jpg', 1, 1, '2020-12-30 16:10:40', '2020-12-30 16:10:40'),
(5, 30, '30 _0_1610110556.jpg', 1, 1, '2021-01-08 18:25:56', '2021-01-08 18:25:56'),
(6, 5, '5 _0_1610110566.jpg', 1, 1, '2021-01-08 18:26:06', '2021-01-08 18:26:06'),
(9, 7, '7 _0_1610794300.jpg', 1, 1, '2021-01-16 16:21:40', '2021-01-16 16:21:40'),
(10, 14, '14 _0_1610966464.jpg', 1, 1, '2021-01-18 16:11:04', '2021-01-18 16:11:04'),
(11, 2, '2 _0_1610966632.jpg', 1, 1, '2021-01-18 16:13:52', '2021-01-18 16:13:52'),
(12, 5, '5 _0_1610966831.jpg', 1, 1, '2021-01-18 16:17:11', '2021-01-18 16:17:11'),
(14, 6, '6 _0_1610967055.jpg', 1, 1, '2021-01-18 16:20:55', '2021-01-18 16:20:55'),
(16, 13, '13 _0_1610967410.jpg', 1, 1, '2021-01-18 16:26:50', '2021-01-18 16:26:50'),
(17, 25, '25 _0_1610967568.jpg', 1, 1, '2021-01-18 16:29:28', '2021-01-18 16:29:28'),
(18, 24, '24 _0_1610967689.jpg', 1, 1, '2021-01-18 16:31:29', '2021-01-18 16:31:29'),
(19, 26, '26 _0_1610967855.jpg', 1, 1, '2021-01-18 16:34:15', '2021-01-18 16:34:15'),
(20, 3, '3 _0_1610968303.jpg', 1, 1, '2021-01-18 16:41:43', '2021-01-18 16:41:43'),
(21, 2, '2 _0_1610968407.jpg', 1, 1, '2021-01-18 16:43:27', '2021-01-18 16:43:27'),
(22, 8, '8 _0_1611823255.jpg', 1, 1, '2021-01-28 14:10:55', '2021-01-28 14:10:55'),
(24, 20, '20 _0_1612604994.jpg', 1, 1, '2021-02-06 15:19:54', '2021-02-06 15:19:54'),
(25, 11, '11 _0_1612605243.jpg', 1, 1, '2021-02-06 15:24:03', '2021-02-06 15:24:03'),
(26, 12, '12 _0_1612605373.jpg', 1, 1, '2021-02-06 15:26:13', '2021-02-06 15:26:13'),
(28, 9, '9 _0_1612607075.jpg', 1, 1, '2021-02-06 15:54:35', '2021-02-06 15:54:35'),
(29, 10, '10 _0_1612607115.jpg', 1, 1, '2021-02-06 15:55:15', '2021-02-06 15:55:15'),
(30, 19, '19 _0_1612607222.jpg', 1, 1, '2021-02-06 15:57:02', '2021-02-06 15:57:02'),
(31, 15, '15 _0_1612607999.jpg', 1, 1, '2021-02-06 16:09:59', '2021-02-06 16:09:59'),
(32, 23, '23 _0_1612608426.jpg', 1, 1, '2021-02-06 16:17:06', '2021-02-06 16:17:06'),
(34, 22, '22 _0_1612612294.jpg', 1, 1, '2021-02-06 17:21:34', '2021-02-06 17:21:34'),
(35, 16, '16 _0_1612612361.jpg', 1, 1, '2021-02-06 17:22:41', '2021-02-06 17:22:41'),
(36, 17, '17 _0_1612613791.jpg', 1, 1, '2021-02-06 17:46:31', '2021-02-06 17:46:31'),
(37, 29, '29 _0_1612614228.jpg', 1, 1, '2021-02-06 17:53:48', '2021-02-06 17:53:48'),
(40, 18, '18 _0_1612775631.jpg', 1, 1, '2021-02-08 14:43:51', '2021-02-08 14:43:51'),
(41, 28, '28 _0_1613208284.jpg', 1, 1, '2021-02-13 14:54:44', '2021-02-13 14:54:44');

-- --------------------------------------------------------

--
-- Table structure for table `kr_category_custgrp`
--

CREATE TABLE `kr_category_custgrp` (
  `Id` int(11) NOT NULL,
  `CategoryId` int(11) NOT NULL,
  `CustomerGrupId` int(11) NOT NULL,
  `IsActive` int(11) NOT NULL,
  `UserId` int(11) NOT NULL,
  `CreatedDate` datetime NOT NULL,
  `ModifiedDate` datetime NOT NULL
) ENGINE=InnoDB DEFAULT CHARSET=latin1;

--
-- Dumping data for table `kr_category_custgrp`
--

INSERT INTO `kr_category_custgrp` (`Id`, `CategoryId`, `CustomerGrupId`, `IsActive`, `UserId`, `CreatedDate`, `ModifiedDate`) VALUES
(1, 1, 1, 1, 1, '2018-12-06 12:47:39', '2021-02-03 13:22:11'),
(2, 1, 2, 1, 1, '2018-12-06 12:47:39', '2021-02-03 13:22:11'),
(3, 1, 3, 2, 16, '2018-12-06 12:47:39', '2018-12-10 21:20:13'),
(4, 1, 1, 1, 16, '2018-12-06 12:49:29', '2018-12-06 12:49:29'),
(5, 1, 2, 1, 16, '2018-12-06 12:49:29', '2018-12-06 12:49:29'),
(6, 1, 3, 2, 16, '2018-12-06 12:49:29', '2018-12-10 21:20:13'),
(7, 2, 1, 1, 1, '2018-12-06 12:52:08', '2021-02-03 13:16:59'),
(8, 2, 2, 1, 1, '2018-12-06 12:52:08', '2021-02-03 13:16:59'),
(9, 2, 3, 2, 16, '2018-12-06 12:52:08', '2018-12-11 10:42:11'),
(10, 3, 1, 1, 1, '2018-12-06 12:53:07', '2021-02-03 13:16:42'),
(11, 3, 2, 1, 1, '2018-12-06 12:53:07', '2021-02-03 13:16:42'),
(12, 3, 3, 2, 22, '2018-12-06 12:53:07', '2018-12-17 16:48:43'),
(13, 4, 1, 1, 22, '2018-12-06 12:53:38', '2018-12-17 17:09:34'),
(14, 4, 2, 1, 22, '2018-12-06 12:53:38', '2018-12-17 17:09:34'),
(15, 4, 3, 2, 16, '2018-12-06 12:53:38', '2018-12-10 21:13:28'),
(16, 5, 1, 2, 22, '2018-12-06 12:54:49', '2018-12-17 17:05:57'),
(17, 5, 2, 1, 1, '2018-12-06 12:54:49', '2019-03-28 18:43:42'),
(18, 5, 3, 2, 22, '2018-12-06 12:54:49', '2018-12-17 16:55:45'),
(19, 6, 1, 1, 1, '2018-12-06 12:55:44', '2021-02-03 13:15:01'),
(20, 6, 2, 1, 1, '2018-12-06 12:55:44', '2021-02-03 13:15:01'),
(21, 6, 3, 2, 22, '2018-12-06 12:55:44', '2018-12-17 17:26:57'),
(22, 7, 1, 1, 16, '2018-12-06 12:56:16', '2018-12-06 12:56:16'),
(23, 7, 2, 1, 16, '2018-12-06 12:56:16', '2018-12-06 12:56:16'),
(24, 7, 3, 1, 16, '2018-12-06 12:56:16', '2018-12-06 12:56:16'),
(25, 8, 1, 1, 1, '2018-12-06 13:01:14', '2021-02-03 13:14:58'),
(26, 8, 2, 1, 1, '2018-12-06 13:01:14', '2021-02-03 13:14:58'),
(27, 8, 3, 2, 16, '2018-12-06 13:01:14', '2018-12-06 13:20:40'),
(28, 9, 1, 1, 17, '2018-12-06 13:20:15', '2021-02-06 15:54:35'),
(29, 9, 2, 1, 17, '2018-12-06 13:20:15', '2021-02-06 15:54:35'),
(30, 9, 4, 2, 22, '2018-12-06 13:20:15', '2018-12-17 18:04:16'),
(31, 10, 2, 1, 17, '2018-12-10 20:13:24', '2021-02-06 15:55:15'),
(32, 1, 1, 1, 16, '2018-12-10 21:01:11', '2018-12-10 21:01:11'),
(33, 1, 2, 1, 16, '2018-12-10 21:01:11', '2018-12-10 21:01:11'),
(34, 4, 1, 1, 16, '2018-12-10 21:12:21', '2018-12-10 21:12:21'),
(35, 4, 2, 1, 16, '2018-12-10 21:12:21', '2018-12-10 21:12:21'),
(36, 1, 1, 1, 16, '2018-12-10 21:16:21', '2018-12-10 21:16:21'),
(37, 1, 2, 1, 16, '2018-12-10 21:16:21', '2018-12-10 21:16:21'),
(38, 2, 1, 1, 16, '2018-12-10 21:17:46', '2018-12-10 21:17:46'),
(39, 2, 2, 1, 16, '2018-12-10 21:17:46', '2018-12-10 21:17:46'),
(40, 3, 1, 1, 16, '2018-12-11 15:23:11', '2018-12-11 15:23:11'),
(41, 3, 2, 1, 16, '2018-12-11 15:23:11', '2018-12-11 15:23:11'),
(42, 4, 1, 1, 1, '2018-12-14 18:29:26', '2018-12-14 18:29:26'),
(43, 4, 2, 1, 1, '2018-12-14 18:29:26', '2018-12-14 18:29:26'),
(44, 6, 1, 1, 22, '2018-12-17 17:26:36', '2018-12-17 17:26:36'),
(45, 6, 2, 1, 22, '2018-12-17 17:26:36', '2018-12-17 17:26:36'),
(46, 7, 1, 1, 22, '2018-12-17 18:03:23', '2018-12-17 18:03:23'),
(47, 7, 2, 1, 22, '2018-12-17 18:03:23', '2018-12-17 18:03:23'),
(48, 8, 1, 1, 22, '2018-12-17 18:03:37', '2018-12-17 18:03:37'),
(49, 8, 2, 1, 22, '2018-12-17 18:03:37', '2018-12-17 18:03:37'),
(50, 9, 1, 1, 22, '2018-12-17 18:03:48', '2018-12-17 18:03:48'),
(51, 9, 2, 1, 22, '2018-12-17 18:03:48', '2018-12-17 18:03:48'),
(52, 10, 1, 1, 17, '2018-12-17 18:04:01', '2021-02-06 15:55:15'),
(53, 10, 2, 1, 22, '2018-12-17 18:04:01', '2018-12-17 18:04:01'),
(54, 1, 1, 1, 1, '2018-12-17 18:24:47', '2018-12-17 18:24:47'),
(55, 1, 2, 1, 1, '2018-12-17 18:24:47', '2018-12-17 18:24:47'),
(56, 2, 1, 1, 22, '2018-12-17 18:26:47', '2018-12-17 18:26:47'),
(57, 2, 2, 1, 22, '2018-12-17 18:26:47', '2018-12-17 18:26:47'),
(58, 3, 1, 1, 22, '2018-12-17 18:27:00', '2018-12-17 18:27:00'),
(59, 3, 2, 1, 22, '2018-12-17 18:27:00', '2018-12-17 18:27:00'),
(60, 4, 1, 1, 22, '2018-12-17 18:27:19', '2018-12-17 18:27:19'),
(61, 4, 2, 1, 22, '2018-12-17 18:27:19', '2018-12-17 18:27:19'),
(62, 5, 1, 1, 1, '2018-12-17 18:27:39', '2019-03-28 18:43:42'),
(63, 5, 2, 1, 22, '2018-12-17 18:27:39', '2018-12-17 18:27:39'),
(64, 6, 1, 1, 22, '2018-12-17 18:28:03', '2018-12-17 18:28:03'),
(65, 6, 2, 1, 22, '2018-12-17 18:28:03', '2018-12-17 18:28:03'),
(66, 7, 1, 1, 22, '2018-12-17 18:28:15', '2018-12-17 18:28:15'),
(67, 7, 2, 1, 22, '2018-12-17 18:28:15', '2018-12-17 18:28:15'),
(68, 8, 1, 1, 22, '2018-12-17 18:28:41', '2018-12-17 18:28:41'),
(69, 8, 2, 1, 22, '2018-12-17 18:28:41', '2018-12-17 18:28:41'),
(70, 9, 1, 1, 22, '2018-12-17 18:29:43', '2018-12-17 18:29:43'),
(71, 9, 2, 1, 22, '2018-12-17 18:29:43', '2018-12-17 18:29:43'),
(72, 10, 1, 1, 22, '2018-12-17 18:29:59', '2018-12-17 18:29:59'),
(73, 10, 2, 1, 22, '2018-12-17 18:29:59', '2018-12-17 18:29:59'),
(74, 11, 1, 1, 17, '2018-12-17 18:30:14', '2021-02-06 15:24:03'),
(75, 11, 2, 1, 17, '2018-12-17 18:30:14', '2021-02-06 15:24:03'),
(76, 12, 1, 1, 17, '2018-12-17 18:30:39', '2021-02-06 15:26:13'),
(77, 12, 2, 1, 17, '2018-12-17 18:30:39', '2021-02-06 15:26:13'),
(78, 13, 1, 1, 1, '2018-12-17 18:30:54', '2021-02-03 13:14:53'),
(79, 13, 2, 1, 1, '2018-12-17 18:30:54', '2021-02-03 13:14:53'),
(80, 14, 1, 1, 22, '2018-12-17 18:31:07', '2018-12-17 18:31:07'),
(81, 14, 2, 1, 22, '2018-12-17 18:31:07', '2018-12-17 18:31:07'),
(82, 15, 1, 1, 17, '2018-12-17 18:31:40', '2021-02-06 16:09:59'),
(83, 15, 2, 1, 17, '2018-12-17 18:31:40', '2021-02-06 16:09:59'),
(84, 16, 1, 1, 17, '2018-12-17 18:32:02', '2021-02-06 17:22:41'),
(85, 16, 2, 1, 17, '2018-12-17 18:32:02', '2021-02-06 17:22:41'),
(86, 17, 1, 1, 17, '2018-12-17 18:32:27', '2021-02-06 17:46:31'),
(87, 17, 2, 1, 17, '2018-12-17 18:32:27', '2021-02-06 17:46:31'),
(88, 18, 1, 1, 17, '2018-12-17 18:32:40', '2021-02-08 14:43:51'),
(89, 18, 2, 1, 17, '2018-12-17 18:32:40', '2021-02-08 14:43:51'),
(90, 19, 1, 1, 17, '2018-12-17 18:32:54', '2021-02-06 15:57:02'),
(91, 19, 2, 1, 17, '2018-12-17 18:32:54', '2021-02-06 15:57:02'),
(92, 20, 1, 1, 17, '2018-12-17 18:33:19', '2021-02-06 15:19:54'),
(93, 20, 2, 1, 17, '2018-12-17 18:33:19', '2021-02-06 15:19:54'),
(94, 21, 1, 1, 22, '2018-12-17 18:33:34', '2018-12-17 18:33:34'),
(95, 21, 2, 1, 22, '2018-12-17 18:33:34', '2018-12-17 18:33:34'),
(96, 22, 1, 1, 17, '2018-12-17 18:33:48', '2021-02-06 17:27:20'),
(97, 22, 2, 1, 17, '2018-12-17 18:33:48', '2021-02-06 17:27:20'),
(98, 23, 1, 1, 17, '2018-12-17 18:34:04', '2021-02-06 16:17:06'),
(99, 23, 2, 1, 17, '2018-12-17 18:34:04', '2021-02-06 16:17:06'),
(100, 24, 1, 1, 1, '2018-12-17 18:34:20', '2021-02-03 13:14:45'),
(101, 24, 2, 1, 1, '2018-12-17 18:34:20', '2021-02-03 13:14:45'),
(102, 25, 1, 1, 1, '2018-12-17 18:34:34', '2021-02-03 13:16:30'),
(103, 25, 2, 1, 1, '2018-12-17 18:34:34', '2021-02-03 13:16:30'),
(104, 26, 1, 1, 1, '2018-12-17 18:35:27', '2021-02-03 13:15:15'),
(105, 26, 2, 1, 1, '2018-12-17 18:35:27', '2021-02-03 13:15:15'),
(106, 27, 1, 1, 22, '2018-12-17 18:35:46', '2018-12-17 18:35:46'),
(107, 27, 2, 1, 22, '2018-12-17 18:35:46', '2018-12-17 18:35:46'),
(108, 28, 1, 1, 17, '2018-12-17 18:38:05', '2021-02-13 14:54:44'),
(109, 28, 2, 1, 17, '2018-12-17 18:38:05', '2021-02-13 14:54:44'),
(110, 29, 1, 1, 17, '2018-12-17 18:38:56', '2021-02-06 17:53:48'),
(111, 29, 2, 1, 17, '2018-12-17 18:38:56', '2021-02-06 17:53:48'),
(112, 30, 1, 1, 22, '2018-12-17 18:39:09', '2018-12-17 18:39:09'),
(113, 30, 2, 1, 22, '2018-12-17 18:39:09', '2018-12-17 18:39:09'),
(114, 31, 1, 1, 22, '2018-12-17 18:39:21', '2018-12-17 18:39:21'),
(115, 31, 2, 1, 22, '2018-12-17 18:39:21', '2018-12-17 18:39:21'),
(116, 32, 1, 1, 22, '2018-12-17 18:39:37', '2018-12-17 18:39:37'),
(117, 32, 2, 1, 22, '2018-12-17 18:39:37', '2018-12-17 18:39:37'),
(118, 33, 1, 1, 22, '2018-12-17 18:39:55', '2018-12-17 18:39:55'),
(119, 33, 2, 1, 22, '2018-12-17 18:39:55', '2018-12-17 18:39:55'),
(120, 34, 1, 1, 22, '2018-12-17 18:41:48', '2018-12-17 18:41:48'),
(121, 34, 2, 1, 22, '2018-12-17 18:41:48', '2018-12-17 18:41:48'),
(122, 35, 1, 1, 22, '2018-12-17 18:42:10', '2018-12-17 18:42:10'),
(123, 35, 2, 1, 22, '2018-12-17 18:42:10', '2018-12-17 18:42:10'),
(124, 36, 1, 1, 22, '2018-12-17 18:42:37', '2018-12-17 18:42:37'),
(125, 36, 2, 1, 22, '2018-12-17 18:42:37', '2018-12-17 18:42:37'),
(126, 37, 1, 1, 22, '2018-12-17 18:42:50', '2018-12-17 18:42:50'),
(127, 37, 2, 1, 22, '2018-12-17 18:42:50', '2018-12-17 18:42:50'),
(128, 38, 1, 1, 22, '2018-12-17 18:43:10', '2018-12-17 18:43:10'),
(129, 38, 2, 1, 22, '2018-12-17 18:43:10', '2018-12-17 18:43:10'),
(130, 39, 1, 1, 17, '2018-12-17 18:43:24', '2019-05-30 16:09:08'),
(131, 39, 2, 1, 17, '2018-12-17 18:43:24', '2019-05-30 16:09:08'),
(132, 40, 1, 1, 22, '2018-12-17 18:43:41', '2018-12-17 18:43:41'),
(133, 40, 2, 1, 22, '2018-12-17 18:43:41', '2018-12-17 18:43:41'),
(134, 41, 1, 1, 22, '2018-12-17 18:43:55', '2018-12-17 18:43:55'),
(135, 41, 2, 1, 22, '2018-12-17 18:43:55', '2018-12-17 18:43:55'),
(136, 42, 1, 1, 22, '2018-12-17 18:44:12', '2018-12-17 18:44:12'),
(137, 42, 2, 1, 22, '2018-12-17 18:44:12', '2018-12-17 18:44:12'),
(138, 43, 1, 1, 22, '2018-12-17 18:44:57', '2018-12-17 18:44:57'),
(139, 43, 2, 1, 22, '2018-12-17 18:44:57', '2018-12-17 18:44:57'),
(140, 44, 1, 1, 22, '2018-12-17 18:45:12', '2018-12-17 18:45:12'),
(141, 44, 2, 1, 22, '2018-12-17 18:45:12', '2018-12-17 18:45:12'),
(142, 45, 1, 1, 22, '2018-12-17 18:45:24', '2018-12-17 18:45:24'),
(143, 45, 2, 1, 22, '2018-12-17 18:45:24', '2018-12-17 18:45:24'),
(144, 46, 1, 1, 22, '2018-12-17 18:45:50', '2018-12-17 18:45:50'),
(145, 46, 2, 1, 22, '2018-12-17 18:45:50', '2018-12-17 18:45:50'),
(146, 47, 1, 1, 22, '2018-12-17 18:46:21', '2018-12-17 18:46:21'),
(147, 47, 2, 1, 22, '2018-12-17 18:46:21', '2018-12-17 18:46:21'),
(148, 48, 1, 1, 22, '2018-12-17 18:48:19', '2018-12-17 18:48:19'),
(149, 48, 2, 1, 22, '2018-12-17 18:48:19', '2018-12-17 18:48:19'),
(150, 49, 1, 1, 17, '2018-12-17 18:48:30', '2020-03-10 16:24:32'),
(151, 49, 2, 1, 17, '2018-12-17 18:48:30', '2020-03-10 16:24:32'),
(152, 50, 1, 1, 17, '2018-12-17 18:48:41', '2020-03-10 16:30:22'),
(153, 50, 2, 1, 17, '2018-12-17 18:48:41', '2020-03-10 16:30:22'),
(154, 51, 1, 1, 22, '2018-12-17 18:48:53', '2018-12-17 18:48:53'),
(155, 51, 2, 1, 22, '2018-12-17 18:48:53', '2018-12-17 18:48:53'),
(156, 52, 1, 1, 17, '2018-12-17 18:49:02', '2020-03-11 19:10:12'),
(157, 52, 2, 1, 17, '2018-12-17 18:49:02', '2020-03-11 19:10:12'),
(158, 53, 1, 1, 22, '2018-12-17 18:49:14', '2018-12-17 18:49:14'),
(159, 53, 2, 1, 22, '2018-12-17 18:49:14', '2018-12-17 18:49:14'),
(160, 54, 1, 1, 22, '2018-12-17 18:49:26', '2018-12-17 18:49:26'),
(161, 54, 2, 1, 22, '2018-12-17 18:49:26', '2018-12-17 18:49:26'),
(162, 55, 1, 1, 22, '2018-12-17 18:49:35', '2018-12-17 18:49:35'),
(163, 55, 2, 1, 22, '2018-12-17 18:49:35', '2018-12-17 18:49:35'),
(164, 56, 1, 1, 17, '2018-12-17 18:49:52', '2020-03-12 19:08:11'),
(165, 56, 2, 1, 17, '2018-12-17 18:49:52', '2020-03-12 19:08:11'),
(166, 57, 1, 1, 17, '2018-12-17 18:50:22', '2020-03-12 19:15:10'),
(167, 57, 2, 1, 17, '2018-12-17 18:50:22', '2020-03-12 19:15:10'),
(168, 58, 1, 1, 22, '2018-12-17 18:50:33', '2018-12-17 18:50:33'),
(169, 58, 2, 1, 22, '2018-12-17 18:50:33', '2018-12-17 18:50:33'),
(170, 59, 1, 1, 17, '2018-12-17 18:50:47', '2020-03-12 19:19:47'),
(171, 59, 2, 1, 17, '2018-12-17 18:50:47', '2020-03-12 19:19:47'),
(172, 60, 1, 1, 17, '2018-12-17 18:51:01', '2020-03-12 19:25:13'),
(173, 60, 2, 1, 17, '2018-12-17 18:51:01', '2020-03-12 19:25:13'),
(174, 61, 1, 1, 22, '2018-12-17 18:51:19', '2018-12-17 18:51:19'),
(175, 61, 2, 1, 22, '2018-12-17 18:51:19', '2018-12-17 18:51:19'),
(176, 62, 1, 1, 17, '2018-12-17 18:51:33', '2020-03-13 17:43:31'),
(177, 62, 2, 1, 17, '2018-12-17 18:51:33', '2020-03-13 17:43:31'),
(178, 63, 1, 1, 22, '2018-12-17 18:52:14', '2018-12-17 18:52:14'),
(179, 63, 2, 1, 22, '2018-12-17 18:52:14', '2018-12-17 18:52:14'),
(180, 64, 1, 1, 22, '2018-12-17 18:52:27', '2018-12-17 18:52:27'),
(181, 64, 2, 1, 22, '2018-12-17 18:52:27', '2018-12-17 18:52:27'),
(182, 65, 1, 1, 22, '2018-12-17 18:52:40', '2018-12-17 18:52:40'),
(183, 65, 2, 1, 22, '2018-12-17 18:52:40', '2018-12-17 18:52:40'),
(184, 66, 1, 1, 22, '2018-12-17 18:52:52', '2018-12-17 18:52:52'),
(185, 66, 2, 1, 22, '2018-12-17 18:52:52', '2018-12-17 18:52:52'),
(186, 67, 1, 1, 16, '2018-12-17 18:53:03', '2019-04-12 10:40:15'),
(187, 67, 2, 1, 16, '2018-12-17 18:53:03', '2019-04-12 10:40:15'),
(188, 68, 1, 1, 22, '2018-12-17 18:53:47', '2018-12-17 18:53:47'),
(189, 68, 2, 1, 22, '2018-12-17 18:53:47', '2018-12-17 18:53:47'),
(190, 69, 1, 1, 22, '2018-12-17 18:53:59', '2018-12-17 18:53:59'),
(191, 69, 2, 1, 22, '2018-12-17 18:53:59', '2018-12-17 18:53:59'),
(192, 70, 1, 1, 22, '2018-12-17 18:54:48', '2018-12-17 18:54:48'),
(193, 70, 2, 1, 22, '2018-12-17 18:54:48', '2018-12-17 18:54:48'),
(194, 71, 1, 1, 22, '2018-12-17 18:55:00', '2018-12-17 18:55:00'),
(195, 71, 2, 1, 22, '2018-12-17 18:55:00', '2018-12-17 18:55:00'),
(196, 72, 1, 1, 22, '2018-12-17 18:55:11', '2018-12-17 18:55:11'),
(197, 72, 2, 1, 22, '2018-12-17 18:55:11', '2018-12-17 18:55:11'),
(198, 73, 1, 1, 22, '2018-12-17 18:55:24', '2018-12-17 18:55:24'),
(199, 73, 2, 1, 22, '2018-12-17 18:55:24', '2018-12-17 18:55:24'),
(200, 74, 1, 1, 22, '2018-12-17 18:55:34', '2018-12-17 18:55:34'),
(201, 74, 2, 1, 22, '2018-12-17 18:55:34', '2018-12-17 18:55:34'),
(202, 75, 1, 1, 22, '2018-12-17 18:55:49', '2018-12-17 18:55:49'),
(203, 75, 2, 1, 22, '2018-12-17 18:55:49', '2018-12-17 18:55:49'),
(204, 76, 1, 1, 1, '2018-12-17 18:56:03', '2019-02-01 18:28:34'),
(205, 76, 2, 1, 1, '2018-12-17 18:56:03', '2019-02-01 18:28:34'),
(206, 77, 1, 1, 22, '2018-12-17 18:56:16', '2018-12-17 18:56:16'),
(207, 77, 2, 1, 22, '2018-12-17 18:56:16', '2018-12-17 18:56:16'),
(208, 78, 1, 1, 22, '2018-12-17 18:56:27', '2018-12-17 18:56:52'),
(209, 78, 2, 1, 22, '2018-12-17 18:56:27', '2018-12-17 18:56:52'),
(210, 79, 1, 1, 22, '2018-12-17 18:57:19', '2018-12-17 18:57:19'),
(211, 79, 2, 1, 22, '2018-12-17 18:57:19', '2018-12-17 18:57:19'),
(212, 80, 1, 1, 22, '2018-12-17 18:57:37', '2018-12-17 18:57:37'),
(213, 80, 2, 1, 22, '2018-12-17 18:57:37', '2018-12-17 18:57:37'),
(214, 81, 1, 1, 22, '2018-12-17 18:57:48', '2018-12-17 18:57:48'),
(215, 81, 2, 1, 22, '2018-12-17 18:57:48', '2018-12-17 18:57:48'),
(216, 82, 1, 1, 22, '2018-12-17 18:58:09', '2018-12-17 18:58:09'),
(217, 82, 2, 1, 22, '2018-12-17 18:58:09', '2018-12-17 18:58:09'),
(218, 83, 1, 1, 22, '2018-12-17 19:18:45', '2018-12-17 19:18:45'),
(219, 83, 2, 1, 22, '2018-12-17 19:18:45', '2018-12-17 19:18:45'),
(220, 84, 1, 1, 22, '2018-12-17 19:19:05', '2018-12-17 19:19:05'),
(221, 84, 2, 1, 22, '2018-12-17 19:19:05', '2018-12-17 19:19:05'),
(222, 86, 1, 1, 16, '2018-12-18 10:39:33', '2018-12-18 11:02:10'),
(223, 86, 2, 1, 16, '2018-12-18 10:39:33', '2018-12-18 11:02:10'),
(224, 88, 1, 1, 16, '2018-12-18 11:05:50', '2018-12-18 11:05:50'),
(225, 88, 2, 1, 16, '2018-12-18 11:05:50', '2018-12-18 11:05:50'),
(226, 100, 1, 1, 16, '2018-12-31 16:02:52', '2018-12-31 16:02:52'),
(227, 100, 2, 1, 16, '2018-12-31 16:02:52', '2018-12-31 16:02:52'),
(228, 100, 10, 1, 16, '2018-12-31 16:02:52', '2018-12-31 16:02:52'),
(229, 101, 1, 1, 16, '2018-12-31 16:04:19', '2018-12-31 16:04:19'),
(230, 101, 2, 1, 16, '2018-12-31 16:04:19', '2018-12-31 16:04:19'),
(231, 101, 10, 1, 16, '2018-12-31 16:04:19', '2018-12-31 16:04:19'),
(232, 102, 1, 1, 16, '2018-12-31 16:07:33', '2018-12-31 16:07:33'),
(233, 102, 2, 1, 16, '2018-12-31 16:07:33', '2018-12-31 16:07:33'),
(234, 102, 10, 1, 16, '2018-12-31 16:07:33', '2018-12-31 16:07:33'),
(235, 103, 1, 1, 16, '2018-12-31 16:10:23', '2018-12-31 16:10:23'),
(236, 103, 2, 1, 16, '2018-12-31 16:10:23', '2018-12-31 16:10:23'),
(237, 103, 10, 1, 16, '2018-12-31 16:10:23', '2018-12-31 16:10:23'),
(238, 104, 1, 1, 1, '2019-01-18 16:49:36', '2019-01-18 16:49:36'),
(239, 104, 2, 1, 1, '2019-01-18 16:49:36', '2019-01-18 16:49:36'),
(240, 104, 10, 1, 1, '2019-01-18 16:49:36', '2019-01-18 16:49:36'),
(241, 113, 1, 1, 1, '2019-02-01 18:29:25', '2019-02-01 18:29:25'),
(242, 113, 2, 1, 1, '2019-02-01 18:29:25', '2019-02-01 18:29:25'),
(243, 113, 10, 1, 1, '2019-02-01 18:29:25', '2019-02-01 18:29:25'),
(244, 133, 1, 1, 16, '2019-04-08 10:24:27', '2019-04-08 10:25:09'),
(245, 133, 2, 1, 16, '2019-04-08 10:24:27', '2019-04-08 10:25:09'),
(246, 115, 1, 1, 1, '2019-05-07 17:54:29', '2019-05-07 17:54:29'),
(247, 115, 2, 1, 1, '2019-05-07 17:54:29', '2019-05-07 17:54:29'),
(248, 116, 1, 1, 1, '2019-05-07 17:54:40', '2019-05-07 17:54:40'),
(249, 116, 2, 1, 1, '2019-05-07 17:54:40', '2019-05-07 17:54:40'),
(250, 117, 1, 1, 1, '2019-05-07 17:54:47', '2019-05-07 17:54:47'),
(251, 117, 2, 1, 1, '2019-05-07 17:54:47', '2019-05-07 17:54:47'),
(252, 120, 1, 1, 1, '2019-05-07 17:55:02', '2019-05-07 17:55:02'),
(253, 120, 2, 1, 1, '2019-05-07 17:55:02', '2019-05-07 17:55:02'),
(254, 114, 1, 1, 1, '2019-05-07 17:55:13', '2019-05-07 17:55:13'),
(255, 114, 2, 1, 1, '2019-05-07 17:55:13', '2019-05-07 17:55:13'),
(256, 124, 1, 1, 1, '2019-05-07 17:55:27', '2019-05-07 17:55:27'),
(257, 124, 2, 1, 1, '2019-05-07 17:55:27', '2019-05-07 17:55:27'),
(258, 112, 1, 1, 17, '2019-05-21 17:13:35', '2019-05-21 17:13:35'),
(259, 112, 2, 1, 17, '2019-05-21 17:13:35', '2019-05-21 17:13:35'),
(260, 135, 1, 1, 17, '2019-05-21 18:31:00', '2019-05-21 18:31:00'),
(261, 135, 2, 1, 17, '2019-05-21 18:31:00', '2019-05-21 18:31:00'),
(262, 137, 1, 1, 26, '2020-03-04 15:58:38', '2020-03-04 15:58:38'),
(263, 137, 2, 1, 26, '2020-03-04 15:58:38', '2020-03-04 15:58:38'),
(264, 139, 1, 1, 17, '2020-03-10 17:57:52', '2020-03-10 17:59:12'),
(265, 139, 2, 1, 17, '2020-03-10 17:57:52', '2020-03-10 17:59:12'),
(266, 140, 1, 1, 17, '2020-03-11 19:19:22', '2020-03-11 19:19:35'),
(267, 140, 2, 1, 17, '2020-03-11 19:19:22', '2020-03-11 19:19:35'),
(268, 141, 1, 1, 17, '2020-03-11 19:20:30', '2020-03-11 19:20:58'),
(269, 141, 2, 1, 17, '2020-03-11 19:20:30', '2020-03-11 19:20:58'),
(270, 142, 1, 1, 17, '2020-03-11 19:22:02', '2020-03-11 19:27:16'),
(271, 142, 2, 1, 17, '2020-03-11 19:22:02', '2020-03-11 19:27:16'),
(272, 143, 1, 1, 17, '2020-03-11 19:26:25', '2020-03-11 19:26:25'),
(273, 143, 2, 1, 17, '2020-03-11 19:26:25', '2020-03-11 19:26:25'),
(274, 144, 1, 1, 17, '2020-03-11 19:28:15', '2020-03-11 19:28:26'),
(275, 144, 2, 1, 17, '2020-03-11 19:28:15', '2020-03-11 19:28:26'),
(276, 145, 1, 1, 17, '2020-03-11 19:29:22', '2020-03-11 19:29:31'),
(277, 145, 2, 1, 17, '2020-03-11 19:29:22', '2020-03-11 19:29:31'),
(278, 146, 1, 1, 17, '2020-03-11 19:30:43', '2020-03-11 19:30:53'),
(279, 146, 2, 1, 17, '2020-03-11 19:30:43', '2020-03-11 19:30:53'),
(280, 147, 1, 1, 17, '2020-03-11 19:31:39', '2020-03-11 19:31:50'),
(281, 147, 2, 1, 17, '2020-03-11 19:31:39', '2020-03-11 19:31:50'),
(282, 148, 1, 1, 17, '2020-03-11 19:32:39', '2020-03-11 19:32:49'),
(283, 148, 2, 1, 17, '2020-03-11 19:32:39', '2020-03-11 19:32:49'),
(284, 149, 1, 1, 17, '2020-03-11 19:33:30', '2020-03-11 19:33:40'),
(285, 149, 2, 1, 17, '2020-03-11 19:33:30', '2020-03-11 19:33:40'),
(286, 150, 1, 1, 17, '2020-03-12 09:47:29', '2020-03-12 09:48:10'),
(287, 150, 2, 1, 17, '2020-03-12 09:47:29', '2020-03-12 09:48:10'),
(288, 151, 1, 1, 17, '2020-03-12 09:48:59', '2020-03-12 09:49:11'),
(289, 151, 2, 1, 17, '2020-03-12 09:48:59', '2020-03-12 09:49:11'),
(290, 152, 1, 1, 17, '2020-03-12 09:49:54', '2020-03-12 09:50:05'),
(291, 152, 2, 1, 17, '2020-03-12 09:49:54', '2020-03-12 09:50:05'),
(292, 153, 1, 1, 17, '2020-03-12 09:52:22', '2020-03-12 09:52:32'),
(293, 153, 2, 1, 17, '2020-03-12 09:52:22', '2020-03-12 09:52:32'),
(294, 154, 1, 1, 17, '2020-03-12 09:53:58', '2020-03-12 09:54:10'),
(295, 154, 2, 1, 17, '2020-03-12 09:53:58', '2020-03-12 09:54:10'),
(296, 155, 1, 1, 17, '2020-03-12 10:02:11', '2020-03-12 10:02:22'),
(297, 155, 2, 1, 17, '2020-03-12 10:02:11', '2020-03-12 10:02:22'),
(298, 156, 1, 1, 17, '2020-03-12 10:03:44', '2020-03-12 10:04:06'),
(299, 156, 2, 1, 17, '2020-03-12 10:03:44', '2020-03-12 10:04:06'),
(300, 157, 1, 1, 17, '2020-03-12 10:06:00', '2020-03-12 10:06:10'),
(301, 157, 2, 1, 17, '2020-03-12 10:06:00', '2020-03-12 10:06:10'),
(302, 158, 1, 1, 17, '2020-03-12 10:07:16', '2020-03-12 10:07:30'),
(303, 158, 2, 1, 17, '2020-03-12 10:07:16', '2020-03-12 10:07:30'),
(304, 159, 1, 1, 17, '2020-03-12 10:13:16', '2020-03-12 10:13:41'),
(305, 159, 2, 1, 17, '2020-03-12 10:13:16', '2020-03-12 10:13:41'),
(306, 160, 1, 1, 17, '2020-03-12 10:14:48', '2020-03-12 10:14:59'),
(307, 160, 2, 1, 17, '2020-03-12 10:14:48', '2020-03-12 10:14:59'),
(308, 161, 1, 1, 17, '2020-03-12 10:15:49', '2020-03-12 10:16:16'),
(309, 161, 2, 1, 17, '2020-03-12 10:15:49', '2020-03-12 10:16:16'),
(310, 162, 1, 1, 17, '2020-03-12 10:19:04', '2020-03-12 10:19:15'),
(311, 162, 2, 1, 17, '2020-03-12 10:19:04', '2020-03-12 10:19:15'),
(312, 163, 1, 1, 17, '2020-03-12 10:20:44', '2020-03-12 10:21:01'),
(313, 163, 2, 1, 17, '2020-03-12 10:20:44', '2020-03-12 10:21:01'),
(314, 164, 1, 1, 17, '2020-03-12 10:22:05', '2020-03-12 10:22:16'),
(315, 164, 2, 1, 17, '2020-03-12 10:22:05', '2020-03-12 10:22:16'),
(316, 165, 1, 1, 17, '2020-03-12 19:06:04', '2020-03-12 19:06:17'),
(317, 165, 2, 1, 17, '2020-03-12 19:06:04', '2020-03-12 19:06:17'),
(318, 166, 1, 1, 17, '2020-03-12 19:16:47', '2020-03-12 19:16:56'),
(319, 166, 2, 1, 17, '2020-03-12 19:16:47', '2020-03-12 19:16:56'),
(320, 167, 1, 1, 17, '2020-03-12 19:19:02', '2020-03-12 19:19:02'),
(321, 167, 2, 1, 17, '2020-03-12 19:19:02', '2020-03-12 19:19:02'),
(322, 168, 1, 1, 17, '2020-03-12 19:22:50', '2020-03-12 19:23:01'),
(323, 168, 2, 1, 17, '2020-03-12 19:22:50', '2020-03-12 19:23:01'),
(324, 169, 1, 1, 17, '2020-03-13 09:59:48', '2020-03-13 10:00:02'),
(325, 169, 2, 1, 17, '2020-03-13 09:59:48', '2020-03-13 10:00:02'),
(326, 170, 1, 1, 17, '2020-03-13 10:01:04', '2020-03-13 10:01:35'),
(327, 170, 2, 1, 17, '2020-03-13 10:01:04', '2020-03-13 10:01:35'),
(328, 171, 1, 1, 17, '2020-03-13 10:04:01', '2020-03-13 10:04:21'),
(329, 171, 2, 1, 17, '2020-03-13 10:04:01', '2020-03-13 10:04:21'),
(330, 172, 1, 1, 17, '2020-03-13 10:05:36', '2020-03-13 10:05:56'),
(331, 172, 2, 1, 17, '2020-03-13 10:05:36', '2020-03-13 10:05:56'),
(332, 173, 1, 1, 17, '2020-03-13 18:04:34', '2020-03-13 18:04:34'),
(333, 173, 2, 1, 17, '2020-03-13 18:04:34', '2020-03-13 18:04:34'),
(334, 174, 1, 1, 17, '2020-03-17 16:28:09', '2020-03-17 16:28:20'),
(335, 174, 2, 1, 17, '2020-03-17 16:28:09', '2020-03-17 16:28:20'),
(336, 175, 1, 1, 17, '2020-03-17 16:29:00', '2020-03-17 16:29:11'),
(337, 175, 2, 1, 17, '2020-03-17 16:29:00', '2020-03-17 16:29:11'),
(338, 176, 1, 1, 17, '2020-03-17 16:31:56', '2020-03-17 16:32:09'),
(339, 176, 2, 1, 17, '2020-03-17 16:31:56', '2020-03-17 16:32:09'),
(340, 177, 1, 1, 17, '2020-03-17 16:32:46', '2020-03-17 16:32:57'),
(341, 177, 2, 1, 17, '2020-03-17 16:32:46', '2020-03-17 16:32:57'),
(342, 178, 1, 1, 17, '2020-03-17 16:33:32', '2020-03-17 16:33:49'),
(343, 178, 2, 1, 17, '2020-03-17 16:33:32', '2020-03-17 16:33:49'),
(344, 179, 1, 1, 17, '2020-03-17 16:34:19', '2020-03-17 16:35:44'),
(345, 179, 2, 1, 17, '2020-03-17 16:34:19', '2020-03-17 16:35:44'),
(346, 180, 1, 1, 17, '2020-03-17 16:35:31', '2020-03-17 16:35:31'),
(347, 180, 2, 1, 17, '2020-03-17 16:35:31', '2020-03-17 16:35:31'),
(348, 181, 1, 1, 17, '2020-03-17 16:37:30', '2020-03-17 16:37:53'),
(349, 181, 2, 1, 17, '2020-03-17 16:37:30', '2020-03-17 16:37:53'),
(350, 182, 1, 1, 17, '2020-03-17 16:38:47', '2020-03-17 16:39:01'),
(351, 182, 2, 1, 17, '2020-03-17 16:38:47', '2020-03-17 16:39:01'),
(352, 183, 1, 1, 17, '2020-03-17 16:39:37', '2020-03-17 16:40:02'),
(353, 183, 2, 1, 17, '2020-03-17 16:39:37', '2020-03-17 16:40:02'),
(354, 184, 1, 1, 17, '2020-03-17 16:40:41', '2020-03-17 16:40:56'),
(355, 184, 2, 1, 17, '2020-03-17 16:40:41', '2020-03-17 16:40:56'),
(356, 185, 1, 1, 17, '2020-03-17 16:42:23', '2020-03-17 16:42:38'),
(357, 185, 2, 1, 17, '2020-03-17 16:42:23', '2020-03-17 16:42:38'),
(358, 186, 1, 1, 17, '2020-03-17 16:43:17', '2020-03-17 16:43:29'),
(359, 186, 2, 1, 17, '2020-03-17 16:43:17', '2020-03-17 16:43:29'),
(360, 187, 1, 1, 17, '2020-03-17 16:44:05', '2020-03-17 16:44:42'),
(361, 187, 2, 1, 17, '2020-03-17 16:44:05', '2020-03-17 16:44:42'),
(362, 188, 1, 1, 17, '2020-03-17 16:45:49', '2020-03-17 16:46:01'),
(363, 188, 2, 1, 17, '2020-03-17 16:45:49', '2020-03-17 16:46:01'),
(364, 189, 1, 1, 17, '2020-03-17 16:46:53', '2020-03-17 16:47:15'),
(365, 189, 2, 1, 17, '2020-03-17 16:46:53', '2020-03-17 16:47:15'),
(366, 190, 1, 1, 17, '2020-03-17 16:48:23', '2020-03-17 16:48:40'),
(367, 190, 2, 1, 17, '2020-03-17 16:48:23', '2020-03-17 16:48:40'),
(368, 191, 1, 1, 17, '2020-03-17 16:49:14', '2020-03-17 16:49:27'),
(369, 191, 2, 1, 17, '2020-03-17 16:49:14', '2020-03-17 16:49:27'),
(370, 192, 1, 1, 17, '2020-03-17 16:52:12', '2020-03-17 16:52:24'),
(371, 192, 2, 1, 17, '2020-03-17 16:52:12', '2020-03-17 16:52:24'),
(372, 193, 1, 1, 17, '2020-03-17 16:53:26', '2020-03-17 16:53:38'),
(373, 193, 2, 1, 17, '2020-03-17 16:53:26', '2020-03-17 16:53:38'),
(374, 194, 1, 1, 17, '2020-03-17 16:54:18', '2020-03-17 16:54:37'),
(375, 194, 2, 1, 17, '2020-03-17 16:54:18', '2020-03-17 16:54:37'),
(376, 195, 1, 1, 17, '2020-03-17 16:55:09', '2020-03-17 16:55:21'),
(377, 195, 2, 1, 17, '2020-03-17 16:55:09', '2020-03-17 16:55:21'),
(378, 196, 1, 1, 17, '2020-03-17 16:55:50', '2020-03-17 16:56:03'),
(379, 196, 2, 1, 17, '2020-03-17 16:55:50', '2020-03-17 16:56:03'),
(380, 197, 1, 1, 17, '2020-03-17 16:56:32', '2020-03-17 16:56:53'),
(381, 197, 2, 1, 17, '2020-03-17 16:56:32', '2020-03-17 16:56:53'),
(382, 198, 1, 1, 17, '2020-03-17 16:57:48', '2020-03-17 16:57:59'),
(383, 198, 2, 1, 17, '2020-03-17 16:57:48', '2020-03-17 16:57:59'),
(384, 199, 1, 1, 17, '2020-03-17 16:58:36', '2020-03-17 16:58:50'),
(385, 199, 2, 1, 17, '2020-03-17 16:58:36', '2020-03-17 16:58:50'),
(386, 200, 1, 1, 17, '2020-03-17 17:00:30', '2020-03-17 17:00:41'),
(387, 200, 2, 1, 17, '2020-03-17 17:00:30', '2020-03-17 17:00:41'),
(388, 201, 1, 1, 17, '2020-03-17 17:01:17', '2020-03-17 17:01:17'),
(389, 201, 2, 1, 17, '2020-03-17 17:01:17', '2020-03-17 17:01:17'),
(390, 202, 1, 1, 17, '2020-03-17 17:07:23', '2020-03-17 17:07:38'),
(391, 202, 2, 1, 17, '2020-03-17 17:07:23', '2020-03-17 17:07:38'),
(392, 203, 1, 1, 1, '2020-03-20 18:19:43', '2020-03-20 18:19:59'),
(393, 203, 2, 1, 1, '2020-03-20 18:19:43', '2020-03-20 18:19:59');

-- --------------------------------------------------------

--
-- Table structure for table `kr_category_mobimage`
--

CREATE TABLE `kr_category_mobimage` (
  `cat_mobimgid` int(11) NOT NULL,
  `categoryID` int(11) NOT NULL,
  `mobimage` varchar(255) NOT NULL,
  `ordering` int(11) NOT NULL,
  `IsActive` tinyint(1) NOT NULL,
  `createddate` datetime NOT NULL,
  `modifieddate` datetime NOT NULL
) ENGINE=InnoDB DEFAULT CHARSET=latin1;

--
-- Dumping data for table `kr_category_mobimage`
--

INSERT INTO `kr_category_mobimage` (`cat_mobimgid`, `categoryID`, `mobimage`, `ordering`, `IsActive`, `createddate`, `modifieddate`) VALUES
(2, 36, '36_0_1609245465.png', 1, 1, '2020-12-29 18:07:45', '2020-12-29 18:07:45'),
(3, 1, '1 _0_1609322651.jpg', 1, 1, '2020-12-30 15:34:11', '2020-12-30 15:34:11'),
(4, 2, '2 _0_1609324840.jpg', 1, 1, '2020-12-30 16:10:40', '2020-12-30 16:10:40'),
(5, 30, '30 _0_1610110556.jpg', 1, 1, '2021-01-08 18:25:56', '2021-01-08 18:25:56'),
(6, 5, '5 _0_1610110567.jpg', 1, 1, '2021-01-08 18:26:07', '2021-01-08 18:26:07'),
(9, 7, '7 _0_1610794301.jpg', 1, 1, '2021-01-16 16:21:41', '2021-01-16 16:21:41'),
(10, 14, '14 _0_1610966464.jpg', 1, 1, '2021-01-18 16:11:04', '2021-01-18 16:11:04'),
(11, 2, '2 _0_1610966632.jpg', 1, 1, '2021-01-18 16:13:52', '2021-01-18 16:13:52'),
(12, 5, '5 _0_1610966831.jpg', 1, 1, '2021-01-18 16:17:11', '2021-01-18 16:17:11'),
(13, 6, '6 _0_1610967055.jpg', 1, 1, '2021-01-18 16:20:55', '2021-01-18 16:20:55'),
(15, 13, '13 _0_1610967411.jpg', 1, 1, '2021-01-18 16:26:51', '2021-01-18 16:26:51'),
(16, 25, '25 _0_1610967568.jpg', 1, 1, '2021-01-18 16:29:28', '2021-01-18 16:29:28'),
(17, 24, '24 _0_1610967689.jpg', 1, 1, '2021-01-18 16:31:29', '2021-01-18 16:31:29'),
(18, 26, '26 _0_1610967855.jpg', 1, 1, '2021-01-18 16:34:15', '2021-01-18 16:34:15'),
(19, 3, '3 _0_1610968303.jpg', 1, 1, '2021-01-18 16:41:43', '2021-01-18 16:41:43'),
(20, 2, '2 _0_1610968407.jpg', 1, 1, '2021-01-18 16:43:27', '2021-01-18 16:43:27'),
(21, 8, '8 _0_1611823255.jpg', 1, 1, '2021-01-28 14:10:55', '2021-01-28 14:10:55'),
(23, 20, '20 _0_1612604994.jpg', 1, 1, '2021-02-06 15:19:54', '2021-02-06 15:19:54'),
(24, 11, '11 _0_1612605244.jpg', 1, 1, '2021-02-06 15:24:04', '2021-02-06 15:24:04'),
(25, 12, '12 _0_1612605373.jpg', 1, 1, '2021-02-06 15:26:13', '2021-02-06 15:26:13'),
(27, 9, '9 _0_1612607075.jpg', 1, 1, '2021-02-06 15:54:35', '2021-02-06 15:54:35'),
(28, 10, '10 _0_1612607115.jpg', 1, 1, '2021-02-06 15:55:15', '2021-02-06 15:55:15'),
(29, 19, '19 _0_1612607222.jpg', 1, 1, '2021-02-06 15:57:02', '2021-02-06 15:57:02'),
(30, 15, '15 _0_1612607999.jpg', 1, 1, '2021-02-06 16:09:59', '2021-02-06 16:09:59'),
(31, 23, '23 _0_1612608426.jpg', 1, 1, '2021-02-06 16:17:06', '2021-02-06 16:17:06'),
(33, 22, '22 _0_1612612294.jpg', 1, 1, '2021-02-06 17:21:34', '2021-02-06 17:21:34'),
(34, 16, '16 _0_1612612361.jpg', 1, 1, '2021-02-06 17:22:41', '2021-02-06 17:22:41'),
(35, 17, '17 _0_1612613791.jpg', 1, 1, '2021-02-06 17:46:31', '2021-02-06 17:46:31'),
(36, 29, '29 _0_1612614228.jpg', 1, 1, '2021-02-06 17:53:48', '2021-02-06 17:53:48'),
(39, 18, '18 _0_1612775632.jpg', 1, 1, '2021-02-08 14:43:52', '2021-02-08 14:43:52'),
(40, 28, '28 _0_1613208284.jpg', 1, 1, '2021-02-13 14:54:44', '2021-02-13 14:54:44');

-- --------------------------------------------------------

--
-- Table structure for table `kr_ccav_transaction`
--

CREATE TABLE `kr_ccav_transaction` (
  `Id` int(11) NOT NULL,
  `tracking_id` varchar(100) NOT NULL,
  `order_id` int(11) NOT NULL,
  `data` text NOT NULL,
  `CustomerId` int(11) NOT NULL,
  `order_status` varchar(100) NOT NULL,
  `payment_mode` varchar(100) DEFAULT NULL,
  `bank_ref_no` varchar(100) DEFAULT NULL,
  `CreatedDate` datetime NOT NULL,
  `ModifiedDate` datetime NOT NULL
) ENGINE=InnoDB DEFAULT CHARSET=latin1;

--
-- Dumping data for table `kr_ccav_transaction`
--

INSERT INTO `kr_ccav_transaction` (`Id`, `tracking_id`, `order_id`, `data`, `CustomerId`, `order_status`, `payment_mode`, `bank_ref_no`, `CreatedDate`, `ModifiedDate`) VALUES
(1, '308004996906', 140, 'order_id=140&tracking_id=308004996906&bank_ref_no=1555485169994&order_status=Success&failure_message=&payment_mode=Net Banking&card_name=AvenuesTest&status_code=null&status_message=Y&currency=INR&amount=6786.00&billing_name=Aranga samy&billing_address=villivakkam&billing_city=virudhachallam&billing_state=Tamil Nadu&billing_zip=600013&billing_country=India&billing_tel=995526652&billing_email=samy@gmail.com&delivery_name=Aranga samy&delivery_address=villivakkam&delivery_city=virudhachallam&delivery_state=Tamil Nadu&delivery_zip=600013&delivery_country=India&delivery_tel=995526652&merchant_param1=&merchant_param2=&merchant_param3=&merchant_param4=&merchant_param5=&vault=N&offer_type=null&offer_code=null&discount_value=0.0&mer_amount=6786.00&eci_value=null&retry=N&response_code=0&billing_notes=&trans_date=17/04/2019 12:43:16&bin_country', 0, 'Success', 'Net Banking', NULL, '0000-00-00 00:00:00', '0000-00-00 00:00:00'),
(2, '308004996906', 140, 'order_id=140&tracking_id=308004996906&bank_ref_no=1555485169994&order_status=Success&failure_message=&payment_mode=Net Banking&card_name=AvenuesTest&status_code=null&status_message=Y&currency=INR&amount=6786.00&billing_name=Aranga samy&billing_address=villivakkam&billing_city=virudhachallam&billing_state=Tamil Nadu&billing_zip=600013&billing_country=India&billing_tel=995526652&billing_email=samy@gmail.com&delivery_name=Aranga samy&delivery_address=villivakkam&delivery_city=virudhachallam&delivery_state=Tamil Nadu&delivery_zip=600013&delivery_country=India&delivery_tel=995526652&merchant_param1=&merchant_param2=&merchant_param3=&merchant_param4=&merchant_param5=&vault=N&offer_type=null&offer_code=null&discount_value=0.0&mer_amount=6786.00&eci_value=null&retry=N&response_code=0&billing_notes=&trans_date=17/04/2019 12:43:16&bin_country', 1, 'Success', 'Net Banking', NULL, '0000-00-00 00:00:00', '0000-00-00 00:00:00'),
(3, '308004996906', 140, 'order_id=140&tracking_id=308004996906&bank_ref_no=1555485169994&order_status=Success&failure_message=&payment_mode=Net Banking&card_name=AvenuesTest&status_code=null&status_message=Y&currency=INR&amount=6786.00&billing_name=Aranga samy&billing_address=villivakkam&billing_city=virudhachallam&billing_state=Tamil Nadu&billing_zip=600013&billing_country=India&billing_tel=995526652&billing_email=samy@gmail.com&delivery_name=Aranga samy&delivery_address=villivakkam&delivery_city=virudhachallam&delivery_state=Tamil Nadu&delivery_zip=600013&delivery_country=India&delivery_tel=995526652&merchant_param1=&merchant_param2=&merchant_param3=&merchant_param4=&merchant_param5=&vault=N&offer_type=null&offer_code=null&discount_value=0.0&mer_amount=6786.00&eci_value=null&retry=N&response_code=0&billing_notes=&trans_date=17/04/2019 12:43:16&bin_country', 1, 'Success', 'Net Banking', NULL, '2019-04-17 19:23:18', '2019-04-17 19:23:18'),
(4, '308004998834', 150, 'order_id=150&tracking_id=308004998834&bank_ref_no=1555509403842&order_status=Success&failure_message=&payment_mode=Net Banking&card_name=AvenuesTest&status_code=null&status_message=Y&currency=INR&amount=5499.00&billing_name=Ayyanar Ayan&billing_address=No.89, Pillayaedr Kovil St&billing_city=Chennai&billing_state=Tamil Nadu&billing_zip=600040&billing_country=India&billing_tel=8899556622&billing_email=ayan@pix.in&delivery_name=Ayyanar Ayan&delivery_address=No.89, Pillayaedr Kovil St&delivery_city=Chennai&delivery_state=Tamil Nadu&delivery_zip=600040&delivery_country=India&delivery_tel=8899556622&merchant_param1=&merchant_param2=&merchant_param3=&merchant_param4=&merchant_param5=&vault=N&offer_type=null&offer_code=null&discount_value=0.0&mer_amount=5499.00&eci_value=null&retry=N&response_code=0&billing_notes=&trans_date=17/04/2019 19:27:10&bin_country=', 1, 'Success', 'Net Banking', NULL, '2019-04-17 19:26:46', '2019-04-17 19:26:46'),
(5, '308004998848', 151, 'order_id=151&tracking_id=308004998848&bank_ref_no=1555509796993&order_status=Failure&failure_message=&payment_mode=Net Banking&card_name=AvenuesTest&status_code=null&status_message=N&currency=INR&amount=7020.00&billing_name=Ayyanar Ayan&billing_address=No.89, Pillayaedr Kovil St&billing_city=Chennai&billing_state=Tamil Nadu&billing_zip=600040&billing_country=India&billing_tel=8899556622&billing_email=ayan@pix.in&delivery_name=Ayyanar Ayan&delivery_address=No.89, Pillayaedr Kovil St&delivery_city=Chennai&delivery_state=Tamil Nadu&delivery_zip=600040&delivery_country=India&delivery_tel=8899556622&merchant_param1=&merchant_param2=&merchant_param3=&merchant_param4=&merchant_param5=&vault=N&offer_type=null&offer_code=null&discount_value=0.0&mer_amount=7020.00&eci_value=null&retry=N&response_code=0&billing_notes=&trans_date=17/04/2019 19:33:43&bin_country=', 1, 'Failure', 'Net Banking', NULL, '2019-04-17 19:33:21', '2019-04-17 19:33:21'),
(6, '308005007996', 153, 'order_id=153&tracking_id=308005007996&bank_ref_no=1555912193817&order_status=Failure&failure_message=&payment_mode=Net Banking&card_name=AvenuesTest&status_code=null&status_message=N&currency=INR&amount=5499.00&billing_name=Ayyanar Ayan&billing_address=No.89, Pillayaedr Kovil St&billing_city=Chennai&billing_state=Tamil Nadu&billing_zip=600040&billing_country=India&billing_tel=8899556622&billing_email=ayan@pix.in&delivery_name=Ayyanar Ayan&delivery_address=No.89, Pillayaedr Kovil St&delivery_city=Chennai&delivery_state=Tamil Nadu&delivery_zip=600040&delivery_country=India&delivery_tel=8899556622&merchant_param1=&merchant_param2=&merchant_param3=&merchant_param4=&merchant_param5=&vault=N&offer_type=null&offer_code=null&discount_value=0.0&mer_amount=5499.00&eci_value=null&retry=N&response_code=0&billing_notes=&trans_date=22/04/2019 11:20:22&bin_country=', 1, 'Failure', 'Net Banking', NULL, '2019-04-22 11:19:58', '2019-04-22 11:19:58'),
(7, '308005007999', 154, 'order_id=154&tracking_id=308005007999&bank_ref_no=null&order_status=Aborted&failure_message=&payment_mode=null&card_name=null&status_code=&status_message=Cancel reason is not specified by the customer.&currency=INR&amount=5499.00&billing_name=Ayyanar Ayan&billing_address=No.89, Pillayaedr Kovil St&billing_city=Chennai&billing_state=Tamil Nadu&billing_zip=600040&billing_country=India&billing_tel=8899556622&billing_email=ayan@pix.in&delivery_name=Ayyanar Ayan&delivery_address=No.89, Pillayaedr Kovil St&delivery_city=Chennai&delivery_state=Tamil Nadu&delivery_zip=600040&delivery_country=India&delivery_tel=8899556622&merchant_param1=&merchant_param2=&merchant_param3=&merchant_param4=&merchant_param5=&vault=N&offer_type=null&offer_code=null&discount_value=0.0&mer_amount=5499.00&eci_value=&retry=null&response_code=&billing_notes=&trans_date=null&bin_country=', 1, 'Aborted', 'null', NULL, '2019-04-22 11:20:48', '2019-04-22 11:20:48'),
(8, '308005008010', 155, 'order_id=155&tracking_id=308005008010&bank_ref_no=1555912290999&order_status=Success&failure_message=&payment_mode=Net Banking&card_name=AvenuesTest&status_code=null&status_message=Y&currency=INR&amount=5265.00&billing_name=Ayyanar Ayan&billing_address=No.89, Pillayaedr Kovil St&billing_city=Chennai&billing_state=Tamil Nadu&billing_zip=600040&billing_country=India&billing_tel=8899556622&billing_email=ayan@pix.in&delivery_name=Ayyanar Ayan&delivery_address=No.89, Pillayaedr Kovil St&delivery_city=Chennai&delivery_state=Tamil Nadu&delivery_zip=600040&delivery_country=India&delivery_tel=8899556622&merchant_param1=&merchant_param2=&merchant_param3=&merchant_param4=&merchant_param5=&vault=N&offer_type=null&offer_code=null&discount_value=0.0&mer_amount=5265.00&eci_value=null&retry=N&response_code=0&billing_notes=&trans_date=22/04/2019 11:22:00&bin_country=', 1, 'Success', 'Net Banking', NULL, '2019-04-22 11:21:34', '2019-04-22 11:21:34'),
(9, '308005008224', 156, 'order_id=156&tracking_id=308005008224&bank_ref_no=null&order_status=Aborted&failure_message=&payment_mode=null&card_name=null&status_code=&status_message=Cancel reason is not specified by the customer.&currency=INR&amount=7020.00&billing_name=Ayyanar Ayan&billing_address=No.89, Pillayaedr Kovil St&billing_city=Chennai&billing_state=Tamil Nadu&billing_zip=600040&billing_country=India&billing_tel=8899556622&billing_email=ayan@pix.in&delivery_name=Ayyanar Ayan&delivery_address=No.89, Pillayaedr Kovil St&delivery_city=Chennai&delivery_state=Tamil Nadu&delivery_zip=600040&delivery_country=India&delivery_tel=8899556622&merchant_param1=&merchant_param2=&merchant_param3=&merchant_param4=&merchant_param5=&vault=N&offer_type=null&offer_code=null&discount_value=0.0&mer_amount=7020.00&eci_value=&retry=null&response_code=&billing_notes=&trans_date=null&bin_country=', 1, 'Aborted', 'null', NULL, '2019-04-22 12:06:05', '2019-04-22 12:06:05'),
(10, '308005008226', 157, 'order_id=157&tracking_id=308005008226&bank_ref_no=1555915003289&order_status=Failure&failure_message=&payment_mode=Net Banking&card_name=AvenuesTest&status_code=null&status_message=N&currency=INR&amount=7020.00&billing_name=Ayyanar Ayan&billing_address=No.89, Pillayaedr Kovil St&billing_city=Chennai&billing_state=Tamil Nadu&billing_zip=600040&billing_country=India&billing_tel=8899556622&billing_email=ayan@pix.in&delivery_name=Ayyanar Ayan&delivery_address=No.89, Pillayaedr Kovil St&delivery_city=Chennai&delivery_state=Tamil Nadu&delivery_zip=600040&delivery_country=India&delivery_tel=8899556622&merchant_param1=&merchant_param2=&merchant_param3=&merchant_param4=&merchant_param5=&vault=N&offer_type=null&offer_code=null&discount_value=0.0&mer_amount=7020.00&eci_value=null&retry=N&response_code=0&billing_notes=&trans_date=22/04/2019 12:07:12&bin_country=', 1, 'Failure', 'Net Banking', NULL, '2019-04-22 12:06:47', '2019-04-22 12:06:47'),
(11, '308005029546', 162, 'order_id=162&tracking_id=308005029546&bank_ref_no=1556516632651&order_status=Success&failure_message=&payment_mode=Net Banking&card_name=AvenuesTest&status_code=null&status_message=Y&currency=INR&amount=5499.00&billing_name=Aranga samy&billing_address=villivakkam&billing_city=virudhachallam&billing_state=Tamil Nadu&billing_zip=600013&billing_country=India&billing_tel=995526652&billing_email=samy@gmail.com&delivery_name=Aranga samy&delivery_address=villivakkam&delivery_city=virudhachallam&delivery_state=Tamil Nadu&delivery_zip=600013&delivery_country=India&delivery_tel=995526652&merchant_param1=&merchant_param2=&merchant_param3=&merchant_param4=&merchant_param5=&vault=N&offer_type=null&offer_code=null&discount_value=0.0&mer_amount=5499.00&eci_value=null&retry=N&response_code=0&billing_notes=&trans_date=29/04/2019 11:14:25&bin_country=', 1, 'Success', 'Net Banking', NULL, '2019-04-29 11:13:59', '2019-04-29 11:13:59'),
(12, '308005029552', 163, 'order_id=163&tracking_id=308005029552&bank_ref_no=null&order_status=Aborted&failure_message=&payment_mode=null&card_name=null&status_code=&status_message=Cancel reason is not specified by the customer.&currency=INR&amount=5499.00&billing_name=Ayyanar Ayan&billing_address=No.89, Pillayaedr Kovil St&billing_city=Chennai&billing_state=Tamil Nadu&billing_zip=600040&billing_country=India&billing_tel=8899556622&billing_email=ayan@pix.in&delivery_name=Ayyanar Ayan&delivery_address=No.89, Pillayaedr Kovil St&delivery_city=Chennai&delivery_state=Tamil Nadu&delivery_zip=600040&delivery_country=India&delivery_tel=8899556622&merchant_param1=&merchant_param2=&merchant_param3=&merchant_param4=&merchant_param5=&vault=N&offer_type=null&offer_code=null&discount_value=0.0&mer_amount=5499.00&eci_value=&retry=null&response_code=&billing_notes=&trans_date=null&bin_country=', 1, 'Aborted', 'null', NULL, '2019-04-29 11:15:51', '2019-04-29 11:15:51'),
(13, '308005029614', 164, 'order_id=164&tracking_id=308005029614&bank_ref_no=1556518140434&order_status=Success&failure_message=&payment_mode=Net Banking&card_name=AvenuesTest&status_code=null&status_message=Y&currency=INR&amount=6786.00&billing_name=Ashwin Raj&billing_address=No 71/29, Chinna Thambi Street, kosapet, Chennai-12&billing_city=Chennai&billing_state=test state&billing_zip=600007&billing_country=India&billing_tel=9444631387&billing_email=ashwinraj2394@gmail.com&delivery_name=Ashwin Raj&delivery_address=No 71/29, Chinna Thambi Street, kosapet, Chennai-12&delivery_city=Chennai&delivery_state=test state&delivery_zip=600007&delivery_country=India&delivery_tel=9444631387&merchant_param1=&merchant_param2=&merchant_param3=&merchant_param4=&merchant_param5=&vault=N&offer_type=null&offer_code=null&discount_value=0.0&mer_amount=6786.00&eci_value=null&retry=N&response_code=0&billing_notes=&trans_date=29/04/2019 11:39:33&bin_country=', 1, 'Success', 'Net Banking', NULL, '2019-04-29 11:39:04', '2019-04-29 11:39:04'),
(14, '308005029738', 165, 'order_id=165&tracking_id=308005029738&bank_ref_no=1556521054385&order_status=Failure&failure_message=&payment_mode=Net Banking&card_name=AvenuesTest&status_code=null&status_message=N&currency=INR&amount=20630.20&billing_name=Ashwin Raj&billing_address=No 71/29, Chinna Thambi Street, kosapet, Chennai-12&billing_city=Chennai&billing_state=Uttra Pradesh&billing_zip=766666&billing_country=India&billing_tel=08667243071&billing_email=ashwinraj.pixel@gmail.com&delivery_name=Ashwin Raj&delivery_address=No 71/29, Chinna Thambi Street, kosapet, Chennai-12&delivery_city=Chennai&delivery_state=Uttra Pradesh&delivery_zip=766666&delivery_country=India&delivery_tel=08667243071&merchant_param1=&merchant_param2=&merchant_param3=&merchant_param4=&merchant_param5=&vault=N&offer_type=null&offer_code=null&discount_value=0.0&mer_amount=20630.20&eci_value=null&retry=N&response_code=0&billing_notes=&trans_date=29/04/2019 12:28:05&bin_country=', 6, 'Failure', 'Net Banking', NULL, '2019-04-29 12:27:41', '2019-04-29 12:27:41'),
(15, '308005029796', 166, 'order_id=166&tracking_id=308005029796&bank_ref_no=1556522309939&order_status=Failure&failure_message=&payment_mode=Net Banking&card_name=AvenuesTest&status_code=null&status_message=N&currency=INR&amount=20630.20&billing_name=Ashwin Raj&billing_address=No 71/29, Chinna Thambi Street, kosapet, Chennai-12&billing_city=Chennai&billing_state=Uttra Pradesh&billing_zip=766666&billing_country=India&billing_tel=08667243071&billing_email=ashwinraj.pixel@gmail.com&delivery_name=Ashwin Raj&delivery_address=No 71/29, Chinna Thambi Street, kosapet, Chennai-12&delivery_city=Chennai&delivery_state=Uttra Pradesh&delivery_zip=766666&delivery_country=India&delivery_tel=08667243071&merchant_param1=&merchant_param2=&merchant_param3=&merchant_param4=&merchant_param5=&vault=N&offer_type=null&offer_code=null&discount_value=0.0&mer_amount=20630.20&eci_value=null&retry=N&response_code=0&billing_notes=&trans_date=29/04/2019 12:49:02&bin_country=', 6, 'Failure', 'Net Banking', NULL, '2019-04-29 12:48:33', '2019-04-29 12:48:33'),
(16, '308005032267', 171, 'order_id=171&tracking_id=308005032267&bank_ref_no=1556608346896&order_status=Success&failure_message=&payment_mode=Net Banking&card_name=AvenuesTest&status_code=null&status_message=Y&currency=INR&amount=4575.00&billing_name=Ashwin Raj&billing_address=No 71/29, Chinna Thambi Street, kosapet, Chennai-12&billing_city=Chennai&billing_state=Tamil Nadu&billing_zip=766666&billing_country=India&billing_tel=9444631387&billing_email=ashwinashwy231994@gmail.com&delivery_name=Ashwin Raj&delivery_address=No 71/29, Chinna Thambi Street, kosapet, Chennai-12&delivery_city=Chennai&delivery_state=Tamil Nadu&delivery_zip=766666&delivery_country=India&delivery_tel=9444631387&merchant_param1=&merchant_param2=&merchant_param3=&merchant_param4=&merchant_param5=&vault=N&offer_type=null&offer_code=null&discount_value=0.0&mer_amount=4575.00&eci_value=null&retry=N&response_code=0&billing_notes=&trans_date=30/04/2019 12:42:59&bin_country=', 29, 'Success', 'Net Banking', NULL, '2019-04-30 12:42:31', '2019-04-30 12:42:31'),
(17, '308005032277', 172, 'order_id=172&tracking_id=308005032277&bank_ref_no=1556608459492&order_status=Failure&failure_message=&payment_mode=Net Banking&card_name=AvenuesTest&status_code=null&status_message=N&currency=INR&amount=15215.20&billing_name=Ashwin Raj&billing_address=No 71/29, Chinna Thambi Street, kosapet, Chennai-12&billing_city=Chennai&billing_state=Tamil Nadu&billing_zip=766666&billing_country=India&billing_tel=9444631387&billing_email=ashwinashwy231994@gmail.com&delivery_name=Ashwin Raj&delivery_address=No 71/29, Chinna Thambi Street, kosapet, Chennai-12&delivery_city=Chennai&delivery_state=Tamil Nadu&delivery_zip=766666&delivery_country=India&delivery_tel=9444631387&merchant_param1=&merchant_param2=&merchant_param3=&merchant_param4=&merchant_param5=&vault=N&offer_type=null&offer_code=null&discount_value=0.0&mer_amount=15215.20&eci_value=null&retry=N&response_code=0&billing_notes=&trans_date=30/04/2019 12:44:52&bin_country=', 29, 'Failure', 'Net Banking', NULL, '2019-04-30 12:44:23', '2019-04-30 12:44:23'),
(18, '308005032290', 173, 'order_id=173&tracking_id=308005032290&bank_ref_no=null&order_status=Aborted&failure_message=&payment_mode=null&card_name=null&status_code=&status_message=I do not wish to share my confidential payment details online.&currency=INR&amount=72959.40&billing_name=Ashwin Raj&billing_address=No 71/29, Chinna Thambi Street, kosapet, Chennai-12&billing_city=Chennai&billing_state=Tamil Nadu&billing_zip=766666&billing_country=India&billing_tel=9444631387&billing_email=ashwinashwy231994@gmail.com&delivery_name=Ashwin Raj&delivery_address=No 71/29, Chinna Thambi Street, kosapet, Chennai-12&delivery_city=Chennai&delivery_state=Tamil Nadu&delivery_zip=766666&delivery_country=India&delivery_tel=9444631387&merchant_param1=&merchant_param2=&merchant_param3=&merchant_param4=&merchant_param5=&vault=N&offer_type=null&offer_code=null&discount_value=0.0&mer_amount=72959.40&eci_value=&retry=null&response_code=&billing_notes=&trans_date=null&bin_country=', 29, 'Aborted', 'null', NULL, '2019-04-30 12:47:14', '2019-04-30 12:47:14'),
(19, '308005034465', 179, 'order_id=179&tracking_id=308005034465&bank_ref_no=null&order_status=Aborted&failure_message=&payment_mode=null&card_name=null&status_code=&status_message=Cancel reason is not specified by the customer.&currency=INR&amount=4972.50&billing_name=Ayyanar Ayan&billing_address=No.89, Pillayaedr Kovil St&billing_city=Chennai&billing_state=Tamil Nadu&billing_zip=600040&billing_country=India&billing_tel=8899556622&billing_email=ayan@pix.in&delivery_name=Ayyanar Ayan&delivery_address=No.89, Pillayaedr Kovil St&delivery_city=Chennai&delivery_state=Tamil Nadu&delivery_zip=600040&delivery_country=India&delivery_tel=8899556622&merchant_param1=&merchant_param2=&merchant_param3=&merchant_param4=&merchant_param5=&vault=N&offer_type=null&offer_code=null&discount_value=0.0&mer_amount=4972.50&eci_value=&retry=null&response_code=&billing_notes=&trans_date=null&bin_country=', 1, 'Aborted', 'null', NULL, '2019-04-30 20:38:23', '2019-04-30 20:38:23'),
(20, '', 0, '', 1, '', '', NULL, '2019-04-30 20:38:37', '2019-04-30 20:38:37'),
(21, '308005034482', 180, 'order_id=180&tracking_id=308005034482&bank_ref_no=null&order_status=Aborted&failure_message=&payment_mode=null&card_name=null&status_code=&status_message=Cancel reason is not specified by the customer.&currency=INR&amount=6435.00&billing_name=Ayyanar Ayan&billing_address=No.89, Pillayaedr Kovil St&billing_city=Chennai&billing_state=Tamil Nadu&billing_zip=600040&billing_country=India&billing_tel=8899556622&billing_email=ayanvsa007@gmail.com&delivery_name=Ayyanar Ayan&delivery_address=No.89, Pillayaedr Kovil St&delivery_city=Chennai&delivery_state=Tamil Nadu&delivery_zip=600040&delivery_country=India&delivery_tel=8899556622&merchant_param1=&merchant_param2=&merchant_param3=&merchant_param4=&merchant_param5=&vault=N&offer_type=null&offer_code=null&discount_value=0.0&mer_amount=6435.00&eci_value=&retry=null&response_code=&billing_notes=&trans_date=null&bin_country=', 1, 'Aborted', 'null', NULL, '2019-04-30 20:42:59', '2019-04-30 20:42:59'),
(22, '308005034482', 180, 'order_id=180&tracking_id=308005034482&bank_ref_no=null&order_status=Aborted&failure_message=&payment_mode=null&card_name=null&status_code=&status_message=Cancel reason is not specified by the customer.&currency=INR&amount=6435.00&billing_name=Ayyanar Ayan&billing_address=No.89, Pillayaedr Kovil St&billing_city=Chennai&billing_state=Tamil Nadu&billing_zip=600040&billing_country=India&billing_tel=8899556622&billing_email=ayanvsa007@gmail.com&delivery_name=Ayyanar Ayan&delivery_address=No.89, Pillayaedr Kovil St&delivery_city=Chennai&delivery_state=Tamil Nadu&delivery_zip=600040&delivery_country=India&delivery_tel=8899556622&merchant_param1=&merchant_param2=&merchant_param3=&merchant_param4=&merchant_param5=&vault=N&offer_type=null&offer_code=null&discount_value=0.0&mer_amount=6435.00&eci_value=&retry=null&response_code=&billing_notes=&trans_date=null&bin_country=', 1, 'Aborted', 'null', NULL, '2019-04-30 20:44:54', '2019-04-30 20:44:54'),
(23, '308005034484', 181, 'order_id=181&tracking_id=308005034484&bank_ref_no=null&order_status=Aborted&failure_message=&payment_mode=null&card_name=null&status_code=&status_message=Cancel reason is not specified by the customer.&currency=INR&amount=6786.00&billing_name=Ayyanar Ayan&billing_address=No.89, Pillayaedr Kovil St&billing_city=Chennai&billing_state=Tamil Nadu&billing_zip=600040&billing_country=India&billing_tel=8899556622&billing_email=ayanvsa007@gmail.com&delivery_name=Ayyanar Ayan&delivery_address=No.89, Pillayaedr Kovil St&delivery_city=Chennai&delivery_state=Tamil Nadu&delivery_zip=600040&delivery_country=India&delivery_tel=8899556622&merchant_param1=&merchant_param2=&merchant_param3=&merchant_param4=&merchant_param5=&vault=N&offer_type=null&offer_code=null&discount_value=0.0&mer_amount=6786.00&eci_value=&retry=null&response_code=&billing_notes=&trans_date=null&bin_country=', 1, 'Aborted', 'null', NULL, '2019-04-30 20:46:01', '2019-04-30 20:46:01'),
(24, '308005034484', 181, 'order_id=181&tracking_id=308005034484&bank_ref_no=null&order_status=Aborted&failure_message=&payment_mode=null&card_name=null&status_code=&status_message=Cancel reason is not specified by the customer.&currency=INR&amount=6786.00&billing_name=Ayyanar Ayan&billing_address=No.89, Pillayaedr Kovil St&billing_city=Chennai&billing_state=Tamil Nadu&billing_zip=600040&billing_country=India&billing_tel=8899556622&billing_email=ayanvsa007@gmail.com&delivery_name=Ayyanar Ayan&delivery_address=No.89, Pillayaedr Kovil St&delivery_city=Chennai&delivery_state=Tamil Nadu&delivery_zip=600040&delivery_country=India&delivery_tel=8899556622&merchant_param1=&merchant_param2=&merchant_param3=&merchant_param4=&merchant_param5=&vault=N&offer_type=null&offer_code=null&discount_value=0.0&mer_amount=6786.00&eci_value=&retry=null&response_code=&billing_notes=&trans_date=null&bin_country=', 1, 'Aborted', 'null', NULL, '2019-04-30 20:52:17', '2019-04-30 20:52:17'),
(25, '308005034484', 181, 'order_id=181&tracking_id=308005034484&bank_ref_no=null&order_status=Aborted&failure_message=&payment_mode=null&card_name=null&status_code=&status_message=Cancel reason is not specified by the customer.&currency=INR&amount=6786.00&billing_name=Ayyanar Ayan&billing_address=No.89, Pillayaedr Kovil St&billing_city=Chennai&billing_state=Tamil Nadu&billing_zip=600040&billing_country=India&billing_tel=8899556622&billing_email=ayanvsa007@gmail.com&delivery_name=Ayyanar Ayan&delivery_address=No.89, Pillayaedr Kovil St&delivery_city=Chennai&delivery_state=Tamil Nadu&delivery_zip=600040&delivery_country=India&delivery_tel=8899556622&merchant_param1=&merchant_param2=&merchant_param3=&merchant_param4=&merchant_param5=&vault=N&offer_type=null&offer_code=null&discount_value=0.0&mer_amount=6786.00&eci_value=&retry=null&response_code=&billing_notes=&trans_date=null&bin_country=', 1, 'Aborted', 'null', NULL, '2019-04-30 20:52:20', '2019-04-30 20:52:20'),
(26, '308005034484', 181, 'order_id=181&tracking_id=308005034484&bank_ref_no=null&order_status=Aborted&failure_message=&payment_mode=null&card_name=null&status_code=&status_message=Cancel reason is not specified by the customer.&currency=INR&amount=6786.00&billing_name=Ayyanar Ayan&billing_address=No.89, Pillayaedr Kovil St&billing_city=Chennai&billing_state=Tamil Nadu&billing_zip=600040&billing_country=India&billing_tel=8899556622&billing_email=ayanvsa007@gmail.com&delivery_name=Ayyanar Ayan&delivery_address=No.89, Pillayaedr Kovil St&delivery_city=Chennai&delivery_state=Tamil Nadu&delivery_zip=600040&delivery_country=India&delivery_tel=8899556622&merchant_param1=&merchant_param2=&merchant_param3=&merchant_param4=&merchant_param5=&vault=N&offer_type=null&offer_code=null&discount_value=0.0&mer_amount=6786.00&eci_value=&retry=null&response_code=&billing_notes=&trans_date=null&bin_country=', 1, 'Aborted', 'null', NULL, '2019-04-30 20:52:50', '2019-04-30 20:52:50'),
(27, '308005034484', 181, 'order_id=181&tracking_id=308005034484&bank_ref_no=null&order_status=Aborted&failure_message=&payment_mode=null&card_name=null&status_code=&status_message=Cancel reason is not specified by the customer.&currency=INR&amount=6786.00&billing_name=Ayyanar Ayan&billing_address=No.89, Pillayaedr Kovil St&billing_city=Chennai&billing_state=Tamil Nadu&billing_zip=600040&billing_country=India&billing_tel=8899556622&billing_email=ayanvsa007@gmail.com&delivery_name=Ayyanar Ayan&delivery_address=No.89, Pillayaedr Kovil St&delivery_city=Chennai&delivery_state=Tamil Nadu&delivery_zip=600040&delivery_country=India&delivery_tel=8899556622&merchant_param1=&merchant_param2=&merchant_param3=&merchant_param4=&merchant_param5=&vault=N&offer_type=null&offer_code=null&discount_value=0.0&mer_amount=6786.00&eci_value=&retry=null&response_code=&billing_notes=&trans_date=null&bin_country=', 1, 'Aborted', 'null', NULL, '2019-04-30 20:53:04', '2019-04-30 20:53:04'),
(28, '308005034484', 181, 'order_id=181&tracking_id=308005034484&bank_ref_no=null&order_status=Aborted&failure_message=&payment_mode=null&card_name=null&status_code=&status_message=Cancel reason is not specified by the customer.&currency=INR&amount=6786.00&billing_name=Ayyanar Ayan&billing_address=No.89, Pillayaedr Kovil St&billing_city=Chennai&billing_state=Tamil Nadu&billing_zip=600040&billing_country=India&billing_tel=8899556622&billing_email=ayanvsa007@gmail.com&delivery_name=Ayyanar Ayan&delivery_address=No.89, Pillayaedr Kovil St&delivery_city=Chennai&delivery_state=Tamil Nadu&delivery_zip=600040&delivery_country=India&delivery_tel=8899556622&merchant_param1=&merchant_param2=&merchant_param3=&merchant_param4=&merchant_param5=&vault=N&offer_type=null&offer_code=null&discount_value=0.0&mer_amount=6786.00&eci_value=&retry=null&response_code=&billing_notes=&trans_date=null&bin_country=', 1, 'Aborted', 'null', NULL, '2019-04-30 20:53:28', '2019-04-30 20:53:28'),
(29, '308005034484', 181, 'order_id=181&tracking_id=308005034484&bank_ref_no=null&order_status=Aborted&failure_message=&payment_mode=null&card_name=null&status_code=&status_message=Cancel reason is not specified by the customer.&currency=INR&amount=6786.00&billing_name=Ayyanar Ayan&billing_address=No.89, Pillayaedr Kovil St&billing_city=Chennai&billing_state=Tamil Nadu&billing_zip=600040&billing_country=India&billing_tel=8899556622&billing_email=ayanvsa007@gmail.com&delivery_name=Ayyanar Ayan&delivery_address=No.89, Pillayaedr Kovil St&delivery_city=Chennai&delivery_state=Tamil Nadu&delivery_zip=600040&delivery_country=India&delivery_tel=8899556622&merchant_param1=&merchant_param2=&merchant_param3=&merchant_param4=&merchant_param5=&vault=N&offer_type=null&offer_code=null&discount_value=0.0&mer_amount=6786.00&eci_value=&retry=null&response_code=&billing_notes=&trans_date=null&bin_country=', 1, 'Aborted', 'null', NULL, '2019-04-30 20:53:50', '2019-04-30 20:53:50'),
(30, '308005034484', 181, 'order_id=181&tracking_id=308005034484&bank_ref_no=null&order_status=Aborted&failure_message=&payment_mode=null&card_name=null&status_code=&status_message=Cancel reason is not specified by the customer.&currency=INR&amount=6786.00&billing_name=Ayyanar Ayan&billing_address=No.89, Pillayaedr Kovil St&billing_city=Chennai&billing_state=Tamil Nadu&billing_zip=600040&billing_country=India&billing_tel=8899556622&billing_email=ayanvsa007@gmail.com&delivery_name=Ayyanar Ayan&delivery_address=No.89, Pillayaedr Kovil St&delivery_city=Chennai&delivery_state=Tamil Nadu&delivery_zip=600040&delivery_country=India&delivery_tel=8899556622&merchant_param1=&merchant_param2=&merchant_param3=&merchant_param4=&merchant_param5=&vault=N&offer_type=null&offer_code=null&discount_value=0.0&mer_amount=6786.00&eci_value=&retry=null&response_code=&billing_notes=&trans_date=null&bin_country=', 1, 'Aborted', 'null', NULL, '2019-04-30 20:53:51', '2019-04-30 20:53:51'),
(31, '308005034484', 181, 'order_id=181&tracking_id=308005034484&bank_ref_no=null&order_status=Aborted&failure_message=&payment_mode=null&card_name=null&status_code=&status_message=Cancel reason is not specified by the customer.&currency=INR&amount=6786.00&billing_name=Ayyanar Ayan&billing_address=No.89, Pillayaedr Kovil St&billing_city=Chennai&billing_state=Tamil Nadu&billing_zip=600040&billing_country=India&billing_tel=8899556622&billing_email=ayanvsa007@gmail.com&delivery_name=Ayyanar Ayan&delivery_address=No.89, Pillayaedr Kovil St&delivery_city=Chennai&delivery_state=Tamil Nadu&delivery_zip=600040&delivery_country=India&delivery_tel=8899556622&merchant_param1=&merchant_param2=&merchant_param3=&merchant_param4=&merchant_param5=&vault=N&offer_type=null&offer_code=null&discount_value=0.0&mer_amount=6786.00&eci_value=&retry=null&response_code=&billing_notes=&trans_date=null&bin_country=', 1, 'Aborted', 'null', NULL, '2019-04-30 20:54:04', '2019-04-30 20:54:04'),
(32, '308005034484', 181, 'order_id=181&tracking_id=308005034484&bank_ref_no=null&order_status=Aborted&failure_message=&payment_mode=null&card_name=null&status_code=&status_message=Cancel reason is not specified by the customer.&currency=INR&amount=6786.00&billing_name=Ayyanar Ayan&billing_address=No.89, Pillayaedr Kovil St&billing_city=Chennai&billing_state=Tamil Nadu&billing_zip=600040&billing_country=India&billing_tel=8899556622&billing_email=ayanvsa007@gmail.com&delivery_name=Ayyanar Ayan&delivery_address=No.89, Pillayaedr Kovil St&delivery_city=Chennai&delivery_state=Tamil Nadu&delivery_zip=600040&delivery_country=India&delivery_tel=8899556622&merchant_param1=&merchant_param2=&merchant_param3=&merchant_param4=&merchant_param5=&vault=N&offer_type=null&offer_code=null&discount_value=0.0&mer_amount=6786.00&eci_value=&retry=null&response_code=&billing_notes=&trans_date=null&bin_country=', 1, 'Aborted', 'null', NULL, '2019-04-30 20:54:17', '2019-04-30 20:54:17'),
(33, '308005034496', 182, 'order_id=182&tracking_id=308005034496&bank_ref_no=null&order_status=Aborted&failure_message=&payment_mode=null&card_name=null&status_code=&status_message=Cancel reason is not specified by the customer.&currency=INR&amount=6786.00&billing_name=Ayyanar Ayan&billing_address=No.89, Pillayaedr Kovil St&billing_city=Chennai&billing_state=Tamil Nadu&billing_zip=600040&billing_country=India&billing_tel=8899556622&billing_email=ayanvsa007@gmail.com&delivery_name=Ayyanar Ayan&delivery_address=No.89, Pillayaedr Kovil St&delivery_city=Chennai&delivery_state=Tamil Nadu&delivery_zip=600040&delivery_country=India&delivery_tel=8899556622&merchant_param1=&merchant_param2=&merchant_param3=&merchant_param4=&merchant_param5=&vault=N&offer_type=null&offer_code=null&discount_value=0.0&mer_amount=6786.00&eci_value=&retry=null&response_code=&billing_notes=&trans_date=null&bin_country=', 1, 'Aborted', 'null', NULL, '2019-04-30 20:55:23', '2019-04-30 20:55:23'),
(34, '308005034501', 183, 'order_id=183&tracking_id=308005034501&bank_ref_no=null&order_status=Aborted&failure_message=&payment_mode=null&card_name=null&status_code=&status_message=Cancel reason is not specified by the customer.&currency=INR&amount=6786.00&billing_name=Ayyanar Ayan&billing_address=No.89, Pillayaedr Kovil St&billing_city=Chennai&billing_state=Tamil Nadu&billing_zip=600040&billing_country=India&billing_tel=8899556622&billing_email=ayanvsa007@gmail.com&delivery_name=Ayyanar Ayan&delivery_address=No.89, Pillayaedr Kovil St&delivery_city=Chennai&delivery_state=Tamil Nadu&delivery_zip=600040&delivery_country=India&delivery_tel=8899556622&merchant_param1=&merchant_param2=&merchant_param3=&merchant_param4=&merchant_param5=&vault=N&offer_type=null&offer_code=null&discount_value=0.0&mer_amount=6786.00&eci_value=&retry=null&response_code=&billing_notes=&trans_date=null&bin_country=', 1, 'Aborted', 'null', NULL, '2019-04-30 20:58:46', '2019-04-30 20:58:46'),
(35, '308005034504', 184, 'order_id=184&tracking_id=308005034504&bank_ref_no=null&order_status=Aborted&failure_message=&payment_mode=null&card_name=null&status_code=&status_message=Cancel reason is not specified by the customer.&currency=INR&amount=12226.50&billing_name=Ayyanar Ayan&billing_address=No.89, Pillayaedr Kovil St&billing_city=Chennai&billing_state=Tamil Nadu&billing_zip=600040&billing_country=India&billing_tel=8899556622&billing_email=ayanvsa007@gmail.com&delivery_name=Ayyanar Ayan&delivery_address=No.89, Pillayaedr Kovil St&delivery_city=Chennai&delivery_state=Tamil Nadu&delivery_zip=600040&delivery_country=India&delivery_tel=8899556622&merchant_param1=&merchant_param2=&merchant_param3=&merchant_param4=&merchant_param5=&vault=N&offer_type=null&offer_code=null&discount_value=0.0&mer_amount=12226.50&eci_value=&retry=null&response_code=&billing_notes=&trans_date=null&bin_country=', 1, 'Aborted', 'null', NULL, '2019-04-30 21:01:02', '2019-04-30 21:01:02'),
(36, '308005034504', 184, 'order_id=184&tracking_id=308005034504&bank_ref_no=null&order_status=Aborted&failure_message=&payment_mode=null&card_name=null&status_code=&status_message=Cancel reason is not specified by the customer.&currency=INR&amount=12226.50&billing_name=Ayyanar Ayan&billing_address=No.89, Pillayaedr Kovil St&billing_city=Chennai&billing_state=Tamil Nadu&billing_zip=600040&billing_country=India&billing_tel=8899556622&billing_email=ayanvsa007@gmail.com&delivery_name=Ayyanar Ayan&delivery_address=No.89, Pillayaedr Kovil St&delivery_city=Chennai&delivery_state=Tamil Nadu&delivery_zip=600040&delivery_country=India&delivery_tel=8899556622&merchant_param1=&merchant_param2=&merchant_param3=&merchant_param4=&merchant_param5=&vault=N&offer_type=null&offer_code=null&discount_value=0.0&mer_amount=12226.50&eci_value=&retry=null&response_code=&billing_notes=&trans_date=null&bin_country=', 1, 'Aborted', 'null', NULL, '2019-04-30 21:02:34', '2019-04-30 21:02:34'),
(37, '308005034508', 0, 'order_id=KK00100185&tracking_id=308005034508&bank_ref_no=null&order_status=Aborted&failure_message=&payment_mode=null&card_name=null&status_code=&status_message=Cancel reason is not specified by the customer.&currency=INR&amount=12226.50&billing_name=Ayyanar Ayan&billing_address=No.89, Pillayaedr Kovil St&billing_city=Chennai&billing_state=Tamil Nadu&billing_zip=600040&billing_country=India&billing_tel=8899556622&billing_email=ayanvsa007@gmail.com&delivery_name=Ayyanar Ayan&delivery_address=No.89, Pillayaedr Kovil St&delivery_city=Chennai&delivery_state=Tamil Nadu&delivery_zip=600040&delivery_country=India&delivery_tel=8899556622&merchant_param1=&merchant_param2=&merchant_param3=&merchant_param4=&merchant_param5=&vault=N&offer_type=null&offer_code=null&discount_value=0.0&mer_amount=12226.50&eci_value=&retry=null&response_code=&billing_notes=&trans_date=null&bin_country=', 1, 'Aborted', 'null', NULL, '2019-04-30 21:07:51', '2019-04-30 21:07:51'),
(38, '308005034511', 0, 'order_id=KK00100186&tracking_id=308005034511&bank_ref_no=1556638812839&order_status=Success&failure_message=&payment_mode=Net Banking&card_name=AvenuesTest&status_code=null&status_message=Y&currency=INR&amount=6786.00&billing_name=Ayyanar Ayan&billing_address=No.89, Pillayaedr Kovil St&billing_city=Chennai&billing_state=Tamil Nadu&billing_zip=600040&billing_country=India&billing_tel=8899556622&billing_email=ayanvsa007@gmail.com&delivery_name=Ayyanar Ayan&delivery_address=No.89, Pillayaedr Kovil St&delivery_city=Chennai&delivery_state=Tamil Nadu&delivery_zip=600040&delivery_country=India&delivery_tel=8899556622&merchant_param1=&merchant_param2=&merchant_param3=&merchant_param4=&merchant_param5=&vault=N&offer_type=null&offer_code=null&discount_value=0.0&mer_amount=6786.00&eci_value=null&retry=N&response_code=0&billing_notes=&trans_date=30/04/2019 21:10:46&bin_country=', 1, 'Success', 'Net Banking', NULL, '2019-04-30 21:10:15', '2019-04-30 21:10:15'),
(39, '308005041299', 0, 'order_id=KK00100191&tracking_id=308005041299&bank_ref_no=1556876859357&order_status=Success&failure_message=&payment_mode=Net Banking&card_name=AvenuesTest&status_code=null&status_message=Y&currency=INR&amount=3708.80&billing_name=Ashwin Raj&billing_address=No 71/29, Chinna Thambi Street, kosapet, Chennai-12&billing_city=Chennai&billing_state=Uttar Pradesh&billing_zip=766666&billing_country=India&billing_tel=08667243071&billing_email=ashwinraj.pixel@gmail.com&delivery_name=Ashwin Raj&delivery_address=No 71/29, Chinna Thambi Street, kosapet, Chennai-12&delivery_city=Chennai&delivery_state=Uttar Pradesh&delivery_zip=766666&delivery_country=India&delivery_tel=08667243071&merchant_param1=&merchant_param2=&merchant_param3=&merchant_param4=&merchant_param5=&vault=N&offer_type=null&offer_code=null&discount_value=0.0&mer_amount=3708.80&eci_value=null&retry=N&response_code=0&billing_notes=&trans_date=03/05/2019 15:18:14&bin_country=', 6, 'Success', 'Net Banking', NULL, '2019-05-03 15:17:42', '2019-05-03 15:17:42'),
(40, '308005041320', 0, 'order_id=KK00100192&tracking_id=308005041320&bank_ref_no=1556877030407&order_status=Failure&failure_message=&payment_mode=Net Banking&card_name=AvenuesTest&status_code=null&status_message=N&currency=INR&amount=4563.00&billing_name=Ashwin Raj&billing_address=No 71/29, Chinna Thambi Street, kosapet, Chennai-12&billing_city=Chennai&billing_state=Uttar Pradesh&billing_zip=766666&billing_country=India&billing_tel=08667243071&billing_email=ashwinraj.pixel@gmail.com&delivery_name=Ashwin Raj&delivery_address=No 71/29, Chinna Thambi Street, kosapet, Chennai-12&delivery_city=Chennai&delivery_state=Uttar Pradesh&delivery_zip=766666&delivery_country=India&delivery_tel=08667243071&merchant_param1=&merchant_param2=&merchant_param3=&merchant_param4=&merchant_param5=&vault=N&offer_type=null&offer_code=null&discount_value=0.0&mer_amount=4563.00&eci_value=null&retry=N&response_code=0&billing_notes=&trans_date=03/05/2019 15:21:04&bin_country=', 6, 'Failure', 'Net Banking', NULL, '2019-05-03 15:20:33', '2019-05-03 15:20:33'),
(41, '308005041393', 0, 'order_id=KK00100193&tracking_id=308005041393&bank_ref_no=1556877430570&order_status=Failure&failure_message=&payment_mode=Net Banking&card_name=AvenuesTest&status_code=null&status_message=N&currency=INR&amount=4095.00&billing_name=Ashwin Raj&billing_address=No 71/29, Chinna Thambi Street, kosapet, Chennai-12&billing_city=Chennai&billing_state=Uttar Pradesh&billing_zip=766666&billing_country=India&billing_tel=08667243071&billing_email=ashwinraj.pixel@gmail.com&delivery_name=Ashwin Raj&delivery_address=No 71/29, Chinna Thambi Street, kosapet, Chennai-12&delivery_city=Chennai&delivery_state=Uttar Pradesh&delivery_zip=766666&delivery_country=India&delivery_tel=08667243071&merchant_param1=&merchant_param2=&merchant_param3=&merchant_param4=&merchant_param5=&vault=N&offer_type=null&offer_code=null&discount_value=0.0&mer_amount=4095.00&eci_value=null&retry=N&response_code=0&billing_notes=&trans_date=03/05/2019 15:27:46&bin_country=', 6, 'Failure', 'Net Banking', NULL, '2019-05-03 15:27:13', '2019-05-03 15:27:13'),
(42, '308005041462', 0, 'order_id=KK00100194&tracking_id=308005041462&bank_ref_no=null&order_status=Aborted&failure_message=&payment_mode=null&card_name=null&status_code=&status_message=I do not wish to share my confidential payment details online.&currency=INR&amount=6786.00&billing_name=Ashwin Raj&billing_address=No 71/29, Chinna Thambi Street, kosapet, Chennai-12&billing_city=Chennai&billing_state=Uttar Pradesh&billing_zip=766666&billing_country=India&billing_tel=08667243071&billing_email=ashwinraj.pixel@gmail.com&delivery_name=Ashwin Raj&delivery_address=No 71/29, Chinna Thambi Street, kosapet, Chennai-12&delivery_city=Chennai&delivery_state=Uttar Pradesh&delivery_zip=766666&delivery_country=India&delivery_tel=08667243071&merchant_param1=&merchant_param2=&merchant_param3=&merchant_param4=&merchant_param5=&vault=N&offer_type=null&offer_code=null&discount_value=0.0&mer_amount=6786.00&eci_value=&retry=null&response_code=&billing_notes=&trans_date=null&bin_country=', 6, 'Aborted', 'null', NULL, '2019-05-03 15:35:22', '2019-05-03 15:35:22'),
(43, '308005041714', 0, 'order_id=KK00100195&tracking_id=308005041714&bank_ref_no=null&order_status=Aborted&failure_message=&payment_mode=null&card_name=null&status_code=&status_message=I do not wish to share my confidential payment details online.&currency=INR&amount=11377.50&billing_name=Ashwin Raj&billing_address=No 71/29, Chinna Thambi Street, kosapet, Chennai-12&billing_city=Chennai&billing_state=Uttar Pradesh&billing_zip=766666&billing_country=India&billing_tel=08667243071&billing_email=ashwinraj.pixel@gmail.com&delivery_name=Ashwin Raj&delivery_address=No 71/29, Chinna Thambi Street, kosapet, Chennai-12&delivery_city=Chennai&delivery_state=Uttar Pradesh&delivery_zip=766666&delivery_country=India&delivery_tel=08667243071&merchant_param1=&merchant_param2=&merchant_param3=&merchant_param4=&merchant_param5=&vault=N&offer_type=null&offer_code=null&discount_value=0.0&mer_amount=11377.50&eci_value=&retry=null&response_code=&billing_notes=&trans_date=null&bin_country=', 6, 'Aborted', 'null', NULL, '2019-05-03 16:09:41', '2019-05-03 16:09:41'),
(44, '308005042154', 0, 'order_id=KK00100196&tracking_id=308005042154&bank_ref_no=1556882961093&order_status=Success&failure_message=&payment_mode=Net Banking&card_name=AvenuesTest&status_code=null&status_message=Y&currency=INR&amount=8540.00&billing_name=Ashwin Raj&billing_address=No 71/29, Chinna Thambi Street, kosapet, Chennai-12&billing_city=Chennai&billing_state=Uttar Pradesh&billing_zip=766666&billing_country=India&billing_tel=08667243071&billing_email=ashwinraj.pixel@gmail.com&delivery_name=Ashwin Raj&delivery_address=No 71/29, Chinna Thambi Street, kosapet, Chennai-12&delivery_city=Chennai&delivery_state=Uttar Pradesh&delivery_zip=766666&delivery_country=India&delivery_tel=08667243071&merchant_param1=&merchant_param2=&merchant_param3=&merchant_param4=&merchant_param5=&vault=N&offer_type=null&offer_code=null&discount_value=0.0&mer_amount=8540.00&eci_value=null&retry=N&response_code=0&billing_notes=&trans_date=03/05/2019 16:59:55&bin_country=', 6, 'Success', 'Net Banking', NULL, '2019-05-03 16:59:28', '2019-05-03 16:59:28'),
(45, '308005043082', 0, 'order_id=KK00100198&tracking_id=308005043082&bank_ref_no=1556896700363&order_status=Failure&failure_message=&payment_mode=Net Banking&card_name=AvenuesTest&status_code=null&status_message=N&currency=INR&amount=5054.40&billing_name=Ayyanar Ayan&billing_address=No.89, Pillayaedr Kovil St&billing_city=Chennai&billing_state=Tamil Nadu&billing_zip=600040&billing_country=India&billing_tel=8899556622&billing_email=ayanvsa007@gmail.com&delivery_name=Ayyanar Ayan&delivery_address=No.89, Pillayaedr Kovil St&delivery_city=Chennai&delivery_state=Tamil Nadu&delivery_zip=600040&delivery_country=India&delivery_tel=8899556622&merchant_param1=&merchant_param2=&merchant_param3=&merchant_param4=&merchant_param5=&vault=N&offer_type=null&offer_code=null&discount_value=0.0&mer_amount=5054.40&eci_value=null&retry=N&response_code=0&billing_notes=&trans_date=03/05/2019 20:48:55&bin_country=', 1, 'Failure', 'Net Banking', NULL, '2019-05-03 20:48:25', '2019-05-03 20:48:25'),
(46, '308005043083', 0, 'order_id=KK00100199&tracking_id=308005043083&bank_ref_no=null&order_status=Aborted&failure_message=&payment_mode=null&card_name=null&status_code=&status_message=Cancel reason is not specified by the customer.&currency=INR&amount=7020.00&billing_name=Ayyanar Ayan&billing_address=No.89, Pillayaedr Kovil St&billing_city=Chennai&billing_state=Tamil Nadu&billing_zip=600040&billing_country=India&billing_tel=8899556622&billing_email=ayanvsa007@gmail.com&delivery_name=Ayyanar Ayan&delivery_address=No.89, Pillayaedr Kovil St&delivery_city=Chennai&delivery_state=Tamil Nadu&delivery_zip=600040&delivery_country=India&delivery_tel=8899556622&merchant_param1=&merchant_param2=&merchant_param3=&merchant_param4=&merchant_param5=&vault=N&offer_type=null&offer_code=null&discount_value=0.0&mer_amount=7020.00&eci_value=&retry=null&response_code=&billing_notes=&trans_date=null&bin_country=', 1, 'Aborted', 'null', NULL, '2019-05-03 20:49:10', '2019-05-03 20:49:10'),
(47, '308005043762', 0, 'order_id=KK00100200&tracking_id=308005043762&bank_ref_no=1556956806051&order_status=Success&failure_message=&payment_mode=Net Banking&card_name=AvenuesTest&status_code=null&status_message=Y&currency=INR&amount=6435.00&billing_name=Ayyanar Ayan&billing_address=No.89, Pillayaedr Kovil St&billing_city=Chennai&billing_state=Tamil Nadu&billing_zip=600040&billing_country=India&billing_tel=8899556622&billing_email=ayanvsa007@gmail.com&delivery_name=Ayyanar Ayan&delivery_address=No.89, Pillayaedr Kovil St&delivery_city=Chennai&delivery_state=Tamil Nadu&delivery_zip=600040&delivery_country=India&delivery_tel=8899556622&merchant_param1=&merchant_param2=&merchant_param3=&merchant_param4=&merchant_param5=&vault=N&offer_type=null&offer_code=null&discount_value=0.0&mer_amount=6435.00&eci_value=null&retry=N&response_code=0&billing_notes=&trans_date=04/05/2019 13:30:36&bin_country=', 1, 'Success', 'Net Banking', NULL, '2019-05-04 13:30:09', '2019-05-04 13:30:09'),
(48, '308005044109', 0, 'order_id=KK00100201&tracking_id=308005044109&bank_ref_no=1556965966373&order_status=Success&failure_message=&payment_mode=Net Banking&card_name=AvenuesTest&status_code=null&status_message=Y&currency=INR&amount=8190.00&billing_name=Ayyanar Ayan&billing_address=No.89, Pillayaedr Kovil St&billing_city=Chennai&billing_state=Tamil Nadu&billing_zip=600040&billing_country=India&billing_tel=8899556622&billing_email=ayanvsa007@gmail.com&delivery_name=Ayyanar Ayan&delivery_address=No.89, Pillayaedr Kovil St&delivery_city=Chennai&delivery_state=Tamil Nadu&delivery_zip=600040&delivery_country=India&delivery_tel=8899556622&merchant_param1=&merchant_param2=&merchant_param3=&merchant_param4=&merchant_param5=&vault=N&offer_type=null&offer_code=null&discount_value=0.0&mer_amount=8190.00&eci_value=null&retry=N&response_code=0&billing_notes=&trans_date=04/05/2019 16:03:21&bin_country=', 1, 'Success', 'Net Banking', NULL, '2019-05-04 16:02:49', '2019-05-04 16:02:49'),
(49, '308005044117', 0, 'order_id=KK00100202&tracking_id=308005044117&bank_ref_no=null&order_status=Aborted&failure_message=&payment_mode=null&card_name=null&status_code=&status_message=Cancel reason is not specified by the customer.&currency=INR&amount=4972.50&billing_name=Ayyanar Ayan&billing_address=No.89, Pillayaedr Kovil St&billing_city=Chennai&billing_state=Tamil Nadu&billing_zip=600040&billing_country=India&billing_tel=8899556622&billing_email=ayanvsa007@gmail.com&delivery_name=Ayyanar Ayan&delivery_address=No.89, Pillayaedr Kovil St&delivery_city=Chennai&delivery_state=Tamil Nadu&delivery_zip=600040&delivery_country=India&delivery_tel=8899556622&merchant_param1=&merchant_param2=&merchant_param3=&merchant_param4=&merchant_param5=&vault=N&offer_type=null&offer_code=null&discount_value=0.0&mer_amount=4972.50&eci_value=&retry=null&response_code=&billing_notes=&trans_date=null&bin_country=', 1, 'Aborted', 'null', NULL, '2019-05-04 16:07:58', '2019-05-04 16:07:58'),
(50, '308005044197', 0, 'order_id=KK00100203&tracking_id=308005044197&bank_ref_no=1556967661372&order_status=Success&failure_message=&payment_mode=Net Banking&card_name=AvenuesTest&status_code=null&status_message=Y&currency=INR&amount=4972.50&billing_name=Ayyanar Ayan&billing_address=No.89, Pillayaedr Kovil St&billing_city=Chennai&billing_state=Tamil Nadu&billing_zip=600040&billing_country=India&billing_tel=8899556622&billing_email=ayanvsa007@gmail.com&delivery_name=Ayyanar Ayan&delivery_address=No.89, Pillayaedr Kovil St&delivery_city=Chennai&delivery_state=Tamil Nadu&delivery_zip=600040&delivery_country=India&delivery_tel=8899556622&merchant_param1=&merchant_param2=&merchant_param3=&merchant_param4=&merchant_param5=&vault=N&offer_type=null&offer_code=null&discount_value=0.0&mer_amount=4972.50&eci_value=null&retry=N&response_code=0&billing_notes=&trans_date=04/05/2019 16:31:36&bin_country=', 1, 'Success', 'Net Banking', NULL, '2019-05-04 16:31:04', '2019-05-04 16:31:04');
INSERT INTO `kr_ccav_transaction` (`Id`, `tracking_id`, `order_id`, `data`, `CustomerId`, `order_status`, `payment_mode`, `bank_ref_no`, `CreatedDate`, `ModifiedDate`) VALUES
(51, '308005049145', 0, 'order_id=KK00100204&tracking_id=308005049145&bank_ref_no=null&order_status=Invalid&failure_message=&payment_mode=null&card_name=null&status_code=&status_message=31003:amount:Invalid Parameter, 31003:amount:Invalid Parameter&currency=INR&amount=0.00&billing_name=Ashwin Raj&billing_address=No 71/29, Chinna Thambi Street, kosapet, Chennai-12&billing_city=Chennai&billing_state=Uttar Pradesh&billing_zip=766666&billing_country=India&billing_tel=08667243071&billing_email=ashwinraj.pixel@gmail.com&delivery_name=Ashwin Raj&delivery_address=No 71/29, Chinna Thambi Street, kosapet, Chennai-12&delivery_city=Chennai&delivery_state=Uttar Pradesh&delivery_zip=766666&delivery_country=India&delivery_tel=08667243071&merchant_param1=&merchant_param2=&merchant_param3=&merchant_param4=&merchant_param5=&vault=N&offer_type=null&offer_code=null&discount_value=0.0&mer_amount=0.00&eci_value=&retry=null&response_code=&billing_notes=&trans_date=null&bin_country=', 6, 'Invalid', 'null', NULL, '2019-05-07 12:03:30', '2019-05-07 12:03:30'),
(52, '308005049145', 0, 'order_id=KK00100204&tracking_id=308005049145&bank_ref_no=null&order_status=Invalid&failure_message=&payment_mode=null&card_name=null&status_code=&status_message=31003:amount:Invalid Parameter, 31003:amount:Invalid Parameter&currency=INR&amount=0.00&billing_name=Ashwin Raj&billing_address=No 71/29, Chinna Thambi Street, kosapet, Chennai-12&billing_city=Chennai&billing_state=Uttar Pradesh&billing_zip=766666&billing_country=India&billing_tel=08667243071&billing_email=ashwinraj.pixel@gmail.com&delivery_name=Ashwin Raj&delivery_address=No 71/29, Chinna Thambi Street, kosapet, Chennai-12&delivery_city=Chennai&delivery_state=Uttar Pradesh&delivery_zip=766666&delivery_country=India&delivery_tel=08667243071&merchant_param1=&merchant_param2=&merchant_param3=&merchant_param4=&merchant_param5=&vault=N&offer_type=null&offer_code=null&discount_value=0.0&mer_amount=0.00&eci_value=&retry=null&response_code=&billing_notes=&trans_date=null&bin_country=', 6, 'Invalid', 'null', NULL, '2019-05-07 12:03:43', '2019-05-07 12:03:43'),
(53, '308005049403', 0, 'order_id=KK00100208&tracking_id=308005049403&bank_ref_no=1557213085379&order_status=Success&failure_message=&payment_mode=Net Banking&card_name=AvenuesTest&status_code=null&status_message=Y&currency=INR&amount=6435.00&billing_name=Ashwin Raj&billing_address=No 71/29, Chinna Thambi Street, kosapet, Chennai-12&billing_city=Chennai&billing_state=Uttar Pradesh&billing_zip=766666&billing_country=India&billing_tel=08667243071&billing_email=ashwinraj.pixel@gmail.com&delivery_name=Ashwin Raj&delivery_address=No 71/29, Chinna Thambi Street, kosapet, Chennai-12&delivery_city=Chennai&delivery_state=Uttar Pradesh&delivery_zip=766666&delivery_country=India&delivery_tel=08667243071&merchant_param1=&merchant_param2=&merchant_param3=&merchant_param4=&merchant_param5=&vault=N&offer_type=null&offer_code=null&discount_value=0.0&mer_amount=6435.00&eci_value=null&retry=N&response_code=0&billing_notes=&trans_date=07/05/2019 12:42:01&bin_country=', 6, 'Success', 'Net Banking', NULL, '2019-05-07 12:41:29', '2019-05-07 12:41:29'),
(54, '308005049544', 0, 'order_id=KK00100211&tracking_id=308005049544&bank_ref_no=1557214533015&order_status=Failure&failure_message=&payment_mode=Net Banking&card_name=AvenuesTest&status_code=null&status_message=N&currency=INR&amount=57939.84&billing_name=Ayyanar Ayan&billing_address=Address&billing_city=Chennai&billing_state=Tamil Nadu&billing_zip=600009&billing_country=India&billing_tel=9444631387&billing_email=ayyanar.pixel@gmail.com&delivery_name=Ayyanar Ayan&delivery_address=Address&delivery_city=Chennai&delivery_state=Tamil Nadu&delivery_zip=600009&delivery_country=India&delivery_tel=9444631387&merchant_param1=&merchant_param2=&merchant_param3=&merchant_param4=&merchant_param5=&vault=N&offer_type=null&offer_code=null&discount_value=0.0&mer_amount=57939.84&eci_value=null&retry=N&response_code=0&billing_notes=&trans_date=07/05/2019 13:06:09&bin_country=', 31, 'Failure', 'Net Banking', NULL, '2019-05-07 13:05:38', '2019-05-07 13:05:38'),
(55, '308005049551', 0, 'order_id=KK00100212&tracking_id=308005049551&bank_ref_no=null&order_status=Aborted&failure_message=&payment_mode=null&card_name=null&status_code=&status_message=I do not wish to share my confidential payment details online.&currency=INR&amount=87310.08&billing_name=Ayyanar Ayan&billing_address=Address&billing_city=Chennai&billing_state=Tamil Nadu&billing_zip=600009&billing_country=India&billing_tel=9444631387&billing_email=ayyanar.pixel@gmail.com&delivery_name=Ayyanar Ayan&delivery_address=Address&delivery_city=Chennai&delivery_state=Tamil Nadu&delivery_zip=600009&delivery_country=India&delivery_tel=9444631387&merchant_param1=&merchant_param2=&merchant_param3=&merchant_param4=&merchant_param5=&vault=N&offer_type=null&offer_code=null&discount_value=0.0&mer_amount=87310.08&eci_value=&retry=null&response_code=&billing_notes=&trans_date=null&bin_country=', 31, 'Aborted', 'null', NULL, '2019-05-07 13:07:05', '2019-05-07 13:07:05'),
(56, '308005050611', 0, 'order_id=KK00100215&tracking_id=308005050611&bank_ref_no=null&order_status=Invalid&failure_message=&payment_mode=null&card_name=null&status_code=&status_message=31003:amount:Invalid Parameter, 31003:amount:Invalid Parameter&currency=INR&amount=0.00&billing_name=Ayyanar Ayan&billing_address=No.89, Pillayaedr Kovil St&billing_city=Chennai&billing_state=Tamil Nadu&billing_zip=600040&billing_country=India&billing_tel=8899556622&billing_email=ayanvsa007@gmail.com&delivery_name=Ayyanar Ayan&delivery_address=No.89, Pillayaedr Kovil St&delivery_city=Chennai&delivery_state=Tamil Nadu&delivery_zip=600040&delivery_country=India&delivery_tel=8899556622&merchant_param1=&merchant_param2=&merchant_param3=&merchant_param4=&merchant_param5=&vault=N&offer_type=null&offer_code=null&discount_value=0.0&mer_amount=0.00&eci_value=&retry=null&response_code=&billing_notes=&trans_date=null&bin_country=', 1, 'Invalid', 'null', NULL, '2019-05-07 16:01:21', '2019-05-07 16:01:21'),
(57, '308005054612', 0, 'order_id=KK00100219&tracking_id=308005054612&bank_ref_no=1557317283938&order_status=Success&failure_message=&payment_mode=Net Banking&card_name=AvenuesTest&status_code=null&status_message=Y&currency=INR&amount=4972.50&billing_name=Ashwin Raj&billing_address=No 71/29, Chinna Thambi Street, kosapet, Chennai-12&billing_city=Chennai&billing_state=Uttar Pradesh&billing_zip=766666&billing_country=India&billing_tel=08667243071&billing_email=ashwinraj.pixel@gmail.com&delivery_name=Ashwin Raj&delivery_address=No 71/29, Chinna Thambi Street, kosapet, Chennai-12&delivery_city=Chennai&delivery_state=Uttar Pradesh&delivery_zip=766666&delivery_country=India&delivery_tel=08667243071&merchant_param1=&merchant_param2=&merchant_param3=&merchant_param4=&merchant_param5=&vault=N&offer_type=null&offer_code=null&discount_value=0.0&mer_amount=4972.50&eci_value=null&retry=N&response_code=0&billing_notes=&trans_date=08/05/2019 17:38:42&bin_country=', 6, 'Success', 'Net Banking', NULL, '2019-05-08 17:38:07', '2019-05-08 17:38:07'),
(58, '308005058796', 0, 'order_id=KK00100220&tracking_id=308005058796&bank_ref_no=null&order_status=Aborted&failure_message=&payment_mode=null&card_name=null&status_code=&status_message=Cancel reason is not specified by the customer.&currency=INR&amount=19806.93&billing_name=Ayyanar Ayan&billing_address=No.89, Pillayaedr Kovil St&billing_city=Chennai&billing_state=Tamil Nadu&billing_zip=600040&billing_country=India&billing_tel=8899556622&billing_email=ayanvsa007@gmail.com&delivery_name=Ayyanar Ayan&delivery_address=No.89, Pillayaedr Kovil St&delivery_city=Chennai&delivery_state=Tamil Nadu&delivery_zip=600040&delivery_country=India&delivery_tel=8899556622&merchant_param1=&merchant_param2=&merchant_param3=&merchant_param4=&merchant_param5=&vault=N&offer_type=null&offer_code=null&discount_value=0.0&mer_amount=19806.93&eci_value=&retry=null&response_code=&billing_notes=&trans_date=null&bin_country=', 1, 'Aborted', 'null', NULL, '2019-05-09 19:34:40', '2019-05-09 19:34:40'),
(59, '308005060179', 0, 'order_id=KK00100221&tracking_id=308005060179&bank_ref_no=1557474116279&order_status=Success&failure_message=&payment_mode=Net Banking&card_name=AvenuesTest&status_code=null&status_message=Y&currency=INR&amount=15005.25&billing_name=Ayyanar Ayan&billing_address=No.89, Pillayaedr Kovil St&billing_city=Chennai&billing_state=Tamil Nadu&billing_zip=600040&billing_country=India&billing_tel=8899556622&billing_email=ayanvsa007@gmail.com&delivery_name=Ayyanar Ayan&delivery_address=No.89, Pillayaedr Kovil St&delivery_city=Chennai&delivery_state=Tamil Nadu&delivery_zip=600040&delivery_country=India&delivery_tel=8899556622&merchant_param1=&merchant_param2=&merchant_param3=&merchant_param4=&merchant_param5=&vault=N&offer_type=null&offer_code=null&discount_value=0.0&mer_amount=15005.25&eci_value=null&retry=N&response_code=0&billing_notes=&trans_date=10/05/2019 13:12:35&bin_country=', 1, 'Success', 'Net Banking', NULL, '2019-05-10 13:11:58', '2019-05-10 13:11:58'),
(60, '308005065847', 0, 'order_id=KK00100222&tracking_id=308005065847&bank_ref_no=1557740687545&order_status=Success&failure_message=&payment_mode=Net Banking&card_name=AvenuesTest&status_code=null&status_message=Y&currency=INR&amount=196554.00&billing_name=Ashwin Raj&billing_address=No 71/29, Chinna Thambi Street, kosapet, Chennai-12&billing_city=Chennai&billing_state=Uttar Pradesh&billing_zip=766666&billing_country=India&billing_tel=08667243071&billing_email=ashwinraj.pixel@gmail.com&delivery_name=Ashwin Raj&delivery_address=No 71/29, Chinna Thambi Street, kosapet, Chennai-12&delivery_city=Chennai&delivery_state=Uttar Pradesh&delivery_zip=766666&delivery_country=India&delivery_tel=08667243071&merchant_param1=&merchant_param2=&merchant_param3=&merchant_param4=&merchant_param5=&vault=N&offer_type=null&offer_code=null&discount_value=0.0&mer_amount=196554.00&eci_value=null&retry=N&response_code=0&billing_notes=&trans_date=13/05/2019 15:15:27&bin_country=', 6, 'Success', 'Net Banking', NULL, '2019-05-13 15:14:51', '2019-05-13 15:14:51'),
(61, '308005134835', 0, 'order_id=KK00100226&tracking_id=308005134835&bank_ref_no=null&order_status=Timeout&failure_message=&payment_mode=null&card_name=&status_code=&status_message=Session Expired&currency=INR&amount=33051.04&billing_name=John Paul&billing_address=Address 1&billing_city=Chennai&billing_state=Tamil Nadu&billing_zip=600009&billing_country=India&billing_tel=9487878978&billing_email=john@pix.in&delivery_name=John Paul&delivery_address=Address 1&delivery_city=Chennai&delivery_state=Tamil Nadu&delivery_zip=600009&delivery_country=India&delivery_tel=9487878978&merchant_param1=&merchant_param2=&merchant_param3=&merchant_param4=&merchant_param5=&vault=N&offer_type=null&offer_code=null&discount_value=0.0&mer_amount=33051.04&eci_value=&retry=N&response_code=&billing_notes=&trans_date=null&bin_country=', 3, 'Timeout', 'null', NULL, '2019-06-06 11:50:04', '2019-06-06 11:50:04'),
(62, '108598311761', 0, 'order_id=KK00100228&tracking_id=108598311761&bank_ref_no=null&order_status=Aborted&failure_message=&payment_mode=null&card_name=null&status_code=&status_message=Cancel reason is not specified by the customer.&currency=INR&amount=20244.26&billing_name=John Paul&billing_address=Address 1&billing_city=Chennai&billing_state=Tamil Nadu&billing_zip=600009&billing_country=India&billing_tel=9487878978&billing_email=john@pix.in&delivery_name=John Paul&delivery_address=Address 1&delivery_city=Chennai&delivery_state=Tamil Nadu&delivery_zip=600009&delivery_country=India&delivery_tel=9487878978&merchant_param1=&merchant_param2=&merchant_param3=&merchant_param4=&merchant_param5=&vault=N&offer_type=null&offer_code=null&discount_value=0.0&mer_amount=20244.26&eci_value=&retry=null&response_code=&billing_notes=&trans_date=null&bin_country=', 3, 'Aborted', 'null', NULL, '2019-06-06 12:03:11', '2019-06-06 12:03:11'),
(63, '108598319522', 0, 'order_id=KK00100229&tracking_id=108598319522&bank_ref_no=null&order_status=Timeout&failure_message=&payment_mode=null&card_name=&status_code=&status_message=Session Expired&currency=INR&amount=5791.50&billing_name=John Paul&billing_address=Address 1&billing_city=Chennai&billing_state=Tamil Nadu&billing_zip=600009&billing_country=India&billing_tel=9487878978&billing_email=john@pix.in&delivery_name=John Paul&delivery_address=Address 1&delivery_city=Chennai&delivery_state=Tamil Nadu&delivery_zip=600009&delivery_country=India&delivery_tel=9487878978&merchant_param1=&merchant_param2=&merchant_param3=&merchant_param4=&merchant_param5=&vault=N&offer_type=null&offer_code=null&discount_value=0.0&mer_amount=5791.50&eci_value=&retry=N&response_code=&billing_notes=&trans_date=null&bin_country=', 3, 'Timeout', 'null', NULL, '2019-06-06 12:38:40', '2019-06-06 12:38:40'),
(64, '108690501141', 0, 'order_id=KK00100235&tracking_id=108690501141&bank_ref_no=null&order_status=Aborted&failure_message=&payment_mode=null&card_name=null&status_code=&status_message=Cancel reason is not specified by the customer.&currency=INR&amount=13262.48&billing_name=Ashwin Raj&billing_address=No 71/29, Chinna Thambi Street, kosapet, Chennai-12&billing_city=Chennai&billing_state=Andhra Pradesh&billing_zip=600007&billing_country=India&billing_tel=9444631387&billing_email=ashwinraj2394@gmail.com&delivery_name=Ashwin Raj&delivery_address=No 71/29, Chinna Thambi Street, kosapet, Chennai-12&delivery_city=Chennai&delivery_state=Andhra Pradesh&delivery_zip=600007&delivery_country=India&delivery_tel=9444631387&merchant_param1=&merchant_param2=&merchant_param3=&merchant_param4=&merchant_param5=&vault=N&offer_type=null&offer_code=null&discount_value=0.0&mer_amount=13262.48&eci_value=&retry=null&response_code=&billing_notes=&trans_date=null&bin_country=', 1, 'Aborted', 'null', NULL, '2019-10-21 13:54:45', '2019-10-21 13:54:45'),
(65, '108690498926', 0, 'order_id=KK00100234&tracking_id=108690498926&bank_ref_no=null&order_status=Timeout&failure_message=&payment_mode=null&card_name=&status_code=&status_message=Session Expired&currency=INR&amount=20857.72&billing_name=Ashwin Raj&billing_address=No 71/29, Chinna Thambi Street, kosapet, Chennai-12&billing_city=Chennai&billing_state=Andhra Pradesh&billing_zip=600007&billing_country=India&billing_tel=9444631387&billing_email=ashwinraj2394@gmail.com&delivery_name=Ashwin Raj&delivery_address=No 71/29, Chinna Thambi Street, kosapet, Chennai-12&delivery_city=Chennai&delivery_state=Andhra Pradesh&delivery_zip=600007&delivery_country=India&delivery_tel=9444631387&merchant_param1=&merchant_param2=&merchant_param3=&merchant_param4=&merchant_param5=&vault=N&offer_type=null&offer_code=null&discount_value=0.0&mer_amount=20857.72&eci_value=&retry=N&response_code=&billing_notes=&trans_date=null&bin_country=', 1, 'Timeout', 'null', NULL, '2019-10-21 14:06:02', '2019-10-21 14:06:02'),
(66, '108729449981', 0, 'order_id=KK00100238&tracking_id=108729449981&bank_ref_no=null&order_status=Initiated&failure_message=&payment_mode=Credit Card&card_name=Visa&status_code=&status_message=card not supported&currency=INR&amount=77367.00&billing_name=Southern Cross University&billing_address=518 SPACES Tower 2,pattulous road, Royapettah&billing_city=Chennai&billing_state=Tamil Nadu&billing_zip=600014&billing_country=India&billing_tel=9940177834&billing_email=nivedhitha0495@gmail.com&delivery_name=Southern Cross University&delivery_address=518 SPACES Tower 2,pattulous road, Royapettah&delivery_city=Chennai&delivery_state=Tamil Nadu&delivery_zip=600014&delivery_country=India&delivery_tel=9940177834&merchant_param1=&merchant_param2=&merchant_param3=&merchant_param4=&merchant_param5=&vault=N&offer_type=null&offer_code=null&discount_value=0.0&mer_amount=77367.00&eci_value=&retry=null&response_code=&billing_notes=&trans_date=20/12/2019 13:26:06&bin_country=', 73, 'Initiated', 'Credit Card', NULL, '2019-12-20 13:25:27', '2019-12-20 13:25:27'),
(67, 'order_GZ3YlbAh08hSEU', 0, '4204ba3fcd70552f818bee12375132af39a93af5ab5c91e380d16483a0847275', 1, 'Success', '', NULL, '2021-02-08 16:34:30', '2021-02-08 16:34:30'),
(68, 'order_GZNRE7Bexdkjml', 0, 'f5c58e80c1282b5750cf8bf16f293f748e487297f4911cf231aca3c907ac8188', 1, 'Success', '', NULL, '2021-02-09 12:00:43', '2021-02-09 12:00:43'),
(69, 'order_GZQMWs3UvqmZJq', 0, 'b380736294b772ef57108e7bedcb0a7c38711c755460553cc80a5121d37f4ebb', 96, 'Success', '', NULL, '2021-02-09 14:52:20', '2021-02-09 14:52:20'),
(70, 'order_GZQZ1nS6EYRcIL', 0, '0543982d9a780d8d8bf26c0e765d12318ab131ce5dca791999a257a8023dc1e1', 1, 'Success', '', NULL, '2021-02-09 15:05:15', '2021-02-09 15:05:15'),
(71, 'order_GcsWvxHFj9zLNb', 0, '1a9542143f5da4918944d40a59e9881fed0095499436f89db88736cf5ecb4556', 102, 'Success', '', NULL, '2021-02-18 08:26:43', '2021-02-18 08:26:43'),
(72, 'order_H0guxIPn40sjnz', 0, '1582304ca051ae2bb5c798039e497d05ce81f1c3ca2828c88e0f53180e66ccda', 108, 'Success', '', NULL, '2021-04-19 12:37:31', '2021-04-19 12:37:31');

-- --------------------------------------------------------

--
-- Table structure for table `kr_city`
--

CREATE TABLE `kr_city` (
  `cityid` int(11) NOT NULL,
  `countryid` int(11) NOT NULL,
  `stateid` int(11) DEFAULT NULL,
  `cityname` varchar(255) NOT NULL,
  `IsActive` int(11) DEFAULT NULL,
  `UserId` int(11) DEFAULT NULL,
  `CreatedDate` datetime NOT NULL,
  `ModifiedDate` datetime NOT NULL
) ENGINE=InnoDB DEFAULT CHARSET=latin1;

--
-- Dumping data for table `kr_city`
--

INSERT INTO `kr_city` (`cityid`, `countryid`, `stateid`, `cityname`, `IsActive`, `UserId`, `CreatedDate`, `ModifiedDate`) VALUES
(1, 0, 1, 'Chennai', 2, 16, '2016-04-19 16:53:15', '2019-05-03 12:57:45'),
(2, 0, 2, 'Cochin', 0, 1, '2016-03-11 10:54:19', '2016-08-03 16:47:14'),
(3, 0, 1, 'Coimbatore', 2, 16, '2016-03-30 10:21:35', '2019-05-03 12:57:47'),
(4, 0, 1, 'Trichy', 2, 16, '2016-03-30 10:21:53', '2019-05-03 12:57:56'),
(5, 0, 1, 'Madurai', 2, 16, '2016-03-30 10:22:59', '2019-05-03 12:57:51'),
(6, 0, 1, 'Viluppuram', 2, 1, '2016-04-20 12:25:03', '2018-11-08 16:00:24'),
(7, 0, 4, 'tester city', 2, 6, '2016-04-16 15:13:59', '2016-08-03 16:47:14'),
(8, 0, 1, 'Kanchipuram', 2, 16, '2016-04-16 15:14:16', '2019-05-03 12:57:49'),
(15, 0, 11, 'Serangoon', 1, 6, '2016-05-06 11:07:02', '2016-08-03 16:47:14'),
(16, 0, 12, 'Bradel', 1, 7, '2016-05-09 10:50:02', '2016-08-03 16:47:14'),
(17, 0, 16, 'test', 2, 16, '2018-11-08 15:49:03', '2019-05-03 12:57:53'),
(18, 0, 1, 'asasa', 2, 22, '2018-12-17 13:03:00', '2018-12-17 13:03:29'),
(19, 0, 1, 'testcity4444', 2, 16, '2018-12-23 16:06:26', '2019-05-03 12:57:55'),
(20, 0, 3, 'city1503', 2, 16, '2019-03-15 11:52:49', '2019-03-15 11:53:02'),
(21, 0, 1, 'Chennai', 1, 15, '2020-08-13 17:44:30', '2020-08-13 17:52:17'),
(22, 1, 25, 'kkk', 2, 15, '2020-08-13 18:32:25', '2020-08-13 18:32:42'),
(23, 31, 59, 'kt', 1, 15, '2020-09-02 10:58:21', '2020-09-02 11:04:42'),
(24, 1, 1, 'ch', 1, 1, '2020-12-22 16:22:16', '0000-00-00 00:00:00');

-- --------------------------------------------------------

--
-- Table structure for table `kr_cms_block`
--

CREATE TABLE `kr_cms_block` (
  `cms_blockid` int(11) NOT NULL,
  `cms_blockname` varchar(500) NOT NULL,
  `cms_blogslug` varchar(500) NOT NULL,
  `front_content` text NOT NULL,
  `cms_blogdesc` text NOT NULL,
  `IsActive` int(11) DEFAULT NULL,
  `UserId` int(11) DEFAULT NULL,
  `actual_slug` varchar(500) NOT NULL,
  `createdDate` datetime NOT NULL,
  `modifiedDate` datetime NOT NULL
) ENGINE=InnoDB DEFAULT CHARSET=latin1;

--
-- Dumping data for table `kr_cms_block`
--

INSERT INTO `kr_cms_block` (`cms_blockid`, `cms_blockname`, `cms_blogslug`, `front_content`, `cms_blogdesc`, `IsActive`, `UserId`, `actual_slug`, `createdDate`, `modifiedDate`) VALUES
(3, 'Inbase Contact info', 'inbase-contact-info', '<ul class=\"nav navbar-nav topcontact\">\r\n    <li>\r\n        <a href=\"tel:+919383938393\" class=\"lightbtn\"> \r\n  <span>\r\n  <img src=\"static/images/icons/call.png\" class=\"img-responsive\" alt=\"\">\r\n  \r\n  </span>  \r\n  <span>+91 9383 9383 93</span>\r\n  </a>\r\n    </li>\r\n    <li><a href=\"mailto:   inbase@inbase.in\">   inbase</a></li>\r\n</ul>', '<ul class=\"nav navbar-nav topcontact\">\r\n    <li>\r\n        <a href=\"tel:+919383938393\" class=\"lightbtn\"> \r\n  <span>\r\n  <img src=\"static/images/icons/call.png\" class=\"img-responsive\" alt=\"\">\r\n  \r\n  </span>  \r\n  <span>+91 9383 9383 93</span>\r\n  </a>\r\n    </li>\r\n    <li><a href=\"mailto:   inbase@inbase.in\">   inbase</a></li>\r\n</ul>', 0, 1, 'inbase-contact-info', '2018-12-18 17:39:26', '2020-12-17 13:58:01'),
(6, 'Footer Contact', 'footer-contact', '<div class=\"col-md-3 col-sm-3 col-xs-12 footer-inner content-para footerleft\">\r\n    <div class=\"small-title\">Contact</div>\r\n    <p>\r\n        Inbase\r\n    </p>\r\n    <p>\r\n        <a href=\"mailto:support@Inbase.in\">support@Inbase.in</a>\r\n    </p>\r\n    <p>\r\n        <a href=\"tel:+91000000\"> +91 900 00 00 0</a>\r\n    </p>\r\n</div>', '<div class=\"col-md-3 col-sm-3 col-xs-12 footer-inner content-para footerleft\">\r\n    <div class=\"small-title\">Contact</div>\r\n    <p>\r\n       Inbase\r\n    </p>\r\n    <p>\r\n        <a href=\"mailto:support@Inbase.in\">support@Inbase.in</a>\r\n    </p>\r\n    <p>\r\n        <a href=\"tel:+919999999\"> +91 9999 9999</a>\r\n    </p>\r\n</div>', 0, 1, 'contact', '2018-12-19 10:40:57', '2020-12-17 13:58:06'),
(7, 'Footer Inbase', 'footer-inbase-gift-mart', '<ul>\r\n    <li>\r\n        <a href=\"https://www.inbasetech.in/termsandconditions\">Terms &amp; conditions</a></li>\r\n    <li><a href=\"https://www.inbasetech.in/privacypolicy\">Privacy Policy</a></li>\r\n    <li><a href=\"https://www.inbasetech.in/deliveryinformation\">Shipping &amp; Delivery Policy</a></li>\r\n    <li><a href=\"https://www.inbasetech.in/returnpolicy\">Return Policy</a></li>\r\n    <li><a href=\"https://www.inbasetech.in/disclaimers\">Disclaimers</a></li>\r\n    <li><a href=\"https://www.inbasetech.in/termsofuse\">Term Of Use</a></li>\r\n</ul>', '<ul>\r\n    <li>\r\n        <a href=\"https://www.inbasetech.in/termsandconditions\">Terms &amp; conditions</a></li>\r\n    <li><a href=\"https://www.inbasetech.in/privacypolicy\">Privacy Policy</a></li>\r\n    <li><a href=\"https://www.inbasetech.in/deliveryinformation\">Shipping &amp; Delivery Policy</a></li>\r\n    <li><a href=\"https://www.inbasetech.in/returnpolicy\">Return Policy</a></li>\r\n    <li><a href=\"https://www.inbasetech.in/disclaimers\">Disclaimers</a></li>\r\n    <li><a href=\"https://www.inbasetech.in/termsofuse\">Term Of Use</a></li>\r\n</ul>', 1, 1, 'footer-inbase-gift-mart', '2018-12-19 10:54:55', '2021-02-09 12:53:19'),
(8, 'Footer Support', 'footer-support', '<ul>\r\n    <!-- <li><a href=\"giftvoucher\">Gift Vouchers</a></li>-->\r\n    <li><a href=\"https://www.inbasetech.in/aboutus\">About Us</a></li>\r\n    <!--<li><a href=\"#\">Product Returns</a></li>-->\r\n    <li><a href=\"https://www.inbasetech.in/contactus\">Contact Us</a></li>\r\n    <li><a href=\"https://www.inbasetech.in/corporate-gifts\">Corporate Gifting</a></li>\r\n    <li><a href=\"https://www.inbasetech.in/my-account\">My Account</a></li>\r\n</ul>', '<ul>\r\n    <!-- <li><a href=\"giftvoucher\">Gift Vouchers</a></li>-->\r\n    <li><a href=\"https://www.inbasetech.in/aboutus\">About Us</a></li>\r\n    <!--<li><a href=\"#\">Product Returns</a></li>-->\r\n    <li><a href=\"https://www.inbasetech.in/contactus\">Contact Us</a></li>\r\n    <li><a href=\"https://www.inbasetech.in/corporate-gifts\">Corporate Gifting</a></li>\r\n    <li><a href=\"https://www.inbasetech.in/my-account\">My Account</a></li>\r\n</ul>', 1, 1, 'footer-support', '2018-12-19 10:56:25', '2021-02-09 12:53:51'),
(9, 'Footer Product Catagory', 'footer-product-catagory', '<ul>\r\n    <li><a href=\"https://www.inbasetech.in/power\">Power</a></li>\r\n    <li><a href=\"https://www.inbasetech.in/smart-wearable\">Smart Wearable</a></li>\r\n    <li><a href=\"https://www.inbasetech.in/audio\">Audio</a></li>\r\n    <li><a href=\"https://www.inbasetech.in/cables-and-connectors\">Cables &amp; Connectors</a></li>\r\n    <li><a href=\"https://www.inbasetech.in/lifestyle\">Lifestyle</a></li>\r\n</ul>', '<ul>\r\n    <li><a href=\"https://www.inbasetech.in/power\">Power</a></li>\r\n    <li><a href=\"https://www.inbasetech.in/smart-wearable\">Smart Wearable</a></li>\r\n    <li><a href=\"https://www.inbasetech.in/audio\">Audio</a></li>\r\n    <li><a href=\"https://www.inbasetech.in/cables-and-connectors\">Cables &amp; Connectors</a></li>\r\n    <li><a href=\"https://www.inbasetech.in/lifestyle\">Lifestyle</a></li>\r\n</ul>', 1, 1, 'footer-product-catagory', '2018-12-19 10:58:07', '2021-02-09 12:53:43'),
(10, 'Footer Follow us', 'footer-follow-us', '<ul class=\"socials\">\r\n    <li> <a target=\"_blank\" href=\"https://www.instagram.com/inbasetech/\">\r\n              <svg xmlns=\"http://www.w3.org/2000/svg\" xmlns:xlink=\"http://www.w3.org/1999/xlink\" xmlns:svgjs=\"http://svgjs.com/svgjs\" version=\"1.1\" width=\"512\" height=\"512\" x=\"0\" y=\"0\" viewBox=\"0 0 438.536 438.536\" style=\"enable-background:new 0 0 512 512\" xml:space=\"preserve\" class=\"\">\r\n                <g>\r\n                  <g xmlns=\"http://www.w3.org/2000/svg\">\r\n                    <path d=\"M421.981,16.562C410.941,5.519,397.711,0,382.298,0H56.248C40.83,0,27.604,5.521,16.561,16.562   C5.52,27.6,0.001,40.828,0.001,56.243V382.29c0,15.413,5.518,28.644,16.56,39.683c11.043,11.04,24.272,16.563,39.687,16.563   h326.046c15.41,0,28.644-5.523,39.684-16.563c11.043-11.039,16.557-24.27,16.557-39.683V56.243   C438.534,40.825,433.021,27.604,421.981,16.562z M157.462,158.025c17.224-16.652,37.924-24.982,62.097-24.982   c24.36,0,45.153,8.33,62.381,24.982c17.228,16.655,25.837,36.785,25.837,60.386c0,23.598-8.609,43.729-25.837,60.379   c-17.228,16.659-38.014,24.988-62.381,24.988c-24.172,0-44.87-8.336-62.097-24.988c-17.228-16.652-25.841-36.781-25.841-60.379   C131.621,194.81,140.234,174.681,157.462,158.025z M388.865,370.589c0,4.945-1.718,9.083-5.141,12.416   c-3.433,3.33-7.519,4.996-12.282,4.996h-305.2c-4.948,0-9.091-1.666-12.419-4.996c-3.333-3.326-4.998-7.471-4.998-12.416V185.575   H89.08c-3.805,11.993-5.708,24.462-5.708,37.402c0,36.553,13.322,67.715,39.969,93.511c26.65,25.786,58.721,38.685,96.217,38.685   c24.744,0,47.583-5.903,68.527-17.703c20.937-11.807,37.486-27.839,49.676-48.112c12.183-20.272,18.274-42.4,18.274-66.38   c0-12.94-1.91-25.406-5.715-37.402h38.547v185.014H388.865z M388.865,115.626c0,5.52-1.903,10.184-5.716,13.99   c-3.805,3.809-8.466,5.711-13.989,5.711h-49.676c-5.517,0-10.185-1.903-13.99-5.711c-3.806-3.806-5.708-8.47-5.708-13.99V68.522   c0-5.33,1.902-9.945,5.708-13.848c3.806-3.901,8.474-5.854,13.99-5.854h49.676c5.523,0,10.185,1.952,13.989,5.854   c3.812,3.903,5.716,8.518,5.716,13.848V115.626z\" fill=\"#efba0d\" data-original=\"#000000\" style=\"\" class=\"\"></path>\r\n                  </g>\r\n                </g>\r\n              </svg>\r\n              </a> </li>\r\n    <li> <a target=\"_blank\" href=\"https://www.facebook.com/inbasetech\">\r\n              <svg xmlns=\"http://www.w3.org/2000/svg\" xmlns:xlink=\"http://www.w3.org/1999/xlink\" xmlns:svgjs=\"http://svgjs.com/svgjs\" version=\"1.1\" width=\"512\" height=\"512\" x=\"0\" y=\"0\" viewBox=\"0 0 512 512\" style=\"enable-background:new 0 0 512 512\" xml:space=\"preserve\">\r\n                <g>\r\n                  <g xmlns=\"http://www.w3.org/2000/svg\">\r\n                    <g>\r\n                      <path d=\"M288,176v-64c0-17.664,14.336-32,32-32h32V0h-64c-53.024,0-96,42.976-96,96v80h-64v80h64v256h96V256h64l32-80H288z\" fill=\"#efba0d\" data-original=\"#000000\" style=\"\"></path>\r\n                    </g>\r\n                  </g>\r\n                </g>\r\n              </svg>\r\n              </a> </li>\r\n    <li> <a target=\"_blank\" href=\"https://twitter.com/Inbasetech\">\r\n                  <svg version=\"1.1\" id=\"Capa_1\" xmlns=\"http://www.w3.org/2000/svg\" xmlns:xlink=\"http://www.w3.org/1999/xlink\" x=\"0px\" y=\"0px\" viewBox=\"0 0 512 512\" style=\"enable-background:new 0 0 512 512;\" xml:space=\"preserve\">\r\n<g>\r\n	<g>\r\n		<path fill=\"#efba0d\" d=\"M512,97.248c-19.04,8.352-39.328,13.888-60.48,16.576c21.76-12.992,38.368-33.408,46.176-58.016\r\n			c-20.288,12.096-42.688,20.64-66.56,25.408C411.872,60.704,384.416,48,354.464,48c-58.112,0-104.896,47.168-104.896,104.992\r\n			c0,8.32,0.704,16.32,2.432,23.936c-87.264-4.256-164.48-46.08-216.352-109.792c-9.056,15.712-14.368,33.696-14.368,53.056\r\n			c0,36.352,18.72,68.576,46.624,87.232c-16.864-0.32-33.408-5.216-47.424-12.928c0,0.32,0,0.736,0,1.152\r\n			c0,51.008,36.384,93.376,84.096,103.136c-8.544,2.336-17.856,3.456-27.52,3.456c-6.72,0-13.504-0.384-19.872-1.792\r\n			c13.6,41.568,52.192,72.128,98.08,73.12c-35.712,27.936-81.056,44.768-130.144,44.768c-8.608,0-16.864-0.384-25.12-1.44\r\n			C46.496,446.88,101.6,464,161.024,464c193.152,0,298.752-160,298.752-298.688c0-4.64-0.16-9.12-0.384-13.568\r\n			C480.224,136.96,497.728,118.496,512,97.248z\"></path>\r\n	</g>\r\n</g>\r\n\r\n</svg>\r\n              </a></li>\r\n</ul>', '<ul class=\"socials\">\r\n    <li> <a target=\"_blank\" href=\"https://www.instagram.com/inbasetech/\">\r\n              <svg xmlns=\"http://www.w3.org/2000/svg\" xmlns:xlink=\"http://www.w3.org/1999/xlink\" xmlns:svgjs=\"http://svgjs.com/svgjs\" version=\"1.1\" width=\"512\" height=\"512\" x=\"0\" y=\"0\" viewBox=\"0 0 438.536 438.536\" style=\"enable-background:new 0 0 512 512\" xml:space=\"preserve\" class=\"\">\r\n                <g>\r\n                  <g xmlns=\"http://www.w3.org/2000/svg\">\r\n                    <path d=\"M421.981,16.562C410.941,5.519,397.711,0,382.298,0H56.248C40.83,0,27.604,5.521,16.561,16.562   C5.52,27.6,0.001,40.828,0.001,56.243V382.29c0,15.413,5.518,28.644,16.56,39.683c11.043,11.04,24.272,16.563,39.687,16.563   h326.046c15.41,0,28.644-5.523,39.684-16.563c11.043-11.039,16.557-24.27,16.557-39.683V56.243   C438.534,40.825,433.021,27.604,421.981,16.562z M157.462,158.025c17.224-16.652,37.924-24.982,62.097-24.982   c24.36,0,45.153,8.33,62.381,24.982c17.228,16.655,25.837,36.785,25.837,60.386c0,23.598-8.609,43.729-25.837,60.379   c-17.228,16.659-38.014,24.988-62.381,24.988c-24.172,0-44.87-8.336-62.097-24.988c-17.228-16.652-25.841-36.781-25.841-60.379   C131.621,194.81,140.234,174.681,157.462,158.025z M388.865,370.589c0,4.945-1.718,9.083-5.141,12.416   c-3.433,3.33-7.519,4.996-12.282,4.996h-305.2c-4.948,0-9.091-1.666-12.419-4.996c-3.333-3.326-4.998-7.471-4.998-12.416V185.575   H89.08c-3.805,11.993-5.708,24.462-5.708,37.402c0,36.553,13.322,67.715,39.969,93.511c26.65,25.786,58.721,38.685,96.217,38.685   c24.744,0,47.583-5.903,68.527-17.703c20.937-11.807,37.486-27.839,49.676-48.112c12.183-20.272,18.274-42.4,18.274-66.38   c0-12.94-1.91-25.406-5.715-37.402h38.547v185.014H388.865z M388.865,115.626c0,5.52-1.903,10.184-5.716,13.99   c-3.805,3.809-8.466,5.711-13.989,5.711h-49.676c-5.517,0-10.185-1.903-13.99-5.711c-3.806-3.806-5.708-8.47-5.708-13.99V68.522   c0-5.33,1.902-9.945,5.708-13.848c3.806-3.901,8.474-5.854,13.99-5.854h49.676c5.523,0,10.185,1.952,13.989,5.854   c3.812,3.903,5.716,8.518,5.716,13.848V115.626z\" fill=\"#efba0d\" data-original=\"#000000\" style=\"\" class=\"\"></path>\r\n                  </g>\r\n                </g>\r\n              </svg>\r\n              </a> </li>\r\n    <li> <a target=\"_blank\" href=\"https://www.facebook.com/inbasetech\">\r\n              <svg xmlns=\"http://www.w3.org/2000/svg\" xmlns:xlink=\"http://www.w3.org/1999/xlink\" xmlns:svgjs=\"http://svgjs.com/svgjs\" version=\"1.1\" width=\"512\" height=\"512\" x=\"0\" y=\"0\" viewBox=\"0 0 512 512\" style=\"enable-background:new 0 0 512 512\" xml:space=\"preserve\">\r\n                <g>\r\n                  <g xmlns=\"http://www.w3.org/2000/svg\">\r\n                    <g>\r\n                      <path d=\"M288,176v-64c0-17.664,14.336-32,32-32h32V0h-64c-53.024,0-96,42.976-96,96v80h-64v80h64v256h96V256h64l32-80H288z\" fill=\"#efba0d\" data-original=\"#000000\" style=\"\"></path>\r\n                    </g>\r\n                  </g>\r\n                </g>\r\n              </svg>\r\n              </a> </li>\r\n    <li> <a target=\"_blank\" href=\"https://twitter.com/Inbasetech\">\r\n                  <svg version=\"1.1\" id=\"Capa_1\" xmlns=\"http://www.w3.org/2000/svg\" xmlns:xlink=\"http://www.w3.org/1999/xlink\" x=\"0px\" y=\"0px\" viewBox=\"0 0 512 512\" style=\"enable-background:new 0 0 512 512;\" xml:space=\"preserve\">\r\n<g>\r\n	<g>\r\n		<path fill=\"#efba0d\" d=\"M512,97.248c-19.04,8.352-39.328,13.888-60.48,16.576c21.76-12.992,38.368-33.408,46.176-58.016\r\n			c-20.288,12.096-42.688,20.64-66.56,25.408C411.872,60.704,384.416,48,354.464,48c-58.112,0-104.896,47.168-104.896,104.992\r\n			c0,8.32,0.704,16.32,2.432,23.936c-87.264-4.256-164.48-46.08-216.352-109.792c-9.056,15.712-14.368,33.696-14.368,53.056\r\n			c0,36.352,18.72,68.576,46.624,87.232c-16.864-0.32-33.408-5.216-47.424-12.928c0,0.32,0,0.736,0,1.152\r\n			c0,51.008,36.384,93.376,84.096,103.136c-8.544,2.336-17.856,3.456-27.52,3.456c-6.72,0-13.504-0.384-19.872-1.792\r\n			c13.6,41.568,52.192,72.128,98.08,73.12c-35.712,27.936-81.056,44.768-130.144,44.768c-8.608,0-16.864-0.384-25.12-1.44\r\n			C46.496,446.88,101.6,464,161.024,464c193.152,0,298.752-160,298.752-298.688c0-4.64-0.16-9.12-0.384-13.568\r\n			C480.224,136.96,497.728,118.496,512,97.248z\"></path>\r\n	</g>\r\n</g>\r\n\r\n</svg>\r\n              </a></li>\r\n</ul>', 1, 1, 'footer-follow-us', '2018-12-19 11:01:19', '2021-02-09 12:25:06'),
(11, 'home block images', 'home-block-images', '<div class=\"custom-row\">\r\n    <div class=\"block-single\">\r\n        <a href=\"newproducts\"><img src=\"static/images/blocks/1.jpg\" class=\"img-responsive\" alt=\"\"></a>\r\n    </div>\r\n    <div class=\"block-single\">\r\n        <a href=\"#\"><img src=\"static/images/blocks/2.jpg\" class=\"img-responsive\" alt=\"\"></a>\r\n    </div>\r\n    <div class=\"block-single\">\r\n        <a href=\"#\"><img src=\"static/images/blocks/3.jpg\" class=\"img-responsive\" alt=\"\"></a>\r\n    </div>\r\n    <div class=\"block-single\">\r\n        <a href=\"#\"><img src=\"static/images/blocks/4.jpg\" class=\"img-responsive\" alt=\"\"></a>\r\n    </div>\r\n</div>', '<div class=\"custom-row\">\r\n    <div class=\"block-single\">\r\n        <a href=\"newproducts\"><img src=\"static/images/blocks/1.jpg\" class=\"img-responsive\" alt=\"\"></a>\r\n    </div>\r\n    <div class=\"block-single\">\r\n        <a href=\"#\"><img src=\"static/images/blocks/2.jpg\" class=\"img-responsive\" alt=\"\"></a>\r\n    </div>\r\n    <div class=\"block-single\">\r\n        <a href=\"#\"><img src=\"static/images/blocks/3.jpg\" class=\"img-responsive\" alt=\"\"></a>\r\n    </div>\r\n    <div class=\"block-single\">\r\n        <a href=\"#\"><img src=\"static/images/blocks/4.jpg\" class=\"img-responsive\" alt=\"\"></a>\r\n    </div>\r\n</div>', 0, 1, 'home-block-images', '2018-12-19 11:25:12', '2020-12-17 13:57:44'),
(12, 'kk', 'kk', '<p>kkf ghfg<br></p>', '<p>kkf ghfg<br></p>', 2, 16, 'kk', '2020-12-12 13:25:25', '2020-12-12 13:25:45'),
(13, 'Inbase copy-rights', 'inbase-copy-rights', '<p> 2021&nbsp;inbase. All rights reserved</p>', '<p> 2021&nbsp;inbase. All rights reserved</p>', 1, 1, 'inbase-copy-rights', '2020-12-17 13:54:41', '2021-02-04 15:48:40'),
(14, 'Home Block1', 'home-block-1', '<div class=\"col-md-6\">\r\n    <div class=\"port-list big-port\"> <img src=\"https://inbasetech.in/uploads/customfields/16082144435portfolio-1.png\"><br>\r\n        <div class=\"port-content\">\r\n            <h2 class=\"port-title\">IB001 STEREO <span>EARPHONE</span></h2>\r\n            <p class=\"port-description\"> <span>Heavy Bass</span> <span>Crystal Clear Sound</span> <span>Theater Experience</span> </p>\r\n        </div>\r\n        <a href=\"\" class=\"transparent-btn\">Buy Now</a> </div>\r\n</div>', '<div class=\"col-md-6\">\r\n    <div class=\"port-list big-port\"> <img src=\"https://inbasetech.in/uploads/customfields/16082144435portfolio-1.png\"><br>\r\n        <div class=\"port-content\">\r\n            <h2 class=\"port-title\">IB001 STEREO <span>EARPHONE</span></h2>\r\n            <p class=\"port-description\"> <span>Heavy Bass</span> <span>Crystal Clear Sound</span> <span>Theater Experience</span> </p>\r\n        </div>\r\n        <a href=\"\" class=\"transparent-btn\">Buy Now</a> </div>\r\n</div>', 1, 1, 'home-block-1', '2020-12-17 15:53:47', '2021-02-09 12:54:24'),
(16, 'Home Block 2', 'home-block-2', '<div class=\"col-md-12\">\r\n    <div class=\"port-list small-port\"> <img src=\"https://inbasetech.in/uploads/customfields/16082145092portfolio-2.png\"><br>\r\n        <div class=\"port-content\">\r\n            <h2 class=\"port-title\">3.1A UNIVERSAL <span>CAR CHARGER</span></h2>\r\n        </div>\r\n        <a href=\"\" class=\"transparent-btn\">Buy Now</a> </div>\r\n</div>', '<div class=\"col-md-12\">\r\n    <div class=\"port-list small-port\"> <img src=\"https://inbasetech.in/uploads/customfields/16082145092portfolio-2.png\"><br>\r\n        <div class=\"port-content\">\r\n            <h2 class=\"port-title\">3.1A UNIVERSAL <span>CAR CHARGER</span></h2>\r\n        </div>\r\n        <a href=\"\" class=\"transparent-btn\">Buy Now</a> </div>\r\n</div>', 1, 1, 'home-block-2', '2020-12-17 19:45:11', '2021-02-09 12:54:06'),
(17, 'Home Block 3', 'home-block-3', '<div class=\"col-md-12\">\r\n    <div class=\"port-list medium-port\"> <img src=\"https://inbasetech.in/uploads/customfields/16082145475portfolio-3.png\"><br>\r\n        <div class=\"port-content\">\r\n            <h2 class=\"port-title\">6000 MAH <span>POWER BANK</span></h2>\r\n            <a href=\"\" class=\"transparent-btn\">Buy Now</a> </div>\r\n    </div>\r\n</div>', '<div class=\"col-md-12\">\r\n    <div class=\"port-list medium-port\"> <img src=\"https://inbasetech.in/uploads/customfields/16082145475portfolio-3.png\"><br>\r\n        <div class=\"port-content\">\r\n            <h2 class=\"port-title\">6000 MAH <span>POWER BANK</span></h2>\r\n            <a href=\"\" class=\"transparent-btn\">Buy Now</a> </div>\r\n    </div>\r\n</div>', 1, 1, 'home-block-3', '2020-12-17 19:45:49', '2021-02-09 12:54:16');

-- --------------------------------------------------------

--
-- Table structure for table `kr_cms_pages`
--

CREATE TABLE `kr_cms_pages` (
  `cms_pageid` int(11) NOT NULL,
  `cms_pagename` varchar(500) DEFAULT NULL,
  `cms_pageurl` varchar(500) DEFAULT NULL,
  `cms_pagedesc` text,
  `cms_metatitle` varchar(500) DEFAULT NULL,
  `cms_metadesc` text,
  `cms_metakeywords` text,
  `IsActive` tinyint(1) DEFAULT NULL,
  `UserId` int(11) DEFAULT NULL,
  `sortingOrder` int(5) DEFAULT NULL,
  `actual_slug` varchar(500) NOT NULL,
  `createdDate` datetime NOT NULL,
  `modifiedDate` datetime NOT NULL
) ENGINE=InnoDB DEFAULT CHARSET=latin1;

--
-- Dumping data for table `kr_cms_pages`
--

INSERT INTO `kr_cms_pages` (`cms_pageid`, `cms_pagename`, `cms_pageurl`, `cms_pagedesc`, `cms_metatitle`, `cms_metadesc`, `cms_metakeywords`, `IsActive`, `UserId`, `sortingOrder`, `actual_slug`, `createdDate`, `modifiedDate`) VALUES
(1, 'dfd', 'dfddfd', '', 'dfd', 'dfgd', 'dg', 2, 1, NULL, 'dfddfd', '2018-11-08 19:03:54', '2018-11-08 19:04:08'),
(2, 'test', 'test', '', 'trtr', 'rtrr', 'rtr', 1, 1, NULL, 'test', '2018-11-13 16:16:51', '2021-04-30 17:52:58'),
(3, 'test13', 'test13', '', 'fdfd', 'dfdf', 'dfd', 1, 1, NULL, 'test13', '2018-11-13 18:55:56', '2018-11-13 19:00:21'),
(4, 'test123', 'test123', 'trrtyrytyu', 'rtyry', 'tyty', 'tyty', 1, 1, NULL, 'test123', '2018-11-13 19:07:32', '2018-11-13 19:07:32'),
(6, 'kk', 'kk', '<p>kk<br></p>', 'kk', 'kk', 'kkd', 2, 16, NULL, 'kk', '2020-12-12 13:15:18', '2020-12-12 13:15:44');

-- --------------------------------------------------------

--
-- Table structure for table `kr_configuration`
--

CREATE TABLE `kr_configuration` (
  `configureId` int(11) NOT NULL,
  `storeId` int(11) DEFAULT NULL,
  `uniCode` varchar(50) DEFAULT NULL,
  `key` varchar(256) DEFAULT NULL,
  `value` text,
  `IsDisplay` int(11) NOT NULL DEFAULT '0',
  `IsActive` tinyint(1) NOT NULL,
  `createdDate` datetime NOT NULL,
  `modifiedDate` datetime NOT NULL,
  `UserId` int(11) NOT NULL
) ENGINE=InnoDB DEFAULT CHARSET=latin1;

--
-- Dumping data for table `kr_configuration`
--

INSERT INTO `kr_configuration` (`configureId`, `storeId`, `uniCode`, `key`, `value`, `IsDisplay`, `IsActive`, `createdDate`, `modifiedDate`, `UserId`) VALUES
(1, 1, 'store_name', 'storeName', 'KiranUS', 0, 1, '2016-05-04 00:00:00', '2021-02-04 00:00:00', 2),
(2, 1, 'isTaxable', 'isTaxable', '0', 0, 1, '2016-05-10 00:00:00', '2021-02-04 00:00:00', 1),
(3, 1, 'defaultCurrency', 'defaultCurrency', '1', 0, 1, '2016-05-10 00:00:00', '2021-02-04 00:00:00', 1),
(4, 1, 'productsPerpage', 'productsPerpage', '12', 0, 1, '2016-05-10 00:00:00', '2021-02-04 00:00:00', 1),
(5, 1, 'pagingOrLazy', 'pagingOrLazy', 'P', 0, 1, '2016-05-10 00:00:00', '2021-02-04 00:00:00', 1),
(6, 1, 'ecomLogo', 'ecomLogo', '15983606868logo-3.png', 0, 1, '2016-05-10 03:03:08', '2020-08-25 00:00:00', 1),
(7, 1, 'displayStock', 'displayStock', '1', 0, 1, '2016-05-10 00:00:00', '2021-02-04 00:00:00', 1),
(8, 1, 'displayOutofstock', 'displayOutofstock', '1', 0, 1, '2016-05-10 03:05:06', '2021-02-04 00:00:00', 1),
(9, 1, 'minimumStock', 'minimumStock', '1', 1, 1, '2016-05-10 01:00:00', '2021-02-04 00:00:00', 1),
(10, 1, 'storeMetaTitle', 'storeMetaTitle', 'KiranUS', 1, 1, '2016-05-10 00:00:00', '2021-02-04 00:00:00', 1),
(11, 1, 'storeMetaDesc', 'storeMetaDesc', 'To innovate and offer unique and premium smart mobile accessories and lifestyle products to people and make their lives more comfortable with technology. The network of dealers and distributors, \"Be Indian, Buy Indian\".', 1, 1, '2016-05-10 00:00:00', '2021-02-04 00:00:00', 1),
(12, 1, 'storeMetaKey', 'storeMetaKey', 'Premium Smart Mobile Accessories, Lifestyle Products | Inbasetech', 1, 1, '2016-05-10 00:00:00', '2021-02-04 00:00:00', 1),
(13, 1, 'dateFormat', 'dateFormat', '3', 0, 1, '2016-05-10 00:00:00', '2021-02-04 00:00:00', 1),
(14, 1, 'favIcon', 'favIcon', '15983607629favicon.ico', 0, 1, '2016-05-10 00:00:00', '2020-08-25 00:00:00', 1),
(15, 1, 'ordercustfields', 'ordercustfields', 'name,telephone', 0, 1, '2016-05-10 00:00:00', '2021-02-04 00:00:00', 1),
(16, 1, 'customer_custom_fields', 'customerCustom', '3,6,8', 0, 1, '2016-05-10 00:00:00', '2021-02-04 00:00:00', 1),
(17, 1, 'store_address', 'store_address', '<div class=\"col-md-6 col-sm-6 col-xs-12 addside-wraper\"><b>Inbase</b></div><div class=\"col-md-6 col-sm-6 col-xs-12 addside-wraper\"><br></div><div class=\"col-md-6 col-sm-6 col-xs-12 addside-wraper\">No. 1833, 18th Main Road, Anna Nagar West, Chennai - 600 040, India</div>', 1, 1, '2016-05-13 00:00:00', '2021-02-04 00:00:00', 1),
(18, 1, 'gstin', 'gstin', 'tin7878', 1, 1, '2016-05-13 00:00:00', '2021-02-04 00:00:00', 1),
(19, 1, 'panno', 'panno', 'panno', 0, 2, '2016-05-13 00:00:00', '2018-10-24 19:24:39', 1),
(20, 1, 'order_mail_to', 'order_mail_to', 'kalaivani.pixel@gmail.com', 1, 1, '2016-05-13 00:00:00', '2021-02-04 00:00:00', 1),
(21, 1, 'order_mail_bcc', 'order_mail_bcc', 'kalaivani.pixel@gmail.com', 1, 1, '2016-05-13 00:00:00', '2021-02-04 00:00:00', 1),
(22, 1, 'contactus_mail_to', 'contactus_mail_to', 'kalaivani.pixel@gmail.com', 1, 1, '2016-05-13 00:00:00', '2021-02-04 00:00:00', 1),
(23, 1, 'contactus_mail_bcc', 'contactus_mail_bcc', 'kalaivani.pixel@gmail.com', 1, 1, '2016-05-13 00:00:00', '2021-02-04 00:00:00', 1),
(24, 1, 'results_per_page', 'results_per_page', '15,20,30,50,100', 0, 1, '2016-05-13 00:00:00', '2021-02-04 00:00:00', 1),
(25, 1, 'datetimezone', 'datetimezone', 'Asia/Kolkata', 0, 1, '2016-05-13 00:00:00', '2021-02-04 00:00:00', 1),
(26, 1, 'IsConfigureProduct', 'IsConfigureProduct', '1', 0, 1, '2016-05-13 00:00:00', '2021-02-04 00:00:00', 1),
(27, 1, 'watermark', 'watermark', '15983607811logo-3.png', 0, 1, '2016-05-10 03:03:08', '2020-08-25 00:00:00', 1),
(28, 1, 'IsEnableWaterMark', 'IsEnableWaterMark', '0', 0, 1, '2016-05-10 00:00:00', '2021-02-04 00:00:00', 1),
(29, 1, 'IsQuantityIncreaseDecrease', 'IsQuantityIncreaseDecrease', '0', 0, 1, '2016-05-10 00:00:00', '2021-02-04 00:00:00', 1),
(30, 1, 'IsAttributeLink', 'IsAttributeLink', '1', 0, 1, '2016-05-10 00:00:00', '2021-02-04 00:00:00', 1),
(31, 1, 'IsManufactureAttribute', 'IsManufactureAttribute', '1', 0, 1, '2016-05-10 00:00:00', '2021-02-04 00:00:00', 1),
(32, 1, 'IsCategoryCustomerGroup', 'IsCategoryCustomerGroup', '1', 0, 1, '2016-05-10 00:00:00', '2021-02-04 00:00:00', 1),
(33, 1, 'IsCatParentChildOnly', 'IsCatParentChildOnly', '0', 0, 1, '2016-05-10 00:00:00', '2021-02-04 00:00:00', 1),
(34, 1, 'IsCustomFieldCustomerGroup', 'IsCustomFieldCustomerGroup', '1', 0, 1, '2016-05-10 00:00:00', '2021-02-04 00:00:00', 1),
(35, 1, 'invoicePrefix', 'invoicePrefix', 'IN', 1, 1, '2019-04-10 00:00:00', '2019-04-10 00:00:00', 16),
(36, 1, 'invoiceStartingFrom', 'invoiceStartingFrom', '100000', 1, 1, '2019-04-10 00:00:00', '2019-04-10 00:00:00', 16),
(37, 1, 'store_address_for_invoice_pdf', 'store_address_for_invoice_pdf', '<div class=\"col-md-6 col-sm-6 col-xs-12 addside-wraper\"><b>Inbase</b></div><div class=\"col-md-6 col-sm-6 col-xs-12 addside-wraper\"><br></div><div class=\"col-md-6 col-sm-6 col-xs-12 addside-wraper\">No. 1833, 18th Main Road, Anna Nagar West, Chennai - 600 040, India</div>', 1, 1, '2016-05-13 00:00:00', '2021-02-04 00:00:00', 1);

-- --------------------------------------------------------

--
-- Table structure for table `kr_contactform`
--

CREATE TABLE `kr_contactform` (
  `contactid` int(11) NOT NULL,
  `contactname` varchar(255) NOT NULL,
  `contactemail` varchar(255) NOT NULL,
  `contactmobile` bigint(50) NOT NULL,
  `contactmessage` text NOT NULL,
  `IsActive` tinyint(1) NOT NULL,
  `userid` int(11) NOT NULL,
  `createdate` datetime NOT NULL,
  `modifieddate` datetime NOT NULL
) ENGINE=InnoDB DEFAULT CHARSET=latin1;

--
-- Dumping data for table `kr_contactform`
--

INSERT INTO `kr_contactform` (`contactid`, `contactname`, `contactemail`, `contactmobile`, `contactmessage`, `IsActive`, `userid`, `createdate`, `modifieddate`) VALUES
(26, 'kalaik', 'kalaivani.pixel@gmail.com', 9566218714, 'Test', 1, 0, '2019-04-15 17:46:19', '2019-04-15 17:46:19');

-- --------------------------------------------------------

--
-- Table structure for table `kr_country`
--

CREATE TABLE `kr_country` (
  `countryid` int(11) NOT NULL,
  `countryname` varchar(255) NOT NULL,
  `IsActive` int(11) DEFAULT NULL,
  `UserId` int(11) DEFAULT NULL,
  `CreatedDate` datetime NOT NULL,
  `ModifiedDate` datetime NOT NULL
) ENGINE=InnoDB DEFAULT CHARSET=latin1;

--
-- Dumping data for table `kr_country`
--

INSERT INTO `kr_country` (`countryid`, `countryname`, `IsActive`, `UserId`, `CreatedDate`, `ModifiedDate`) VALUES
(1, 'India', 1, 15, '2016-04-19 11:44:30', '2020-08-13 16:02:14'),
(2, 'Sri Lanka', 2, 2, '2016-03-16 10:04:40', '2016-08-03 16:49:11'),
(3, 'Bangaladesh', 1, 7, '2016-04-20 12:26:33', '2016-08-03 16:49:11'),
(4, 'Australia', 1, 4, '2016-05-06 17:27:35', '2016-08-03 16:49:11'),
(16, 'Singapore', 1, 22, '2016-04-20 12:59:21', '2018-12-17 12:54:53'),
(17, 'Africa', 2, 7, '2016-05-07 12:22:36', '2016-08-03 16:49:11'),
(18, 'indias', 2, 1, '2018-11-08 15:03:19', '2018-11-08 15:08:56'),
(19, 'test', NULL, NULL, '0000-00-00 00:00:00', '0000-00-00 00:00:00'),
(20, '19', NULL, NULL, '0000-00-00 00:00:00', '0000-00-00 00:00:00'),
(21, 'test', NULL, NULL, '0000-00-00 00:00:00', '0000-00-00 00:00:00'),
(22, '21', NULL, NULL, '0000-00-00 00:00:00', '0000-00-00 00:00:00'),
(23, 'test', NULL, NULL, '0000-00-00 00:00:00', '0000-00-00 00:00:00'),
(24, '23', NULL, NULL, '0000-00-00 00:00:00', '0000-00-00 00:00:00'),
(25, 'test', NULL, NULL, '0000-00-00 00:00:00', '0000-00-00 00:00:00'),
(26, '25', NULL, NULL, '0000-00-00 00:00:00', '0000-00-00 00:00:00'),
(27, 'China', 2, 15, '2018-12-17 12:53:08', '2020-08-13 16:02:17'),
(28, 'Chinaa', 2, 22, '2018-12-17 12:53:40', '2018-12-17 12:53:47'),
(29, 'country1503', 2, 16, '2019-03-15 11:51:07', '2019-03-15 11:51:17'),
(30, 'kkd', 2, 15, '2020-08-13 16:04:11', '2020-08-13 16:08:08'),
(31, 'Test', 1, 1, '2020-09-02 10:36:53', '2020-09-02 10:37:20');

-- --------------------------------------------------------

--
-- Table structure for table `kr_couponapplied`
--

CREATE TABLE `kr_couponapplied` (
  `cpnappid` int(11) NOT NULL,
  `cpnappname` varchar(255) NOT NULL,
  `IsActive` tinyint(1) NOT NULL,
  `createddate` datetime NOT NULL,
  `modifieddate` datetime NOT NULL
) ENGINE=InnoDB DEFAULT CHARSET=latin1;

--
-- Dumping data for table `kr_couponapplied`
--

INSERT INTO `kr_couponapplied` (`cpnappid`, `cpnappname`, `IsActive`, `createddate`, `modifieddate`) VALUES
(1, 'Products', 1, '2018-12-10 00:00:00', '2018-12-10 00:00:00'),
(2, 'Category', 1, '2018-12-10 00:00:00', '2018-12-10 00:00:00'),
(3, 'Order Value', 1, '2018-12-10 00:00:00', '2018-12-10 00:00:00'),
(4, 'Customer', 1, '2018-12-10 00:00:00', '2018-12-10 00:00:00');

-- --------------------------------------------------------

--
-- Table structure for table `kr_couponcategory`
--

CREATE TABLE `kr_couponcategory` (
  `CouponCatId` int(11) NOT NULL,
  `CouponCatName` varchar(255) NOT NULL,
  `IsActive` int(11) NOT NULL,
  `CreateDate` datetime NOT NULL,
  `ModifiedDate` timestamp NOT NULL DEFAULT CURRENT_TIMESTAMP ON UPDATE CURRENT_TIMESTAMP
) ENGINE=InnoDB DEFAULT CHARSET=latin1;

-- --------------------------------------------------------

--
-- Table structure for table `kr_coupons`
--

CREATE TABLE `kr_coupons` (
  `CouponID` int(11) NOT NULL,
  `CouponTitle` varchar(255) NOT NULL,
  `CouponCode` varchar(255) NOT NULL,
  `CouponCatType` int(11) NOT NULL,
  `CouponTotal` int(11) NOT NULL,
  `CouponPerUser` int(11) NOT NULL,
  `NoofCouponUsed` int(11) DEFAULT '0',
  `Couponpriority` int(11) DEFAULT NULL,
  `CouponAppend` int(11) DEFAULT NULL,
  `CouponType` int(11) NOT NULL,
  `CouponAmount` double(11,2) NOT NULL,
  `CouponProducts` varchar(255) NOT NULL,
  `CustomerIds` varchar(255) NOT NULL,
  `customergroupid` varchar(255) NOT NULL,
  `CouponCategorys` varchar(255) NOT NULL,
  `CouponMinAmt` double(11,2) NOT NULL,
  `CouponStartDate` date DEFAULT NULL,
  `CouponEndDate` date DEFAULT NULL,
  `IsDisplayPublic` int(1) NOT NULL,
  `IsActive` int(11) NOT NULL,
  `UserId` int(11) NOT NULL,
  `created` datetime NOT NULL,
  `modifiedDate` datetime NOT NULL
) ENGINE=InnoDB DEFAULT CHARSET=latin1;

--
-- Dumping data for table `kr_coupons`
--

INSERT INTO `kr_coupons` (`CouponID`, `CouponTitle`, `CouponCode`, `CouponCatType`, `CouponTotal`, `CouponPerUser`, `NoofCouponUsed`, `Couponpriority`, `CouponAppend`, `CouponType`, `CouponAmount`, `CouponProducts`, `CustomerIds`, `customergroupid`, `CouponCategorys`, `CouponMinAmt`, `CouponStartDate`, `CouponEndDate`, `IsDisplayPublic`, `IsActive`, `UserId`, `created`, `modifiedDate`) VALUES
(1, 'productcoupon', 'ecAGR9', 1, 5, 2, 5, 2, 0, 1, 45.00, '1,4', '', '', '', 0.00, '2019-02-11', '2019-02-15', 0, 2, 15, '2019-02-11 15:46:37', '2020-08-24 18:24:50'),
(2, 'Product Coupon', 'OKuxTT', 1, 4, 2, 0, 0, 0, 1, 50.00, '2317', '', '', '', 0.00, '2020-12-19', '2020-12-20', 0, 1, 15, '2019-02-11 15:48:23', '2020-12-19 16:51:30'),
(3, 'Ordervalue', 'Tw56KU', 3, 5, 3, 0, 3, 0, 1, 40.00, '', '', '', '', 20000.00, '2019-02-11', '2019-04-30', 0, 2, 15, '2019-02-11 15:50:36', '2020-08-24 18:24:48'),
(4, 'Chirtmas offer', 'ouPecK', 4, 4, 2, 0, 3, 0, 1, 40.00, '', '1,4', '1', '', 0.00, '2019-02-11', '2019-02-15', 0, 2, 15, '2019-02-11 15:57:22', '2020-08-17 17:24:20'),
(5, 'testcoupon15034', 'zC1gya', 1, 4, 3, 0, 3, 1, 1, 23.00, '1', '', '', '', 0.00, '2019-03-16', '2019-03-23', 1, 2, 16, '2019-03-15 18:34:08', '2019-03-15 18:34:28'),
(6, 'Coupon name', 'cUWGma', 2, 5, 2, 0, 0, 0, 1, 50.00, '', '', '', '2,6,48,49,50,51,52,53,54,55,7,56,57,58,59,8,60,61,62,3,63,64,65,66,67,68,69,83,4,9,16,17,18,19,20,21,22,23,24,25,26,27,105,106,108,109,110,111,112,135,10,28,29,30,31,32,33,34,136,11,35,36,37,134,12,38,39,40,41,42,13,43,44,45,46,47,84,14,5,70,71,72,73,74,7', 0.00, '2019-05-08', '2019-05-09', 0, 2, 15, '2019-03-28 18:28:12', '2020-08-24 18:24:44'),
(7, 'coupon name 5', 'CoupoN', 2, 5, 2, 0, 0, 0, 1, 50.00, '', '', '', '2,6,48,49,50,51,52,53,54,55,7,56,57,58,59,8,60,61,62', 0.00, '2019-05-22', '2019-05-31', 0, 2, 15, '2019-04-05 12:25:18', '2020-08-24 18:24:46'),
(8, 'kks', 'kk', 3, 11, 1, 0, 0, 0, 1, 1.00, '', '', '', '', 1000.00, '2020-08-18', '2020-08-18', 0, 1, 15, '2020-08-18 16:31:03', '2020-08-18 16:31:40'),
(9, 'kk', 'z1z5Tn', 3, 11, 1, 0, 0, 0, 1, 1.00, '', '', '', '', 10.00, '2021-02-08', '2021-02-26', 0, 1, 1, '2020-08-19 11:20:53', '2021-02-09 11:44:30');

-- --------------------------------------------------------

--
-- Table structure for table `kr_currency`
--

CREATE TABLE `kr_currency` (
  `currencyid` int(11) NOT NULL,
  `countryid` int(11) DEFAULT NULL,
  `currencyTitle` varchar(100) DEFAULT NULL,
  `Currency_Code` varchar(6) DEFAULT '',
  `currencysymbol` varchar(255) NOT NULL,
  `curpriceusd` decimal(10,2) NOT NULL,
  `IsActive` int(11) DEFAULT NULL,
  `UserId` int(11) DEFAULT NULL,
  `CreatedDate` datetime NOT NULL,
  `ModifiedDate` datetime NOT NULL
) ENGINE=InnoDB DEFAULT CHARSET=latin1;

--
-- Dumping data for table `kr_currency`
--

INSERT INTO `kr_currency` (`currencyid`, `countryid`, `currencyTitle`, `Currency_Code`, `currencysymbol`, `curpriceusd`, `IsActive`, `UserId`, `CreatedDate`, `ModifiedDate`) VALUES
(1, NULL, 'Rupee', 'INR', '&#8377;', 1.00, 1, 22, '2016-06-07 11:16:11', '2018-12-17 13:05:39'),
(2, NULL, 'etst', '', 'dfrrt', 56.00, 2, 1, '2018-11-08 15:16:00', '2018-11-08 15:16:19'),
(3, NULL, 'Dollars', '', '$', 1.00, 0, 15, '2018-12-17 13:06:01', '2020-09-02 11:06:40'),
(4, NULL, 'Euro ', '', '', 1.00, 0, 15, '2018-12-17 13:06:50', '2020-09-02 11:06:09'),
(5, NULL, 'INR\'s', '', 'qwewq', 1.52, 2, 22, '2018-12-17 13:08:17', '2018-12-17 13:09:09'),
(6, NULL, 'addcurrency1503', '', '*', 23.00, 2, 16, '2019-03-15 11:53:43', '2019-03-15 11:53:57'),
(7, NULL, 'kk', '', 'kk', 3.00, 0, 15, '2020-08-13 19:01:57', '2020-09-02 11:06:10');

-- --------------------------------------------------------

--
-- Table structure for table `kr_custcart`
--

CREATE TABLE `kr_custcart` (
  `cartId` int(10) UNSIGNED NOT NULL,
  `currencyId` int(10) UNSIGNED NOT NULL,
  `customerId` int(10) UNSIGNED NOT NULL,
  `guestId` int(10) UNSIGNED NOT NULL,
  `secure_key` varchar(32) NOT NULL DEFAULT '-1',
  `IsActive` int(11) DEFAULT NULL,
  `CreateDate` datetime NOT NULL,
  `ModifiedDate` timestamp NOT NULL DEFAULT CURRENT_TIMESTAMP ON UPDATE CURRENT_TIMESTAMP
) ENGINE=InnoDB DEFAULT CHARSET=utf8;

-- --------------------------------------------------------

--
-- Table structure for table `kr_custcart_product`
--

CREATE TABLE `kr_custcart_product` (
  `CartProductId` int(11) NOT NULL,
  `cartId` int(10) UNSIGNED NOT NULL,
  `productId` int(10) UNSIGNED NOT NULL,
  `productAttrId` int(10) UNSIGNED NOT NULL DEFAULT '0',
  `quantity` int(10) UNSIGNED NOT NULL DEFAULT '0',
  `IsActive` tinyint(4) NOT NULL,
  `CreateDate` datetime NOT NULL,
  `ModifiedDate` timestamp NOT NULL DEFAULT CURRENT_TIMESTAMP ON UPDATE CURRENT_TIMESTAMP
) ENGINE=InnoDB DEFAULT CHARSET=utf8;

-- --------------------------------------------------------

--
-- Table structure for table `kr_customerlog`
--

CREATE TABLE `kr_customerlog` (
  `LogId` int(11) NOT NULL,
  `UserId` int(11) DEFAULT NULL,
  `Username` varchar(100) NOT NULL,
  `Type` varchar(100) DEFAULT NULL,
  `Id` int(11) DEFAULT NULL,
  `ColName` longtext,
  `Operation` varchar(50) NOT NULL,
  `OldValue` longtext,
  `NewValue` longtext,
  `Module` longtext NOT NULL,
  `Comment` longtext NOT NULL,
  `LoggedDate` timestamp NOT NULL DEFAULT CURRENT_TIMESTAMP ON UPDATE CURRENT_TIMESTAMP
) ENGINE=InnoDB DEFAULT CHARSET=latin1;

--
-- Dumping data for table `kr_customerlog`
--

INSERT INTO `kr_customerlog` (`LogId`, `UserId`, `Username`, `Type`, `Id`, `ColName`, `Operation`, `OldValue`, `NewValue`, `Module`, `Comment`, `LoggedDate`) VALUES
(1, 1, 'lincy', 'ecom_customers', 1, 'login', 'login', '0', '1', 'customerlogin', 'customerlogin', '2016-06-01 06:09:22'),
(2, 2, 'nagaraj', 'ecom_custcart', 1, 'added 1 product to cart', 'insert', '0', '1', 'ecom_custcart', 'ecom_custcart', '2016-06-01 06:11:18');

-- --------------------------------------------------------

--
-- Table structure for table `kr_customers`
--

CREATE TABLE `kr_customers` (
  `customer_id` int(11) NOT NULL,
  `customer_group_id` int(11) DEFAULT NULL,
  `customer_firstname` varchar(255) NOT NULL,
  `customer_lastname` varchar(255) NOT NULL,
  `customer_username` varchar(500) NOT NULL,
  `customer_email` varchar(500) NOT NULL,
  `mobileno` varchar(255) NOT NULL,
  `customer_pwd` text NOT NULL,
  `gstdocument` varchar(255) NOT NULL,
  `businesscard` varchar(255) NOT NULL,
  `discount` int(11) DEFAULT NULL,
  `IsActive` int(11) DEFAULT NULL,
  `UserId` int(11) DEFAULT NULL,
  `createddate` datetime NOT NULL,
  `modifieddate` datetime NOT NULL
) ENGINE=InnoDB DEFAULT CHARSET=latin1;

--
-- Dumping data for table `kr_customers`
--

INSERT INTO `kr_customers` (`customer_id`, `customer_group_id`, `customer_firstname`, `customer_lastname`, `customer_username`, `customer_email`, `mobileno`, `customer_pwd`, `gstdocument`, `businesscard`, `discount`, `IsActive`, `UserId`, `createddate`, `modifieddate`) VALUES
(1, 2, 'kalaivani', 'r', 'kalaivani.pixel@gmail.com', 'kalaivani.pixel@gmail.com', '23234234234', '827ccb0eea8a706c4c34a16891f84e7b', '16119061756_gstdocument.jpg', '16119061757_businesscard.jpg', 0, 1, 1, '2018-12-20 11:37:09', '2021-01-29 13:12:55'),
(2, 1, 'Aranga', 'samy', 'samy@gmail.com', 'samy@gmail.com', '9966552233', 'c4ca4238a0b923820dcc509a6f75849b', '', '', NULL, 2, 1, '2018-12-20 01:00:01', '2019-12-11 17:08:28'),
(3, 2, 'John', 'Paul', 'john@pix.in', 'john@pix.in', '8899556622', 'c4ca4238a0b923820dcc509a6f75849b', '', '', 10, 2, 15, '2018-12-21 09:22:01', '2020-08-24 18:37:08'),
(31, 2, 'Ayyanar', 'ayan', 'ayyanar.pixel@gmail.com', 'ayyanar.pixel@gmail.com', '9710251301', 'c4ca4238a0b923820dcc509a6f75849b', '15568760700_gstdocument.png', '15568760704_businesscard.png', 20, 2, 1, '2019-05-03 15:04:30', '2019-05-20 13:44:56'),
(33, 2, 'rtrt', 'rtrtssss', 'ereuhjruejrteio@djfmdkf.dfg', 'ereuhjruejrteio@djfmdkf.dfg', '4', 'f07559d6fa169e645a751a2a33e9b54e', '15571419599_gstdocument.png', '15980130191_businesscard.png', 5, 2, 15, '2019-05-06 16:55:59', '2020-08-24 18:36:53'),
(61, 2, 'john', 'paukl', 'jjj1@jjj1.in', 'jjj1@jjj1.in', '54654654', '0e7517141fb53f21ee439b355b5a1d0a', '15711447766_gstdocument.jpg', '15711447764_businesscard.jpg', 2, 1, 0, '2019-10-15 18:36:16', '2019-10-15 18:36:16'),
(63, 2, 'john', 'paul', 'john123@pixel-studios.com', 'john123@pixel-studios.com', '6568567886', '0e7517141fb53f21ee439b355b5a1d0a', '15716601247_gstdocument.jpg', '15980143167_businesscard.png', 3, 1, 15, '2019-10-21 17:45:24', '2020-08-21 18:21:56'),
(83, 1, 'john', 'smith', 'befocus300@gmail.com', 'befocus300@gmail.com', '08096773456', '3023d7a8b23354c5c4904cd56d692751', '', '', NULL, 2, 15, '2020-03-02 21:41:03', '2020-08-24 18:36:41'),
(90, 1, 'John', 'Smith', 'joesoapiein.1801@gmail.com', 'joesoapiein.1801@gmail.com', '6502530000', 'f925916e2754e5e03f75dd58a5733251', '', '', NULL, 2, 15, '2020-03-04 09:06:48', '2020-08-24 18:36:39'),
(91, 1, 'DEVENDRA', 'MEHTA', 'devendramehtaengg@gmail.com', 'devendramehtaengg@gmail.com', '+917019271705', '85841ed295d6280fe8a1953413ed55bd', '', '', NULL, 1, 0, '2020-03-05 16:19:51', '2020-03-05 16:19:51'),
(92, 1, 'kk', 'kk', 'aishwarya.pixel@gmail.com', 'aishwarya.pixel@gmail.com', '4654646464', '587461c565f3f550e6a84c455cf45e11', '', '', NULL, 1, 0, '2020-12-19 12:13:13', '2020-12-19 12:13:13'),
(93, 1, 'Ayyanar', 'R', 'ayyanar.pixel@gmail.com', 'ayyanar.pixel@gmail.com', '9710251301', '77ee6cddff1cae7f6d45b68cd7d77559', '', '', NULL, 2, 0, '2021-02-09 13:00:12', '2021-02-09 13:00:12'),
(94, 1, 'Ayyanar', 'R', 'ayyanar.pixel@gmail.com', 'ayyanar.pixel@gmail.com', '9710251301', '587461c565f3f550e6a84c455cf45e11', '', '', NULL, 2, 0, '2021-02-09 13:34:55', '2021-02-09 13:34:55'),
(95, 1, 'Ayyan', 'Ayyan', 'ayyanar.pixel@gmail.com', 'ayyanar.pixel@gmail.com', 'Ayyan', '587461c565f3f550e6a84c455cf45e11', '', '', NULL, 2, 0, '2021-02-09 14:41:29', '2021-02-09 14:41:29'),
(96, 1, 'ayyan', 'ayyan', 'ayyanar.pixel@gmail.com', 'ayyanar.pixel@gmail.com', '9710251301', '587461c565f3f550e6a84c455cf45e11', '', '', NULL, 1, 0, '2021-02-09 14:47:55', '2021-02-09 14:47:55'),
(97, 2, 'Hari', 'natarajan', 'yathumaagiweb@gmail.com', 'yathumaagiweb@gmail.com', '9176277537', '97ffd6817b8bc7a3bdd3d4a189b826bd', '16130719931_gstdocument.jpg', '16130719936_businesscard.jpg', NULL, 0, 0, '2021-02-12 01:03:13', '2021-02-12 01:03:13'),
(98, 1, 'Hariharasuthan113', 'Natarajan', 'hariharasuthan113@gmail.com', 'hariharasuthan113@gmail.com', '7598122055', '97ffd6817b8bc7a3bdd3d4a189b826bd', '', '', NULL, 0, 0, '2021-02-12 01:05:05', '2021-02-12 01:05:05'),
(99, 1, 'chintu', 'patel', 'chintu.bancy@gmail.com', 'chintu.bancy@gmail.com', '8306244424', '638b24e8c30057269ebbb91ba6ca489d', '', '', NULL, 0, 0, '2021-02-16 15:11:12', '2021-02-16 15:11:12'),
(100, 1, 'RAJU', 'V', 'raju220488@gmail.com', 'raju220488@gmail.com', '9787893487', 'dbf0f50a9cd7f691d3fd803482133559', '', '', NULL, 0, 0, '2021-02-17 12:51:23', '2021-02-17 12:51:23'),
(101, 1, 'ELAVAZHAGAN', 'k', 'elavazhagan98ev@gmail.com', 'elavazhagan98ev@gmail.com', '9159803380', 'e0de8209f14dc281f31c8ed0c2f48112', '', '', NULL, 0, 0, '2021-02-17 13:01:08', '2021-02-17 13:01:08'),
(102, 1, 'Murali', 'P', 'murali.be.eee.1993@gmail.com', 'murali.be.eee.1993@gmail.com', '9578059968', '0b1836b8ff61876c609fbcfdbfefb8c8', '', '', NULL, 1, 0, '2021-02-18 06:59:42', '2021-02-18 06:59:42'),
(103, 1, 'Amit', 'Kumar', 'atinnet@yahoo.com', 'atinnet@yahoo.com', '9711906441', '527ed37e4d365be570cb9c51d5bf25ad', '', '', NULL, 0, 0, '2021-02-26 09:07:43', '2021-02-26 09:07:43'),
(104, 1, 'Seema', 'Kadam', 'seemakadam888@gmail.com', 'seemakadam888@gmail.com', '9922007450', '6910b808ff08f26975b0e3dd8eeeabe9', '', '', NULL, 1, 0, '2021-02-27 13:24:20', '2021-02-27 13:24:20'),
(105, 1, 'Vikas', 'Awasthi', 'viksonu31176@gmail.com', 'viksonu31176@gmail.com', '7007917824', 'e6d01270a6396b9b5cbbfd9a195e784b', '', '', NULL, 0, 0, '2021-02-27 16:59:24', '2021-02-27 16:59:24'),
(106, 1, 'Sachin', 'Kumar', 'sachinkumarptn1@gmail.com', 'sachinkumarptn1@gmail.com', '7549082844', 'e098b05e095ac519b4f5bb618e3841b8', '', '', NULL, 0, 0, '2021-03-09 08:47:11', '2021-03-09 08:47:11'),
(107, 1, 'Kishan', 'Pandey', 'kishanbpandey@gmail.com', 'kishanbpandey@gmail.com', '9411365455', 'fa1fb236b8ff0d4f8681376e9a4d8de4', '', '', NULL, 1, 0, '2021-03-12 17:15:08', '2021-03-12 17:15:08'),
(108, 1, 'Shanaishwar', 'Chungade', 'shanaishwar1137@gmail.com', 'shanaishwar1137@gmail.com', '9923554295', 'ed041710e2b6d0add264eb26d4d1335b', '', '', NULL, 1, 0, '2021-04-19 12:27:59', '2021-04-19 12:27:59'),
(109, 1, 'Amit', 'Tiwari', 'atinnet@gmail.com', 'atinnet@gmail.com', '9711906441', '527ed37e4d365be570cb9c51d5bf25ad', '', '', NULL, 0, 0, '2021-04-25 18:19:54', '2021-04-25 18:19:54'),
(110, 1, 'Praveen', 'R', 'praveenrameshbabu.007@gmail.com', 'praveenrameshbabu.007@gmail.com', '+919025899205', 'bc9f4c7d20708e06ee3d33d86064cf5a', '', '', NULL, 0, 0, '2021-04-27 05:22:51', '2021-04-27 05:22:51'),
(111, 1, 'Preethi', 'Babu', 'preethibabu9824@gmail.com', 'preethibabu9824@gmail.com', '9791108893', 'f6c7648891b71ea5efdc2348de25fa8a', '', '', NULL, 0, 0, '2021-04-28 09:06:41', '2021-04-28 09:06:41');

-- --------------------------------------------------------

--
-- Table structure for table `kr_customer_group`
--

CREATE TABLE `kr_customer_group` (
  `customer_group_id` int(11) NOT NULL,
  `customer_group_name` text NOT NULL,
  `IsDisplay` int(11) NOT NULL DEFAULT '1',
  `IsActive` int(11) DEFAULT NULL,
  `UserId` int(11) DEFAULT NULL,
  `createddate` datetime NOT NULL,
  `modifieddate` datetime NOT NULL
) ENGINE=InnoDB DEFAULT CHARSET=latin1;

--
-- Dumping data for table `kr_customer_group`
--

INSERT INTO `kr_customer_group` (`customer_group_id`, `customer_group_name`, `IsDisplay`, `IsActive`, `UserId`, `createddate`, `modifieddate`) VALUES
(1, 'Customer', 1, 1, 1, '0000-00-00 00:00:00', '2019-04-05 19:24:14'),
(2, 'Corporate', 1, 1, 22, '0000-00-00 00:00:00', '2018-12-14 16:24:58'),
(10, 'VIP', 1, 2, 1, '2018-12-14 16:24:00', '2019-04-05 19:24:03'),
(11, 'kk2', 1, 2, 15, '2020-08-19 17:32:06', '2020-08-19 17:32:25'),
(12, 'k', 1, 1, 15, '2020-08-20 16:12:05', '2020-08-20 16:12:05');

-- --------------------------------------------------------

--
-- Table structure for table `kr_customfields_attributes`
--

CREATE TABLE `kr_customfields_attributes` (
  `AttributeId` int(11) NOT NULL,
  `AttributeCode` varchar(500) NOT NULL,
  `AttributeName` varchar(500) NOT NULL,
  `AttributeType` int(11) DEFAULT NULL COMMENT 'foreignkey ecom_m_elements table - elementid',
  `accept_filetype` varchar(255) NOT NULL,
  `numberoffile` varchar(255) NOT NULL,
  `isdisplayimg` tinyint(1) NOT NULL,
  `SortBy` int(11) DEFAULT NULL,
  `UserId` int(11) DEFAULT NULL,
  `IsActive` int(11) DEFAULT NULL,
  `isregister` tinyint(1) NOT NULL,
  `isadmin` tinyint(1) NOT NULL,
  `CreateDate` datetime NOT NULL,
  `ModifiedDate` datetime NOT NULL,
  `MandatoryAttr` varchar(256) DEFAULT NULL,
  `IsMandatory` tinyint(4) DEFAULT NULL
) ENGINE=InnoDB DEFAULT CHARSET=latin1;

--
-- Dumping data for table `kr_customfields_attributes`
--

INSERT INTO `kr_customfields_attributes` (`AttributeId`, `AttributeCode`, `AttributeName`, `AttributeType`, `accept_filetype`, `numberoffile`, `isdisplayimg`, `SortBy`, `UserId`, `IsActive`, `isregister`, `isadmin`, `CreateDate`, `ModifiedDate`, `MandatoryAttr`, `IsMandatory`) VALUES
(1, 'Fname', 'Name', 1, '', '', 0, 1, 1, 2, 0, 0, '2016-06-02 00:00:00', '2018-12-06 17:23:51', 'Yes', 1),
(2, 'Mobno', 'Mobile No', 1, '', '', 0, 2, 1, 2, 0, 0, '2016-06-07 00:00:00', '2018-12-06 19:37:43', '', 1),
(3, 'testdropdown', 'testdropdown', 3, '', '', 0, 2, 1, 2, 0, 0, '2016-07-19 00:00:00', '2018-12-06 17:24:06', '', 1),
(4, 'testradio', 'testradio', 6, '', '', 0, 4, 1, 2, 0, 0, '2016-07-19 00:00:00', '2018-12-06 17:24:09', '', 1),
(5, 'test123', 'test1', 4, '', '', 0, 3, 1, 2, 0, 0, '2017-06-01 00:00:00', '2018-12-06 17:24:00', 'jsrequired', 1),
(6, 'test', 'erer', 2, '', '', 0, 2, 1, 2, 0, 0, '2018-11-08 17:30:44', '2018-11-08 17:33:34', '', 0),
(7, 'test', 'test1', 3, '', '', 0, 5, 1, 2, 0, 0, '2018-11-13 10:33:48', '2018-12-06 17:23:56', 'ssdsfd', 1),
(8, 'dateofbrith', 'Date oF Brith', 5, '', '', 0, 4, 16, 2, 0, 0, '2018-12-06 12:42:41', '2018-12-14 21:14:55', 'jsrequired datepicker_today_max', 1),
(9, '45896', 'test', 1, '', '', 0, 4, 1, 2, 0, 0, '2018-12-06 19:27:07', '2018-12-06 19:32:57', '', 1),
(10, 'mobileno', 'Mobile No', 1, '', '', 0, 1, 16, 2, 0, 0, '2018-12-06 19:37:37', '2018-12-14 21:14:48', 'jsrequired', 1),
(11, 'gender', 'Gender', 6, '', '', 0, 5, 16, 2, 0, 0, '2018-12-06 19:38:19', '2018-12-14 21:14:51', 'jsrequired', 1),
(12, 'company', 'Company Name', 1, '', '', 0, 6, 1, 1, 1, 1, '2018-12-06 19:39:30', '2019-05-14 09:59:34', 'required', 1),
(13, 'discountpent', 'Discount Percentage', 1, '', '', 0, 7, 1, 2, 0, 1, '2018-12-06 19:40:34', '2019-04-27 16:18:23', 'jsrequired', 1),
(14, 'testfile', 'testfile', 8, '', '', 0, 5, 16, 2, 0, 1, '2018-12-14 11:19:24', '2018-12-14 11:21:01', 'jsrequired', 1),
(15, 'testfile222', 'filetype', 8, 'jpg,png', '2', 1, 7, 1, 0, 0, 1, '2018-12-14 13:05:46', '2019-05-13 20:31:01', 'jsrequired', 1),
(16, 'VIP', 'VIP', 3, '', '', 0, 2, 22, 1, 0, 1, '2018-12-19 12:55:53', '2018-12-19 13:10:40', 'jsrequired', 1),
(17, 'RB1', 'Radio Button', 6, '', '', 0, 2, 22, 1, 0, 1, '2018-12-19 13:00:52', '2018-12-19 13:10:30', 'jsrequired', 1),
(18, 'Terms & Condition', 'Terms & Condition', 4, '', '', 0, 8, 22, 1, 0, 1, '2018-12-19 13:03:02', '2018-12-19 15:32:43', 'jsrequired', 1),
(19, 'Date of Birth', 'DOB', 5, '', '', 0, 9, 22, 1, 0, 1, '2018-12-19 13:22:38', '2018-12-19 13:22:38', 'jsrequired', 1),
(20, 'MULTI', 'Interested', 7, '', '', 0, 10, 22, 1, 0, 1, '2018-12-19 13:24:50', '2018-12-19 13:26:01', 'jsrequired', 1),
(21, 'Attribute Code', 'Attribute Name', 1, '', '', 0, 1, 1, 0, 1, 1, '2018-12-26 13:04:45', '2019-03-29 17:40:25', 'required', 1),
(22, 'creditlimit', 'Credit Limit', 3, '', '', 0, 7, 1, 0, 1, 1, '2019-04-27 12:20:15', '2019-10-15 18:27:21', 'required', 1),
(23, 'kk', 'kk', 2, '', '', 0, 1, 1, 2, 1, 1, '2020-08-19 17:24:34', '2020-12-18 13:35:05', '', 0);

-- --------------------------------------------------------

--
-- Table structure for table `kr_customfields_attrvalues`
--

CREATE TABLE `kr_customfields_attrvalues` (
  `AttributeOptionId` int(11) NOT NULL,
  `AttributeId` int(11) NOT NULL COMMENT 'foreign key - ecom_customfields_attributes - AttributeId',
  `AttributeValue` text NOT NULL,
  `SortBy` int(11) NOT NULL,
  `UserId` int(11) NOT NULL,
  `IsActive` int(11) NOT NULL,
  `CreateDate` datetime NOT NULL,
  `ModifiedDate` timestamp NOT NULL DEFAULT CURRENT_TIMESTAMP ON UPDATE CURRENT_TIMESTAMP
) ENGINE=InnoDB DEFAULT CHARSET=latin1;

--
-- Dumping data for table `kr_customfields_attrvalues`
--

INSERT INTO `kr_customfields_attrvalues` (`AttributeOptionId`, `AttributeId`, `AttributeValue`, `SortBy`, `UserId`, `IsActive`, `CreateDate`, `ModifiedDate`) VALUES
(1, 3, 'test1', 1, 4, 1, '2016-07-19 00:00:00', '2016-07-19 06:13:36'),
(2, 3, 'test2', 2, 4, 1, '2016-07-19 00:00:00', '2016-07-19 06:13:36'),
(3, 3, 'test3', 3, 4, 1, '2016-07-19 00:00:00', '2016-07-19 06:13:51'),
(4, 4, 'opt1', 1, 4, 1, '2016-07-19 00:00:00', '2016-07-19 07:22:08'),
(5, 4, 'opt2', 2, 4, 1, '2016-07-19 00:00:00', '2016-07-19 07:22:08'),
(6, 5, 'test1', 1, 4, 1, '2017-06-01 00:00:00', '2017-06-01 13:43:43'),
(7, 5, 'test2', 3, 4, 1, '2017-06-01 00:00:00', '2017-06-01 13:43:43'),
(8, 5, 'test4', 2, 4, 1, '2017-06-01 00:00:00', '2017-06-01 13:43:43'),
(9, 11, 'Male', 1, 1, 1, '2018-12-06 00:00:00', '2018-12-06 14:08:43'),
(10, 11, 'Female', 2, 1, 1, '2018-12-06 00:00:00', '2018-12-06 14:08:43'),
(11, 16, 'First class VIP', 0, 22, 1, '2018-12-19 00:00:00', '2018-12-19 07:27:59'),
(12, 16, 'Second class VIP', 1, 22, 1, '2018-12-19 00:00:00', '2018-12-19 07:27:59'),
(13, 16, 'Third class VIP', 2, 22, 1, '2018-12-19 00:00:00', '2018-12-19 07:27:59'),
(14, 16, 'Most popular cutsomer', 3, 22, 1, '2018-12-19 00:00:00', '2018-12-19 07:27:59'),
(15, 17, 'FEMALE', 0, 22, 1, '2018-12-19 00:00:00', '2018-12-19 07:31:19'),
(16, 17, 'MALE', 1, 22, 1, '2018-12-19 00:00:00', '2018-12-19 07:31:19'),
(17, 18, 'Accept', 1, 22, 1, '2018-12-19 00:00:00', '2018-12-19 07:34:03'),
(18, 18, 'Deny', 2, 22, 1, '2018-12-19 00:00:00', '2018-12-19 07:35:00'),
(19, 20, 'Mobiles & Accessories', 1, 22, 1, '2018-12-19 00:00:00', '2018-12-19 07:57:25'),
(20, 20, 'photo Frames', 2, 22, 1, '2018-12-19 00:00:00', '2018-12-19 07:57:25'),
(21, 20, 'Handmade Gift Vouchers', 3, 22, 1, '2018-12-19 00:00:00', '2018-12-19 07:57:25'),
(22, 20, 'Handmade Crystal Idiols', 4, 22, 1, '2018-12-19 00:00:00', '2018-12-19 07:57:25'),
(23, 22, '10 days', 1, 15, 1, '2019-04-27 00:00:00', '2020-08-19 11:41:47'),
(24, 22, '15 days', 2, 15, 1, '2019-04-27 00:00:00', '2020-08-19 11:41:47'),
(25, 22, '30 days', 3, 15, 1, '2019-04-27 00:00:00', '2020-08-19 11:41:47'),
(26, 22, '22 days', 1, 15, 1, '2020-08-19 00:00:00', '2020-08-19 11:42:57');

-- --------------------------------------------------------

--
-- Table structure for table `kr_customfield_custgrp`
--

CREATE TABLE `kr_customfield_custgrp` (
  `Id` int(11) NOT NULL,
  `CustomFieldId` int(11) NOT NULL,
  `CustomerGrupId` int(11) NOT NULL,
  `IsActive` int(11) NOT NULL,
  `UserId` int(11) NOT NULL,
  `CreatedDate` datetime NOT NULL,
  `ModifiedDate` datetime NOT NULL
) ENGINE=InnoDB DEFAULT CHARSET=latin1;

--
-- Dumping data for table `kr_customfield_custgrp`
--

INSERT INTO `kr_customfield_custgrp` (`Id`, `CustomFieldId`, `CustomerGrupId`, `IsActive`, `UserId`, `CreatedDate`, `ModifiedDate`) VALUES
(1, 5, 2, 2, 2, '2018-11-08 15:19:39', '2018-11-08 17:54:17'),
(2, 5, 1, 2, 2, '2018-11-08 16:02:33', '2018-11-08 17:54:01'),
(3, 5, 1, 2, 2, '2018-11-08 17:40:51', '2018-11-08 17:54:01'),
(4, 5, 1, 1, 2, '2018-11-08 17:54:08', '2018-11-08 17:54:17'),
(5, 7, 1, 1, 1, '2018-11-13 10:33:48', '2018-11-13 10:34:37'),
(6, 7, 2, 1, 1, '2018-11-13 10:33:48', '2018-11-13 10:34:37'),
(7, 7, 3, 1, 1, '2018-11-13 10:34:37', '2018-11-13 10:34:37'),
(8, 8, 1, 1, 1, '2018-12-06 12:42:41', '2018-12-06 19:42:22'),
(9, 8, 2, 1, 1, '2018-12-06 12:42:41', '2018-12-06 19:42:22'),
(10, 8, 3, 2, 1, '2018-12-06 12:42:41', '2018-12-06 19:42:22'),
(11, 9, 2, 1, 16, '2018-12-06 19:27:07', '2018-12-06 19:28:20'),
(12, 10, 1, 1, 1, '2018-12-06 19:37:37', '2018-12-06 19:37:37'),
(13, 10, 2, 1, 1, '2018-12-06 19:37:37', '2018-12-06 19:37:37'),
(14, 11, 1, 1, 22, '2018-12-06 19:38:19', '2018-12-14 16:06:07'),
(15, 11, 2, 1, 22, '2018-12-06 19:38:19', '2018-12-14 16:06:07'),
(16, 12, 2, 1, 1, '2018-12-06 19:39:30', '2019-05-14 09:59:34'),
(17, 13, 1, 2, 1, '2018-12-06 19:40:34', '2018-12-06 21:11:25'),
(18, 13, 2, 1, 22, '2018-12-06 19:40:34', '2018-12-19 13:10:26'),
(19, 14, 1, 1, 16, '2018-12-14 11:19:24', '2018-12-14 11:21:01'),
(20, 14, 2, 1, 16, '2018-12-14 11:19:24', '2018-12-14 11:21:01'),
(21, 0, 1, 1, 16, '2018-12-14 12:58:54', '2018-12-14 12:58:54'),
(22, 0, 2, 1, 16, '2018-12-14 12:58:54', '2018-12-14 12:58:54'),
(23, 15, 1, 1, 22, '2018-12-14 13:08:54', '2018-12-19 13:21:43'),
(24, 15, 2, 1, 22, '2018-12-14 13:08:54', '2018-12-19 13:21:43'),
(25, 16, 10, 1, 22, '2018-12-19 12:55:53', '2018-12-19 13:10:40'),
(26, 17, 10, 1, 22, '2018-12-19 13:00:52', '2018-12-19 13:10:30'),
(27, 18, 1, 2, 22, '2018-12-19 13:03:02', '2018-12-19 13:03:12'),
(28, 18, 2, 2, 22, '2018-12-19 13:03:02', '2018-12-19 13:03:12'),
(29, 18, 10, 1, 22, '2018-12-19 13:03:02', '2018-12-19 13:10:34'),
(30, 19, 10, 1, 22, '2018-12-19 13:22:38', '2018-12-19 13:22:38'),
(31, 20, 10, 1, 22, '2018-12-19 13:24:50', '2018-12-19 13:26:01'),
(32, 21, 1, 1, 16, '2018-12-26 13:04:57', '2019-01-08 15:31:55'),
(33, 21, 2, 1, 16, '2018-12-26 13:04:57', '2019-01-08 15:31:55'),
(34, 21, 10, 1, 16, '2018-12-26 13:04:57', '2019-01-08 15:31:55'),
(35, 22, 2, 1, 1, '2019-04-27 12:20:15', '2019-05-14 09:59:15'),
(36, 23, 1, 1, 15, '2020-08-19 17:24:34', '2020-08-19 17:24:46'),
(37, 23, 2, 1, 15, '2020-08-19 17:24:46', '2020-08-19 17:24:46');

-- --------------------------------------------------------

--
-- Table structure for table `kr_cus_address`
--

CREATE TABLE `kr_cus_address` (
  `cus_addressid` int(11) NOT NULL,
  `customer_id` int(11) DEFAULT NULL,
  `selectaddress` int(11) NOT NULL,
  `gstno` varchar(255) NOT NULL,
  `firstname` varchar(255) NOT NULL,
  `lastname` varchar(255) NOT NULL,
  `address` text NOT NULL,
  `emailid` varchar(255) NOT NULL,
  `city` varchar(500) NOT NULL,
  `postalcode` varchar(10) NOT NULL,
  `stateid` int(11) DEFAULT NULL,
  `countryid` int(11) DEFAULT NULL,
  `cityid` int(11) DEFAULT NULL,
  `landmark` varchar(256) DEFAULT NULL,
  `telephone` varchar(100) DEFAULT NULL,
  `IsActive` int(11) DEFAULT NULL,
  `UserId` int(11) DEFAULT NULL,
  `CreatedDate` datetime NOT NULL,
  `ModifiedDate` timestamp NOT NULL DEFAULT CURRENT_TIMESTAMP ON UPDATE CURRENT_TIMESTAMP
) ENGINE=InnoDB DEFAULT CHARSET=latin1;

--
-- Dumping data for table `kr_cus_address`
--

INSERT INTO `kr_cus_address` (`cus_addressid`, `customer_id`, `selectaddress`, `gstno`, `firstname`, `lastname`, `address`, `emailid`, `city`, `postalcode`, `stateid`, `countryid`, `cityid`, `landmark`, `telephone`, `IsActive`, `UserId`, `CreatedDate`, `ModifiedDate`) VALUES
(28, 1, 0, 'GST30', 'Ayyanar', 'Ayan', 'No.89, Pillayaedr Kovil St.', 'ayanvsa007@gmail.com', 'Chennai', '600040', 1, 1, NULL, 'Tamil Nadu', '8899556622', 2, 0, '2018-12-21 00:00:00', '2020-12-29 06:43:50'),
(29, 1, 0, '', 'Aranga', 'samy', 'villivakkam', 'samy@gmail.com', 'virudhachallam', '600013', 1, 1, NULL, 'park', '995526652', 2, 0, '2018-12-24 00:00:00', '2020-12-29 06:43:54'),
(30, 5, 0, '', 'Arun', 'Raja', 'No:302,kodambakkam ', 'arun@gmail.com', 'chennai', '600014', 1, 1, NULL, 'Pillaiyar kovil street', '98852421', 2, 16, '2018-12-24 00:00:00', '2021-01-21 06:49:33'),
(33, 3, 0, '', 'John', 'Paul', 'No 71/29, Chinna Thambi Street, kosapet, Chennai-12', 'ashwinraj2394@gmail.com', 'Chennai', '766666', 1, 1, NULL, 'Tamil Nadu', '09444631387', 2, 0, '2019-01-08 00:00:00', '2020-12-29 07:45:09'),
(34, 33, 0, '', 'dfgfd', 'dfgfd', 'gdfgfdg', 'dfgfd@dfgfd.in', 'dfgdfgfd', '789879', 1, 1, NULL, 'dfgfdg', '456546546', 2, 0, '2019-02-01 00:00:00', '2021-02-09 17:38:14'),
(35, 32, 0, '', 'Ayyanar', 'Ayan', 'pixel studios, 18th main road, Anna nagar west.', 'ayyanar.pixel@gmail.com', 'chennai', '600040', 1, 1, NULL, 'Tamil Nadu', '7299912577', 2, 0, '2019-02-01 00:00:00', '2020-12-30 04:42:19'),
(36, 35, 0, '', 'Ayyanar', 'Ayan', 'pixel studios, 18th main road, Anna nagar west.', 'ayyanar.pixel@gmail.com', 'chennai', '600040', 1, 1, NULL, 'Tamil Nadu', '7299912577', 2, 0, '2019-02-01 00:00:00', '2021-02-19 07:26:22'),
(38, 4, 0, '', 'Ayyanar', 'Ayan', 'pixel studios, 18th main road, Anna nagar west.', 'ayyanar.pixel@gmail.com', 'chennai', '600040', 1, 1, NULL, 'Tamil Nadu', '7299912577', 2, 0, '2019-02-12 00:00:00', '2020-12-18 06:20:07'),
(39, 1, 0, '', 'Ashwin', 'Raj', 'No 71/29, Chinna Thambi Street, kosapet, Chennai-12', 'ashwinraj2394@gmail.com', 'Chennai', '600007', 21, 1, NULL, 'Tamil Nadu', '9444631387', 2, 0, '2019-03-28 12:20:55', '2020-12-16 05:54:24'),
(46, 17, 0, '', 'Ayyanar', 'Ayan', 'anna nagar', 'ayanvsa007@gmail.com', 'chennai', '600040', 19, 1, NULL, 'yttytyty', '7895632565', 2, 0, '2019-03-29 17:08:01', '2021-02-15 12:54:56'),
(49, 6, 0, '', 'Ashwin', 'Raj', 'No 71/29, Chinna Thambi Street, kosapet, Chennai-12', 'ashwinraj.pixel@gmail.com', 'Chennai', '766666', 19, 1, NULL, 'Tamil Nadu', '08667243071', 2, 0, '2019-04-05 11:02:50', '2020-12-11 05:58:04'),
(50, 6, 0, '', 'test', 'addressw', 'test address,', 'test@gmail.com', 'chennai', '600040', 1, 1, NULL, 'chennai', '984321678', 2, 0, '2019-04-08 19:20:30', '2020-12-11 05:58:04'),
(51, 24, 0, '', 'Pixel', 'test', 'test', 'kalaivani.pixel@gmail.com', 'chennai', '60000', 1, 1, NULL, '', '121212121212', 2, 0, '2019-04-08 21:09:00', '2020-12-28 12:02:13'),
(53, 29, 0, '', 'Ashwin', 'Raj', 'No 71/29, Chinna Thambi Street, kosapet, Chennai-12', 'ashwinashwy231994@gmail.com', 'Chennai', '766666', 1, 1, NULL, 'Tamil Nadu', '9444631387', 2, 0, '2019-04-30 12:21:19', '2021-02-10 16:06:13'),
(54, 28, 0, '', 'kannan', '1212', 'test', 'kannan.pandian@pixel-studios.com', 'test', '1212121212', 33, 1, NULL, 'test', '12121212', 2, 0, '2019-05-03 14:02:35', '2021-01-08 12:38:09'),
(55, 3, 0, '', 'John', 'Paul', 'Address', 'john@pix.in', 'Chennai', '600009', 1, 1, NULL, '', '94446631357', 2, 0, '2019-05-07 12:29:03', '2020-12-29 07:45:09'),
(56, 3, 0, '', 'John', 'Paul 3', 'Address 1', 'john@pix.in', 'Chennai', '600009', 1, 1, NULL, '', '9487878978', 2, 0, '2019-05-07 12:29:41', '2020-12-29 07:45:09'),
(57, 31, 0, '', 'Ayyanar', 'Ayan', 'Address', 'ayyanar.pixel@gmail.com', 'Chennai', '600009', 1, 1, NULL, '', '9444631387', 2, 0, '2019-05-07 13:01:35', '2021-02-10 15:03:36'),
(59, 73, 0, '', 'Southern Cross', 'University', '518 SPACES Tower 2,pattulous road, Royapettah', 'nivedhitha0495@gmail.com', 'Chennai', '600014', 1, 1, NULL, 'Next to E-Hotel', '9940177834', 2, 0, '2019-12-20 13:23:01', '2021-02-12 05:01:49'),
(60, 76, 0, '', 'Test', 'Message', 'Test 1, Steert 7,', 'Test@gmail.com', 'Chennai', '600096', 1, 1, NULL, 'Toll Plaza', '9789889927', 2, 0, '2020-02-26 16:42:39', '2021-02-10 14:53:17'),
(61, 53, 0, '', 'kalai', 'r', 'NO.5 PILLAYAR KOVIL STREET', 'kalaivani.pixel@gmail.com', 'CHENNAI', '600080', 1, 1, NULL, 's', '09566218714', 2, 1, '2020-08-20 00:00:00', '2021-02-10 13:38:54'),
(62, 53, 0, '', 'kalaivani', 'R', 'Chennai', 'kalaivani.pixel@gmail.com', 'chennai', '600080', 1, 1, NULL, 'dda', '09566218714', 2, 15, '2020-08-20 00:00:00', '2021-02-10 13:38:54'),
(63, 53, 0, '', 'kalai', 'vani', 'test address', 'kalaivani.pixel@gmail.com', 'Chennai', '600080', 0, 1, NULL, 'test lands', '0000007787', 2, 15, '2020-08-20 00:00:00', '2021-02-10 13:38:54'),
(64, 53, 0, '', 'kk', 'kk', 'kk', 'kk@kk.in', 'kk', '60', 0, 1, NULL, 'kk', '0213', 2, 15, '2020-08-20 00:00:00', '2021-02-10 13:38:54'),
(65, 53, 0, '', 'kk', 'kk', 'kk', 'kk@gmail.com', 'kk', '6000', 1, 1, NULL, 'kk', '546', 2, 15, '2020-08-20 00:00:00', '2021-02-10 13:38:54'),
(67, 53, 0, '', 'dfgd', 'dfg', 'dfg', 'dfg@gmail.com', 'jgj', '876', 0, 4, NULL, 'sdf', '3424', 2, 15, '2020-08-20 00:00:00', '2021-02-10 13:38:54'),
(68, 53, 0, '', 'Pixel', 'r', 'sdf', 'sd@gmail.com', 'sdf', '234', 1, 1, NULL, 'sdf', '34223', 2, 15, '2020-08-21 00:00:00', '2021-02-10 13:38:54'),
(69, 1, 0, '', 'asdas', 'asdas', 'asdasd', 'asdad@sss.co', 'chennai', '600007', 23, 1, NULL, 'asdasds', '65646455', 2, 0, '2020-12-14 17:42:23', '2020-12-16 05:54:24'),
(70, 1, 0, '', 'Test', 'Test', 'Test Address', 'test@test.com', 'Chennai', '600007', 1, 1, NULL, 'Test', '123456789', 2, 0, '2020-12-14 17:48:28', '2020-12-16 05:54:24'),
(71, 1, 0, '', 'Test', 'Test1', 'test address', 'test@test.com', 'test city', '123456', 1, 1, NULL, 'test landmark', '12345678', 2, 0, '2020-12-28 16:40:31', '2021-01-13 10:37:52'),
(72, 1, 0, '', 'test2 First Name', 'test2 Last Name', 'test2 Address', 'test2@test2.com', 'test2 City', '123456', 1, 1, NULL, 'test2 landmark', '12345678', 2, 0, '2020-12-28 16:43:41', '2021-01-13 10:37:52'),
(73, 0, 0, '', 'kalai', 'r', 'NO.5 PILLAYAR KOVIL STREET', 'kalaivani.pixel@gmail.com', 'CHENNAI', '600080', 1, 1, NULL, '', '09566218714', 2, 0, '2021-01-12 18:43:30', '2021-01-12 13:13:41'),
(74, 0, 0, '', 'kalai', 'r', 'NO.5 PILLAYAR KOVIL STREET', 'kalaivani.pixel@gmail.com', 'CHENNAI', '600080', 1, 1, NULL, '', '09566218714', 2, 0, '2021-01-12 18:47:06', '2021-01-12 13:18:42'),
(75, 1, 0, '', 'Pravin', 'Paul', 'Testing', 'pravin@pixel-studios.com', 'CHENNAI', '600080', 1, 1, NULL, '', '09786188270', 2, 0, '2021-01-19 17:28:53', '2021-02-09 09:28:08'),
(76, 4, 0, '', 'pravin', 'raj', 'chennai', 'pravin@pixel-studios.com', 'chennai', '600080', 1, 1, NULL, 'chennai', '9786188270', 2, 0, '2021-01-19 17:29:04', '2021-01-19 12:01:06'),
(77, 96, 0, '', 'Test', 'Tq', 'Test', 'ayyanar.pixel@gmail.com', 'test', '600080', 1, 1, NULL, 'test', '9710251301', 2, 0, '2021-02-09 14:52:03', '2021-02-09 17:27:33'),
(78, 1, 0, '', 'kalai', 'r', 'Test', 'kalaivani.pixel@gmail.com', 'CHENNAI', '600080', 1, 1, NULL, '', '123456789', 2, 0, '2021-02-09 15:03:30', '2021-02-09 17:59:25'),
(79, 102, 0, '', 'Murali', 'P', '8F, A wing Etamin Block, Prestige Technology Park,  Kaddubesanahalli, Bangalore, Karnataka', 'murali.be.eee.1993@gmail.com', 'Bangalore', '560103', 33, 1, NULL, 'Prestige tech park kaddubesanahalli', '9578059968', 2, 0, '2021-02-18 07:19:48', '2021-03-16 20:25:02'),
(80, 0, 0, '', 'Shailendra', 'Pandey', '45, M Block, Commercial Complex, Greater Kailash-II, New Delhi-110048', 'shailendra.pandey81@gmail.com', 'South Delhi', '110048', 54, 1, NULL, 'SBI NRI BRANCH', '09911591904', 2, 0, '2021-02-25 14:02:25', '2021-02-25 08:32:27'),
(81, 0, 0, '', 'Shailendra', 'Pandey', '45, M Block, Commercial Complex, Greater Kailash-II, New Delhi-110048', 'shailendra.pandey81@gmail.com', 'South Delhi', '110048', 54, 1, NULL, 'SBI NRI BRANCH', '09911591904', 2, 0, '2021-02-25 14:06:36', '2021-02-25 08:37:03'),
(82, 0, 0, '', 'Rohit', 'Raj', 'Room No. 35, Admin Block Guru Gobind Singh Indraprastha University', 'rajr2861@gmail.com', 'New Delhi', '110078', 54, 1, NULL, 'Near Sector 14 Metro Station', '7017206001', 2, 0, '2021-02-25 16:48:44', '2021-02-25 11:19:14'),
(83, 0, 0, '', 'Suraj', 'chauhan', 'Devasherya colony, unchapul', 'surajchhn675@gmail.com', 'Haldwani', '263139', 47, 1, NULL, 'Behind white hall school', '09759020822', 2, 0, '2021-02-27 02:33:18', '2021-02-26 21:20:29'),
(84, 104, 0, '', 'Seema', 'Kadam', 'A-1, Nirant, Kothari blocks', 'seemakadam888@gmail.com', 'Pune', '411037', 36, 1, NULL, 'Next to Navkar communications,BIBVEWADI', '9922007450', 1, 0, '2021-02-27 13:30:48', '2021-02-27 13:30:48'),
(85, 104, 0, '', 'Seema', 'Kadam', 'A-1, Nirant, Kothari blocks, Bibvewadi', 'seemakadam888@gmail.com', 'Pune', '411037', 36, 1, NULL, 'Maharashtra', '9922007450', 1, 0, '2021-02-27 14:03:45', '2021-02-27 14:03:45'),
(86, 55, 0, '', 'Shyam Sehan B', 'Ses', 'Puthur', 'shyamseshan1@gmail.com', 'Trichy', '620003', 1, 1, NULL, '', '9944225024', 2, 0, '2021-03-06 12:16:53', '2021-03-06 06:47:08'),
(87, 0, 0, '', 'Sachin', 'Kumar', 'Ladania,madhuban8', 'sachinkumarptn1@gmail.com', 'Madhubani', '847232', 25, 1, NULL, 'Gandhi chowk', '7549082844', 2, 0, '2021-03-09 08:49:08', '2021-03-09 03:19:40'),
(88, 0, 0, '', 'Shanaishwar', 'Chungade', 'Srs heights marunji road near jk retrade centre Hinjewadi Laxmi chowk', 'shanaishwar1137@gmail.com', 'pune', '411057', 36, 1, NULL, 'Near GTR heights Shinde waste', '9923554295', 2, 0, '2021-04-19 12:21:18', '2021-04-19 06:52:10'),
(89, 108, 0, '', 'Shanaishwar', 'Chungade', 'Flat no 13 floor 4 , SRS heights near jk retrade centre lane marunji road Laxmi chowk Pune', 'shanaishwar1137@gmail.com', 'Pune', '411057', 36, 1, NULL, 'Near GTR heights', '9923554295', 1, 0, '2021-04-19 12:35:53', '2021-04-19 12:35:53'),
(90, 3, 0, '', 'Shyam', 'Seshan', 'Woraiyur', 'shyamseshan1@gmail.com', 'Trichy', '620003', 1, 1, NULL, 'Woraiyur', '9944225024', 2, 0, '2021-05-08 23:39:40', '2021-05-08 23:37:45'),
(91, 0, 0, '', 'Shyam', 'Seshan', 'Woraiyur', 'shyamseshan1@gmail.com', 'Trichy', '620003', 1, 1, NULL, 'Woraiyur', '9944225024', 2, 0, '2021-05-09 12:37:16', '2021-05-09 07:07:47');

-- --------------------------------------------------------

--
-- Table structure for table `kr_cus_attribute_tbl1`
--

CREATE TABLE `kr_cus_attribute_tbl1` (
  `Cust_tbl1_AttrId` int(11) NOT NULL,
  `customer_id` int(11) DEFAULT NULL,
  `AttributeId` int(11) DEFAULT NULL,
  `AttributeValue` text NOT NULL,
  `IsActive` int(11) DEFAULT NULL,
  `UserId` int(11) DEFAULT NULL,
  `CreateDate` datetime NOT NULL,
  `ModifiedDate` datetime NOT NULL
) ENGINE=InnoDB DEFAULT CHARSET=latin1;

--
-- Dumping data for table `kr_cus_attribute_tbl1`
--

INSERT INTO `kr_cus_attribute_tbl1` (`Cust_tbl1_AttrId`, `customer_id`, `AttributeId`, `AttributeValue`, `IsActive`, `UserId`, `CreateDate`, `ModifiedDate`) VALUES
(1, 1, 1, 'Lincy', 1, 6, '2016-06-02 00:00:00', '2016-06-07 11:40:33'),
(2, 0, 1, 'hhhhh', 1, 8, '2016-06-06 00:00:00', '2016-06-06 11:28:01'),
(3, 2, 1, 'hhhhh', 1, 8, '2016-06-06 00:00:00', '2016-06-06 11:30:35'),
(4, 1, 2, '9895666666', 1, 6, '2016-06-07 00:00:00', '2016-06-07 11:40:34'),
(5, 3, 1, '', 0, 1, '2018-11-08 17:52:43', '2018-11-08 17:53:00'),
(6, 3, 2, '', 0, 16, '2018-11-08 17:52:43', '2018-12-06 18:06:30'),
(7, 4, 2, '7299912577', 1, 16, '2018-12-06 18:02:16', '2018-12-06 18:03:04'),
(8, 4, 8, '', 1, 16, '2018-12-06 18:02:16', '2018-12-06 18:03:04'),
(9, 3, 8, '', 1, 16, '2018-12-06 18:06:30', '2018-12-06 18:06:30'),
(10, 2, 2, '', 1, 16, '2018-12-06 18:07:26', '2018-12-06 18:09:57'),
(11, 2, 8, '', 1, 16, '2018-12-06 18:07:26', '2018-12-06 18:09:57'),
(12, 5, 10, '4556556', 1, 16, '2018-12-07 12:03:00', '2018-12-07 12:07:05'),
(13, 5, 8, '03-12-2018', 1, 16, '2018-12-07 12:03:00', '2018-12-07 12:07:05'),
(14, 6, 10, '567788', 1, 16, '2018-12-07 12:11:30', '2018-12-07 12:11:30'),
(15, 6, 10, '567788', 1, 16, '2018-12-07 12:11:30', '2018-12-07 12:11:30'),
(16, 6, 12, 'rttryry', 1, 16, '2018-12-07 12:11:30', '2018-12-07 12:11:30'),
(17, 6, 13, '34', 1, 16, '2018-12-07 12:11:30', '2018-12-07 12:11:30'),
(18, 6, 8, '06-12-2018', 1, 16, '2018-12-07 12:11:30', '2018-12-07 12:11:30'),
(19, 6, 8, '06-12-2018', 1, 16, '2018-12-07 12:11:30', '2018-12-07 12:11:30'),
(20, 7, 10, '7299912577', 1, 16, '2018-12-07 12:27:48', '2018-12-07 12:27:48'),
(21, 7, 8, '05-12-2018', 1, 16, '2018-12-07 12:27:48', '2018-12-07 12:27:48'),
(22, 8, 10, '5656565', 1, 16, '2018-12-07 12:29:23', '2018-12-07 12:30:24'),
(23, 8, 8, '05-12-2018', 1, 16, '2018-12-07 12:29:23', '2018-12-07 12:30:24'),
(24, 8, 12, 'fgfghfh', 1, 16, '2018-12-07 12:30:24', '2018-12-07 12:30:24'),
(25, 8, 13, '34', 1, 16, '2018-12-07 12:30:24', '2018-12-07 12:30:24'),
(26, 9, 10, '77777777777', 1, 1, '2018-12-07 16:03:50', '2018-12-10 18:12:50'),
(27, 9, 8, '05-12-2018', 1, 1, '2018-12-07 16:03:50', '2018-12-10 18:12:50'),
(28, 9, 12, 'dgfdjkfdnlfk.jpg', 1, 1, '2018-12-07 16:04:21', '2018-12-10 18:12:50'),
(29, 9, 13, '70', 1, 1, '2018-12-07 16:04:21', '2018-12-10 18:12:50'),
(30, 11, 10, 'e4545657', 1, 16, '2018-12-14 19:12:54', '2018-12-14 19:12:54'),
(31, 11, 15, '', 1, 16, '2018-12-14 19:12:54', '2018-12-14 19:12:54'),
(32, 12, 10, '567788', 1, 16, '2018-12-14 19:18:25', '2018-12-14 19:18:25'),
(33, 12, 15, '', 1, 16, '2018-12-14 19:18:25', '2018-12-14 19:18:25'),
(34, 14, 10, '565656', 1, 16, '2018-12-14 19:56:39', '2018-12-14 19:56:39'),
(36, 14, 8, '14-12-2018', 1, 16, '2018-12-14 19:56:39', '2018-12-14 19:56:39'),
(37, 15, 10, '34565765', 1, 16, '2018-12-14 20:31:23', '2018-12-14 20:31:23'),
(38, 15, 12, 'rtrytyt', 1, 16, '2018-12-14 20:31:23', '2018-12-14 20:31:23'),
(39, 15, 13, '34', 1, 16, '2018-12-14 20:31:23', '2018-12-14 20:31:23'),
(40, 15, 15, '', 1, 16, '2018-12-14 20:31:23', '2018-12-14 20:31:23'),
(41, 15, 8, '14-12-2018', 1, 16, '2018-12-14 20:31:23', '2018-12-14 20:31:23'),
(42, 16, 10, '454657', 1, 16, '2018-12-14 20:50:14', '2018-12-14 20:50:14'),
(43, 16, 15, '', 1, 16, '2018-12-14 20:50:14', '2018-12-14 20:50:14'),
(44, 16, 8, '14-12-2018', 1, 16, '2018-12-14 20:50:14', '2018-12-14 20:50:14'),
(45, 17, 10, '4546765', 1, 16, '2018-12-14 20:51:45', '2018-12-14 20:51:45'),
(46, 17, 15, '', 1, 16, '2018-12-14 20:51:45', '2018-12-14 20:51:45'),
(47, 17, 8, '14-12-2018', 1, 16, '2018-12-14 20:51:45', '2018-12-14 20:51:45'),
(48, 18, 10, '56768', 1, 16, '2018-12-14 20:55:01', '2018-12-14 20:55:01'),
(50, 18, 8, '14-12-2018', 1, 16, '2018-12-14 20:55:01', '2018-12-14 20:55:01'),
(51, 19, 10, '456576', 1, 16, '2018-12-14 20:58:54', '2018-12-14 20:58:54'),
(52, 19, 15, '', 1, 16, '2018-12-14 20:58:54', '2018-12-14 20:58:54'),
(53, 19, 8, '14-12-2018', 1, 16, '2018-12-14 20:58:54', '2018-12-14 20:58:54'),
(54, 20, 10, 'gfdgdf', 0, 16, '2018-12-14 21:11:49', '2018-12-14 21:11:49'),
(55, 20, 15, '', 0, 16, '2018-12-14 21:11:49', '2018-12-14 21:11:49'),
(56, 20, 8, '13-12-2018', 0, 16, '2018-12-14 21:11:49', '2018-12-14 21:11:49'),
(70, 22, 15, '0_1545047597.jpg', 1, 16, '2018-12-17 17:23:17', '2018-12-17 17:23:17'),
(76, 24, 15, '1_1545048710.jpg', 1, 16, '2018-12-17 17:41:50', '2018-12-17 17:41:50'),
(77, 3, 19, '21', 1, 22, '2018-12-19 13:28:53', '2018-12-19 13:29:06'),
(78, 45, 12, 'pixel studio ', 1, 16, '2018-12-19 06:55:15', '2018-12-19 06:55:15'),
(79, 3, 12, 'Pixel Studio', 1, 0, '2018-12-21 09:22:01', '2018-12-21 09:22:01'),
(80, 9, 21, 'Attributename', 1, 0, '2019-01-31 07:12:02', '2019-01-31 07:12:02'),
(81, 9, 12, 'gbjhdfbjfd', 1, 0, '2019-01-31 07:12:02', '2019-01-31 07:12:02'),
(82, 37, 21, 'TestAttribute', 1, 0, '2019-02-11 12:21:21', '2019-02-11 12:21:21'),
(83, 37, 12, 'testcompany', 1, 0, '2019-02-11 12:21:21', '2019-02-11 12:21:21'),
(84, 38, 21, 'rererer', 1, 0, '2019-02-11 12:24:40', '2019-02-11 12:24:40'),
(85, 38, 12, 'ererer', 1, 0, '2019-02-11 12:24:40', '2019-02-11 12:24:40'),
(86, 18, 12, 'Pixel studio\'s PVT LTD', 1, 0, '2019-03-29 06:14:36', '2019-03-29 06:14:36'),
(87, 19, 12, 'Pixel Studios PVT LTD', 1, 0, '2019-03-29 06:27:54', '2019-03-29 06:27:54'),
(88, 24, 12, 'Pixel Studios', 1, 0, '2019-04-08 06:28:32', '2019-04-08 06:28:32'),
(89, 25, 12, 'sdfds', 1, 0, '2019-04-27 16:24:57', '2019-04-27 16:24:57'),
(90, 26, 12, 'dfgfd', 1, 0, '2019-04-27 16:26:56', '2019-04-27 16:26:56'),
(91, 28, 12, 'Pixel Studios Pvt LTD', 1, 0, '2019-04-30 10:44:01', '2019-04-30 10:44:01'),
(92, 31, 12, 'Pixel Studios Pvt Ltd', 1, 1, '2019-05-03 15:04:30', '2019-05-20 13:44:56'),
(93, 33, 12, 'tretr', 1, 15, '2019-05-06 16:55:59', '2020-08-21 18:00:19'),
(94, 61, 12, 'Test Company', 1, 0, '2019-10-15 18:36:16', '2019-10-15 18:36:16'),
(95, 63, 12, 'pixel studios', 1, 15, '2019-10-21 17:45:24', '2020-08-21 18:21:56'),
(96, 53, 23, 'test', 1, 15, '2020-08-21 16:43:12', '2020-08-21 16:43:12'),
(97, 33, 23, '', 1, 15, '2020-08-21 18:00:19', '2020-08-21 18:00:19'),
(98, 63, 23, '', 0, 15, '2020-08-21 18:21:56', '2020-08-21 18:21:56'),
(99, 1, 12, 'sf', 1, 1, '2021-01-29 13:10:33', '2021-01-29 13:12:55'),
(100, 97, 12, 'Yathumaagi.com', 1, 0, '2021-02-12 01:03:13', '2021-02-12 01:03:13');

-- --------------------------------------------------------

--
-- Table structure for table `kr_cus_attribute_tbl2`
--

CREATE TABLE `kr_cus_attribute_tbl2` (
  `Cust_tbl2_AttrId` int(11) NOT NULL,
  `customer_id` int(11) DEFAULT NULL,
  `AttributeId` int(11) DEFAULT NULL,
  `AttributeValue` int(11) DEFAULT NULL,
  `IsActive` int(11) DEFAULT NULL,
  `UserId` int(11) DEFAULT NULL,
  `CreateDate` datetime NOT NULL,
  `ModifiedDate` datetime NOT NULL
) ENGINE=InnoDB DEFAULT CHARSET=latin1;

--
-- Dumping data for table `kr_cus_attribute_tbl2`
--

INSERT INTO `kr_cus_attribute_tbl2` (`Cust_tbl2_AttrId`, `customer_id`, `AttributeId`, `AttributeValue`, `IsActive`, `UserId`, `CreateDate`, `ModifiedDate`) VALUES
(1, 3, 3, 0, 0, 1, '2018-11-08 17:52:43', '2018-11-08 17:53:00'),
(2, 3, 4, 0, 0, 1, '2018-11-08 17:52:43', '2018-11-08 17:53:00'),
(3, 5, 11, 9, 1, 16, '2018-12-07 12:03:00', '2018-12-07 12:07:05'),
(4, 6, 11, 10, 1, 16, '2018-12-07 12:11:30', '2018-12-07 12:11:30'),
(5, 6, 11, 10, 1, 16, '2018-12-07 12:11:30', '2018-12-07 12:11:30'),
(6, 7, 11, 9, 1, 16, '2018-12-07 12:27:48', '2018-12-07 12:27:48'),
(7, 8, 11, 9, 1, 16, '2018-12-07 12:29:23', '2018-12-07 12:30:24'),
(8, 9, 11, 10, 1, 1, '2018-12-07 16:03:50', '2018-12-10 18:12:50'),
(9, 14, 11, 9, 1, 16, '2018-12-14 19:56:39', '2018-12-14 19:56:39'),
(10, 15, 11, 9, 1, 16, '2018-12-14 20:31:23', '2018-12-14 20:31:23'),
(11, 16, 11, 9, 1, 16, '2018-12-14 20:50:14', '2018-12-14 20:50:14'),
(12, 17, 11, 9, 1, 16, '2018-12-14 20:51:45', '2018-12-14 20:51:45'),
(13, 18, 11, 9, 1, 16, '2018-12-14 20:55:01', '2018-12-14 20:55:01'),
(14, 19, 11, 9, 1, 16, '2018-12-14 20:58:54', '2018-12-14 20:58:54'),
(15, 20, 11, 0, 0, 16, '2018-12-14 21:11:49', '2018-12-14 21:11:49'),
(16, 2, 16, 11, 0, 22, '2018-12-19 13:12:36', '0000-00-00 00:00:00'),
(17, 2, 17, 0, 0, 22, '2018-12-19 13:12:36', '2018-12-19 13:12:36'),
(18, 3, 16, 14, 1, 22, '2018-12-19 13:28:53', '2018-12-19 13:29:06'),
(19, 3, 17, 15, 1, 22, '2018-12-19 13:28:53', '2018-12-19 13:29:06'),
(20, 25, 22, 0, 1, 0, '2019-04-27 16:24:57', '2019-04-27 16:24:57'),
(21, 26, 22, 0, 1, 0, '2019-04-27 16:26:56', '2019-04-27 16:26:56'),
(22, 28, 22, 0, 1, 0, '2019-04-30 10:44:01', '2019-04-30 10:44:01'),
(23, 31, 22, 24, 1, 1, '2019-05-03 15:04:30', '2019-05-20 13:44:56'),
(24, 33, 22, 0, 1, 0, '2019-05-06 16:55:59', '2019-05-06 16:55:59');

-- --------------------------------------------------------

--
-- Table structure for table `kr_cus_attribute_tbl3`
--

CREATE TABLE `kr_cus_attribute_tbl3` (
  `Cust_tbl3_AttrId` int(11) NOT NULL,
  `customer_id` int(11) DEFAULT NULL,
  `AttributeId` int(11) DEFAULT NULL,
  `AttributeValue` text NOT NULL,
  `IsActive` int(11) DEFAULT NULL,
  `UserId` int(11) DEFAULT NULL,
  `CreateDate` datetime NOT NULL,
  `ModifiedDate` datetime NOT NULL
) ENGINE=InnoDB DEFAULT CHARSET=latin1;

--
-- Dumping data for table `kr_cus_attribute_tbl3`
--

INSERT INTO `kr_cus_attribute_tbl3` (`Cust_tbl3_AttrId`, `customer_id`, `AttributeId`, `AttributeValue`, `IsActive`, `UserId`, `CreateDate`, `ModifiedDate`) VALUES
(1, 3, 5, '', 0, 1, '2018-11-08 17:52:43', '2018-11-08 17:53:00'),
(2, 2, 18, '', 0, 22, '2018-12-19 13:12:36', '0000-00-00 00:00:00'),
(3, 3, 18, '', 1, 22, '2018-12-19 13:28:53', '2018-12-19 13:29:06'),
(4, 3, 20, '20', 1, 22, '2018-12-19 13:28:53', '2018-12-19 13:29:06');

-- --------------------------------------------------------

--
-- Table structure for table `kr_dateformat`
--

CREATE TABLE `kr_dateformat` (
  `dfid` int(11) NOT NULL,
  `dateformat` varchar(255) NOT NULL,
  `phpformat` varchar(50) NOT NULL,
  `isactive` tinyint(1) NOT NULL,
  `createdate` datetime NOT NULL,
  `modifiydate` datetime NOT NULL
) ENGINE=InnoDB DEFAULT CHARSET=latin1;

--
-- Dumping data for table `kr_dateformat`
--

INSERT INTO `kr_dateformat` (`dfid`, `dateformat`, `phpformat`, `isactive`, `createdate`, `modifiydate`) VALUES
(1, 'mm/dd/yy', 'm/d/Y', 1, '2018-11-09 11:38:00', '2018-11-09 11:38:00'),
(2, 'mm-dd-yy', 'm-d-Y', 1, '2018-11-09 11:38:00', '2018-11-09 11:38:00'),
(3, 'dd-mm-yy', 'd-m-Y', 1, '2018-11-09 11:27:00', '2018-11-09 11:34:00'),
(4, 'dd/mm/yy', 'd/m/Y', 1, '2018-11-09 11:34:00', '2018-11-09 11:34:00');

-- --------------------------------------------------------

--
-- Table structure for table `kr_dealer_brand`
--

CREATE TABLE `kr_dealer_brand` (
  `brandid` int(11) NOT NULL,
  `company` varchar(255) NOT NULL,
  `contactperson` varchar(255) NOT NULL,
  `contactphone` int(11) NOT NULL,
  `emailid` varchar(255) NOT NULL,
  `GST` int(11) NOT NULL,
  `city` varchar(255) NOT NULL,
  `state` varchar(255) NOT NULL,
  `country` varchar(255) NOT NULL,
  `productcatalog` varchar(255) NOT NULL,
  `IsActive` tinyint(1) NOT NULL,
  `userid` int(11) NOT NULL,
  `createdate` datetime NOT NULL,
  `modifieddate` datetime NOT NULL
) ENGINE=InnoDB DEFAULT CHARSET=latin1;

-- --------------------------------------------------------

--
-- Table structure for table `kr_dealer_individual`
--

CREATE TABLE `kr_dealer_individual` (
  `individualid` int(11) NOT NULL,
  `companyname` varchar(255) NOT NULL,
  `proprietorname` varchar(255) NOT NULL,
  `contactphone` varchar(255) NOT NULL,
  `emailid` varchar(255) NOT NULL,
  `companyaddress` text NOT NULL,
  `catalogattachment` varchar(255) NOT NULL,
  `noofyear` int(11) NOT NULL,
  `noofemployees` int(11) NOT NULL,
  `noofunitmanufactureperday` int(11) NOT NULL,
  `annualturnover` int(11) NOT NULL,
  `noofproducthousewarehouse` int(11) NOT NULL,
  `IsActive` tinyint(1) NOT NULL,
  `userid` int(11) NOT NULL,
  `createdate` datetime NOT NULL,
  `modifieddate` datetime NOT NULL
) ENGINE=InnoDB DEFAULT CHARSET=latin1;

--
-- Dumping data for table `kr_dealer_individual`
--

INSERT INTO `kr_dealer_individual` (`individualid`, `companyname`, `proprietorname`, `contactphone`, `emailid`, `companyaddress`, `catalogattachment`, `noofyear`, `noofemployees`, `noofunitmanufactureperday`, `annualturnover`, `noofproducthousewarehouse`, `IsActive`, `userid`, `createdate`, `modifieddate`) VALUES
(1, 'rtrts', 'rtrtrs', '7299912575', 'ayyanars.pixel@gmail.com', 'pixel studios, 18th main road, Anna nagar wests.', '15491107169individualimg.png', 5, 5, 5, 5, 5, 1, 16, '2019-02-02 17:54:46', '2019-02-02 18:04:22'),
(2, 'testcompany1503', 'dfd', '34545', 'asvh@rfdt.com', 'sdf', '', 23, 2, 2, 2, 2, 1, 16, '2019-03-15 11:59:31', '2019-03-15 12:00:29'),
(3, 'ffghgh', 'fgfhf', '56565', 'gfg@dsfdg.cvb', 'dfdfg', '', 34, 34, 34, 34, 34, 1, 16, '2019-03-15 12:00:59', '2019-03-15 12:00:59'),
(4, 'test1503', 'sdsfd', '3454', 'fgfnm@dkfh.cvb', 'erer', '', 34, 34, 34, 34, 34, 1, 16, '2019-03-15 12:03:57', '2019-03-15 12:03:57');

-- --------------------------------------------------------

--
-- Table structure for table `kr_delete_fb_enquiry_forms`
--

CREATE TABLE `kr_delete_fb_enquiry_forms` (
  `id` int(11) NOT NULL,
  `IsActive` int(11) NOT NULL,
  `Createddate` datetime NOT NULL,
  `Modifieddate` datetime NOT NULL
) ENGINE=InnoDB DEFAULT CHARSET=latin1;

-- --------------------------------------------------------

--
-- Table structure for table `kr_delete_fb_formtitle`
--

CREATE TABLE `kr_delete_fb_formtitle` (
  `id` int(11) NOT NULL,
  `rtrt` varchar(255) NOT NULL,
  `IsActive` int(11) NOT NULL,
  `UserId` int(11) NOT NULL,
  `Createddate` datetime NOT NULL,
  `Modifieddate` datetime NOT NULL
) ENGINE=MyISAM DEFAULT CHARSET=latin1;

-- --------------------------------------------------------

--
-- Table structure for table `kr_delete_fb_registers`
--

CREATE TABLE `kr_delete_fb_registers` (
  `id` int(11) NOT NULL,
  `IsActive` int(11) NOT NULL,
  `Createddate` datetime NOT NULL,
  `Modifieddate` datetime NOT NULL
) ENGINE=InnoDB DEFAULT CHARSET=latin1;

-- --------------------------------------------------------

--
-- Table structure for table `kr_discount`
--

CREATE TABLE `kr_discount` (
  `DiscountID` int(11) NOT NULL,
  `DiscountTitle` varchar(255) NOT NULL,
  `DiscountCatType` int(11) NOT NULL,
  `DiscountTotal` int(11) NOT NULL,
  `DiscountPerUser` int(11) NOT NULL,
  `NoofDiscountUsed` int(11) DEFAULT NULL,
  `Discountpriority` int(11) DEFAULT NULL,
  `DiscountAppend` int(11) DEFAULT NULL,
  `DiscountType` int(11) NOT NULL,
  `DiscountAmount` int(11) NOT NULL,
  `DiscountProducts` varchar(255) NOT NULL,
  `CustomerIds` varchar(255) NOT NULL,
  `customergroupid` varchar(255) NOT NULL,
  `DiscountCategorys` varchar(255) NOT NULL,
  `Discountslabamt` double(11,2) NOT NULL,
  `DiscountStartDate` date DEFAULT NULL,
  `DiscountEndDate` date DEFAULT NULL,
  `IsDisplayPublic` int(1) NOT NULL,
  `IsActive` int(11) NOT NULL,
  `UserId` int(11) NOT NULL,
  `created` datetime NOT NULL,
  `modifiedDate` datetime NOT NULL
) ENGINE=InnoDB DEFAULT CHARSET=latin1;

--
-- Dumping data for table `kr_discount`
--

INSERT INTO `kr_discount` (`DiscountID`, `DiscountTitle`, `DiscountCatType`, `DiscountTotal`, `DiscountPerUser`, `NoofDiscountUsed`, `Discountpriority`, `DiscountAppend`, `DiscountType`, `DiscountAmount`, `DiscountProducts`, `CustomerIds`, `customergroupid`, `DiscountCategorys`, `Discountslabamt`, `DiscountStartDate`, `DiscountEndDate`, `IsDisplayPublic`, `IsActive`, `UserId`, `created`, `modifiedDate`) VALUES
(1, 'yutyty', 1, 0, 0, 0, 0, 0, 1, 34, '1', '', '2', '1,2,8,9,3,4', 0.00, '2018-12-10', '2018-12-18', 0, 2, 22, '2018-12-10 18:40:59', '2018-12-17 15:36:22'),
(2, '17% Discount Slap', 5, 0, 0, 0, 0, 0, 1, 17, '', '', '', '', 75000.00, '2019-02-01', '2026-02-01', 0, 2, 1, '2018-12-17 15:09:29', '2021-01-04 16:41:30'),
(3, 'Sunday Sale', 1, 0, 0, 0, 0, 0, 1, 20, '13,61,62', '', '', '29', 0.00, '2018-12-23', '2018-12-23', 0, 2, 1, '2018-12-17 15:23:42', '2019-02-01 15:49:51'),
(4, '5% Discount Slap', 5, 0, 0, 0, 0, 0, 1, 5, '', '', '', '', 10000.00, '2019-04-03', '2029-04-30', 0, 2, 1, '2018-12-17 15:35:28', '2021-01-04 16:41:33'),
(5, 'testdiscount', 3, 0, 0, 0, 0, 0, 1, 30, '61,62', '', '', '', 0.00, '2018-12-29', '2019-01-04', 0, 2, 15, '2018-12-22 17:32:44', '2020-08-24 18:25:06'),
(6, 'testproduct', 1, 0, 0, 0, 0, 0, 1, 50, '233', '', '', '', 0.00, '2019-02-01', '2019-02-28', 0, 2, 16, '2018-12-22 18:06:56', '2019-03-15 18:35:19'),
(7, '20% Discount Slap', 5, 0, 0, 0, 0, 0, 1, 20, '', '', '', '', 100000.00, '2019-02-08', '2027-02-01', 0, 2, 1, '2019-02-01 14:47:55', '2021-01-04 16:41:31'),
(8, '10% Discount Slap', 5, 0, 0, 0, 0, 0, 1, 10, '', '', '', '', 25000.00, '2019-02-08', '2020-08-28', 0, 2, 1, '2019-02-01 14:48:47', '2021-01-04 16:41:25'),
(9, '15% Discount Slap', 5, 0, 0, 0, 0, 0, 1, 15, '', '', '', '', 50000.00, '2019-02-01', '2026-02-01', 0, 2, 1, '2019-02-01 14:49:25', '2021-01-04 16:41:28'),
(10, 'dsfds', 5, 0, 0, 0, 0, 0, 1, 34, '', '', '', '', 5435435.00, '2019-02-04', '2019-02-04', 0, 2, 1, '2019-02-04 11:35:18', '2019-02-04 11:55:19'),
(11, 'Diwal Offer', 3, 0, 0, 0, 0, 0, 1, 20, ',1,5,37,59,102,202,244', '', '1', '', 0.00, '2019-02-04', '2019-02-04', 0, 2, 15, '2019-02-04 11:56:38', '2020-08-24 18:25:04'),
(12, 'discount1503', 1, 0, 0, 0, 0, 0, 1, 45, '1,233', '', '', '', 0.00, '2019-03-21', '2019-03-28', 0, 2, 15, '2019-03-15 18:35:01', '2020-08-24 18:25:02'),
(13, 'Today\\\'s Deals', 3, 0, 0, 0, 0, 0, 1, 50, '2317,2318,3818,3819', '', '', '', 0.00, '2020-12-18', '2021-01-31', 0, 1, 1, '2019-04-04 11:08:17', '2020-12-18 13:18:19'),
(14, 'Deal of the Day 09/05/2019', 3, 0, 0, 0, 0, 0, 1, 0, '1,4,7,10,14,16,29,32,49,1094,1740,1959', '', '', '', 0.00, '2019-05-09', '2019-05-09', 0, 2, 15, '2019-05-09 13:26:53', '2020-08-24 18:25:10'),
(17, 'll', 2, 0, 0, NULL, NULL, NULL, 1, 15, '', '', '', '104,114,115,116,117,118,119,120,121,122,123,124,125,126,127,128,129,130,131,159,204', 0.00, '2020-08-19', '2020-08-19', 0, 0, 1, '2020-08-19 12:46:42', '2021-01-04 16:41:39'),
(18, 'Corporate Offer', 4, 0, 0, NULL, NULL, NULL, 1, 10, '', '', '2', '', 0.00, '2020-12-17', '2021-01-31', 0, 2, 1, '2020-12-18 13:37:06', '2021-01-04 16:41:36');

-- --------------------------------------------------------

--
-- Table structure for table `kr_discountapplied`
--

CREATE TABLE `kr_discountapplied` (
  `disappid` int(11) NOT NULL,
  `disappname` varchar(255) NOT NULL,
  `IsActive` tinyint(1) NOT NULL,
  `createddate` datetime NOT NULL,
  `modifieddate` datetime NOT NULL
) ENGINE=InnoDB DEFAULT CHARSET=latin1;

--
-- Dumping data for table `kr_discountapplied`
--

INSERT INTO `kr_discountapplied` (`disappid`, `disappname`, `IsActive`, `createddate`, `modifieddate`) VALUES
(1, 'Products', 1, '2018-12-10 00:00:00', '2018-12-10 00:00:00'),
(2, 'Category', 1, '2018-12-10 00:00:00', '2018-12-10 00:00:00'),
(3, 'Deal of the day', 1, '2018-12-10 00:00:00', '2018-12-10 00:00:00'),
(4, 'Customer', 1, '2018-12-10 00:00:00', '2018-12-10 00:00:00'),
(5, 'Discount Slap', 2, '2018-12-10 00:00:00', '2018-12-10 00:00:00');

-- --------------------------------------------------------

--
-- Table structure for table `kr_dropdown`
--

CREATE TABLE `kr_dropdown` (
  `dropdown_id` int(11) NOT NULL,
  `attributeId` int(11) NOT NULL,
  `dropdown_values` varchar(255) NOT NULL,
  `dropdown_images` varchar(256) DEFAULT NULL,
  `dropdown_unit` varchar(10) DEFAULT NULL,
  `sortingOrder` int(5) DEFAULT NULL,
  `userid` int(11) DEFAULT NULL,
  `isactive` tinyint(1) NOT NULL,
  `createdate` datetime NOT NULL,
  `modifieddate` datetime NOT NULL
) ENGINE=InnoDB DEFAULT CHARSET=latin1;

--
-- Dumping data for table `kr_dropdown`
--

INSERT INTO `kr_dropdown` (`dropdown_id`, `attributeId`, `dropdown_values`, `dropdown_images`, `dropdown_unit`, `sortingOrder`, `userid`, `isactive`, `createdate`, `modifieddate`) VALUES
(1, 4, 'dsfsdf', '', '', 0, 1, 2, '0000-00-00 00:00:00', '2019-04-05 19:23:26'),
(2, 4, 'test', '', '', 0, 1, 2, '0000-00-00 00:00:00', '2019-04-05 19:23:37'),
(5, 9, '343', '', '', 0, 1, 1, '2018-12-14 20:13:57', '2018-12-14 20:13:57'),
(6, 13, 'Red', '', '1', 0, 22, 1, '2018-12-17 12:09:03', '2018-12-17 12:09:03'),
(7, 15, 'Color', '', '1', 1, 22, 1, '2018-12-17 12:12:44', '2018-12-17 12:12:44'),
(15, 1, '128 GB', '', '2', 0, 1, 1, '2018-12-17 14:50:47', '2018-12-17 14:50:47'),
(16, 1, '64 GB', '', '2', 0, 1, 1, '2018-12-17 14:50:47', '2018-12-17 14:50:47'),
(18, 2, 'AA', '', '', 0, 22, 1, '2018-12-17 17:48:27', '2018-12-17 17:48:27'),
(22, 17, 'Female', '', '', 0, 22, 1, '2018-12-17 18:24:12', '2018-12-17 18:24:12'),
(23, 17, 'Male', '', '', 1, 22, 1, '2018-12-17 18:25:26', '2018-12-17 18:25:26'),
(24, 19, 'Metal Photo Frame', '', '10', 1, 22, 1, '2018-12-18 12:07:56', '2018-12-18 12:07:56'),
(25, 19, 'Plastic Photo Frame', '', '10', 2, 22, 1, '2018-12-18 12:07:56', '2018-12-18 12:07:56'),
(26, 19, 'Silver Photo Frame', '', '20', 3, 22, 1, '2018-12-18 12:07:56', '2018-12-18 12:07:56'),
(27, 19, 'LED Photo Frame', '', '10', 4, 22, 1, '2018-12-18 12:07:56', '2018-12-18 12:07:56'),
(28, 19, 'Certificate Frames', '', '20', 5, 22, 1, '2018-12-18 12:07:56', '2018-12-18 12:07:56'),
(33, 20, 'Red', '16124452616red.jpg', '3', 6, 15, 1, '2018-12-19 11:57:24', '2020-08-20 16:01:08'),
(34, 20, 'Blue', '15714022526blue.png', '3', 2, 22, 1, '2018-12-19 11:57:24', '2018-12-19 11:57:24'),
(35, 20, 'Black', '15714022523black.jpg', '3', 0, 22, 1, '2018-12-19 11:57:24', '2018-12-19 11:57:24'),
(36, 20, 'White', '15714022522white.png', '4', 3, 15, 1, '2018-12-19 11:57:24', '2020-08-20 16:01:00'),
(37, 20, 'Rose', '15714022529pink.jpg', '3', 4, 22, 1, '2018-12-19 11:57:24', '2018-12-19 11:57:24'),
(38, 20, 'Gold', '15714022524gold.png', '3', 5, 22, 1, '2018-12-19 11:57:24', '2018-12-19 11:57:24'),
(39, 20, 'Grey', '16124452985grey.png', '4', 1, 22, 1, '2018-12-19 11:57:24', '2018-12-19 11:57:24'),
(40, 1, '32 GB', '', '2', 0, 22, 1, '2018-12-19 12:00:31', '2018-12-19 12:00:31'),
(41, 1, '16 GB', '', '2', 0, 22, 1, '2018-12-19 12:00:31', '2018-12-19 12:00:31'),
(42, 19, 'Blue', NULL, NULL, NULL, 1, 1, '2018-12-20 19:05:56', '2018-12-20 19:05:56'),
(43, 19, 'Green', NULL, NULL, NULL, 1, 1, '2018-12-20 19:05:57', '2018-12-20 19:05:57'),
(44, 19, 'White', NULL, NULL, NULL, 1, 1, '2018-12-20 19:05:59', '2018-12-20 19:05:59'),
(45, 21, 'Wooden Base Size ( L x W x H )', '', 'cm', 0, 1, 1, '2019-01-31 15:59:47', '2019-01-31 15:59:47'),
(46, 21, 'Acrylic Base Size ( L x W x H )', '', 'cm', 1, 1, 1, '2019-01-31 15:59:47', '2019-01-31 15:59:47'),
(47, 21, 'Acrylic Dome Size ( L x W x H )', '', 'cm', 2, 1, 1, '2019-01-31 15:59:47', '2019-01-31 15:59:47'),
(52, 4, 'Direct Engraving', '1598421679015971217050productcustomazeimg.png', '', 1, 1, 1, '2019-01-31 16:07:40', '2019-01-31 16:07:40'),
(53, 4, 'Direct Engraving with Gold / Silver Filling', '1598422626415983544297banner_desk.png', '', 0, 1, 1, '2019-01-31 16:07:40', '2019-01-31 16:07:40'),
(54, 4, 'Direct Engraving with Gold / Silver Sheet', '160777677322.jpg', '', 3, 1, 1, '2019-01-31 16:07:40', '2019-01-31 16:07:40'),
(55, 4, 'Direct Multi Colour Printing', '160777677331.jpg', '', 0, 1, 1, '2019-01-31 16:07:40', '2019-01-31 16:07:40'),
(56, 4, 'Direct Multi Colour Printing on Gold / Silver Sheet', '160777677344.jpg', '', 0, 1, 1, '2019-01-31 16:07:40', '2019-01-31 16:07:40'),
(57, 0, 'testtt', '', '', 0, 15, 1, '2019-01-31 16:07:40', '2020-08-20 15:53:51'),
(58, 0, 'testt', '', '', 0, 15, 1, '2019-01-31 16:07:40', '2020-08-20 15:53:46'),
(59, 4, 'Screen Printing', '160777677302.jpg', '', 0, 1, 1, '2019-01-31 16:07:40', '2019-01-31 16:07:40'),
(60, 4, 'Rubberised Printing on T-Shirt', '160777677373.jpg', '', 0, 1, 1, '2019-01-31 16:07:40', '2019-01-31 16:07:40'),
(61, 4, 'Sublimation Printing', '1598422626615984175323banner_desk.png', '', 0, 1, 1, '2019-01-31 16:07:40', '2019-01-31 16:07:40'),
(62, 4, 'Embroidery', '160777677314.jpg', '', 0, 1, 1, '2019-01-31 16:07:40', '2019-01-31 16:07:40'),
(63, 4, 'Heat Embossing on Leatherette Products', '160777677333.jpg', '', 0, 1, 1, '2019-01-31 16:07:40', '2019-01-31 16:07:40'),
(64, 4, 'testvalues15034', '', '', 124, 16, 2, '2019-03-15 19:12:20', '2019-03-15 19:12:41'),
(65, 23, 'Ready stock', '', '', 1, 16, 1, '2019-04-11 16:37:28', '2019-04-11 16:37:28'),
(66, 23, '5 days', '', '', 2, 16, 1, '2019-04-11 16:37:28', '2019-04-11 16:37:28'),
(67, 23, '10 days', '', '', 3, 16, 1, '2019-04-11 16:37:28', '2019-04-11 16:37:28'),
(68, 23, '15 days', '', '', 4, 16, 1, '2019-04-11 16:37:28', '2019-04-11 16:37:28'),
(69, 4, 'Other Type of Branding', '160777677312.jpg', '', 0, 17, 1, '2019-04-12 19:09:17', '2019-04-12 19:09:17'),
(70, 24, '7X5X4', '', '', 0, 1, 1, '2019-10-18 18:38:54', '2019-10-18 18:38:54'),
(71, 24, '5X6X3', '', '', 1, 1, 1, '2019-10-18 18:38:54', '2019-10-18 18:38:54'),
(72, 24, '8X5X12', '', '', 2, 1, 1, '2019-10-18 18:38:54', '2019-10-18 18:38:54'),
(73, 24, 'Large', '', '', 3, 1, 1, '2019-12-11 17:55:41', '2019-12-11 17:55:41'),
(74, 25, '7 Days', '', '', 1, 1, 1, '2020-03-16 16:35:06', '2020-03-16 16:35:06'),
(75, 25, '10 Days', '', '', 2, 1, 1, '2020-03-16 16:35:06', '2020-03-16 16:35:06'),
(76, 25, '15 Days', '', '', 3, 1, 1, '2020-03-16 16:35:06', '2020-03-16 16:35:06'),
(77, 25, '45 Days', '', '', 4, 1, 1, '2020-03-16 16:35:06', '2020-03-16 16:35:06'),
(78, 26, 'Wood', '', '', 1, 1, 1, '2020-03-16 18:29:43', '2020-03-16 18:29:43'),
(79, 26, 'Plastic', '', '', 2, 1, 1, '2020-03-16 18:29:43', '2020-03-16 18:29:43'),
(80, 26, 'Metal', '', '', 3, 1, 1, '2020-03-16 18:29:43', '2020-03-16 18:29:43'),
(81, 26, 'Eco Friendly', '', '', 4, 1, 1, '2020-03-16 18:29:43', '2020-03-16 18:29:43'),
(82, 27, 'Red', '15973055462MPorder.png', '1', 1, 4, 1, '2020-08-13 13:29:06', '2020-08-13 13:29:06'),
(85, 28, 'ss', '15973058395golisoda.png', '2', 2, 4, 1, '2020-08-13 13:33:59', '2020-08-13 13:33:59'),
(86, 29, '2', '15973059403serverimg.png', '2', 2, 4, 1, '2020-08-13 13:35:40', '2020-08-13 13:35:40'),
(88, 4, 'kks', '160777677341.jpg', '', 1, 15, 1, '2020-08-20 15:53:09', '2020-08-20 15:57:36'),
(89, 20, 'Yellow', '160777487993.jpg', '5', 2, 15, 1, '2020-08-20 16:09:47', '2020-08-20 16:09:47'),
(90, 4, 'ghj', '1602141910312.jpg', '', 3, 1, 1, '2020-10-08 12:55:10', '2020-10-08 12:55:10'),
(91, 20, 'Silver', '16124245392silver.png', '', 0, 1, 1, '2021-02-04 13:07:36', '2021-02-04 13:07:36'),
(92, 20, 'Pink', '16124248207pink.jpg', '', 0, 1, 1, '2021-02-04 13:07:37', '2021-02-04 13:07:37'),
(93, 20, 'Green', '16124248200green.jpg', '', 0, 1, 1, '2021-02-04 13:07:38', '2021-02-04 13:07:38'),
(94, 20, 'Brown', '16124248207brown.png', '', 0, 1, 1, '2021-02-04 13:07:39', '2021-02-04 13:07:39'),
(95, 20, 'Assorted colours', '16124248208assorted.jpg', '', 0, 1, 1, '2021-02-04 13:07:39', '2021-02-04 13:07:39'),
(96, 36, 'en', '', '1', 1, 1, 1, '2021-05-12 12:42:06', '2021-05-12 12:42:06');

-- --------------------------------------------------------

--
-- Table structure for table `kr_email_template`
--

CREATE TABLE `kr_email_template` (
  `templid` bigint(1) NOT NULL,
  `type` tinyint(1) NOT NULL,
  `refname` varchar(50) NOT NULL,
  `name` varchar(75) NOT NULL,
  `subjecttitle` varchar(50) NOT NULL,
  `bodytitle` varchar(75) NOT NULL,
  `bodycontent1` longtext,
  `bodycontent2` longtext,
  `footerblock` mediumtext,
  `created_date` timestamp NOT NULL DEFAULT CURRENT_TIMESTAMP ON UPDATE CURRENT_TIMESTAMP,
  `user_type` varchar(100) NOT NULL,
  `IsActive` int(3) NOT NULL,
  `UserId` int(11) NOT NULL
) ENGINE=InnoDB DEFAULT CHARSET=latin1;

--
-- Dumping data for table `kr_email_template`
--

INSERT INTO `kr_email_template` (`templid`, `type`, `refname`, `name`, `subjecttitle`, `bodytitle`, `bodycontent1`, `bodycontent2`, `footerblock`, `created_date`, `user_type`, `IsActive`, `UserId`) VALUES
(1, 1, 'Registration(Individual)', 'Registration(Individual)', 'Individual Account Registration', 'Individual Account Registration', '<p><span style=\"font-family:verdana,geneva,sans-serif;\"><span style=\"font-size:12px;\"><span style=\"line-height: 1.6em;\">Greetings from - Indias first and only one stop, online supermarket to buy and sell Construction Materials, Interior and Exterior Furnishing Materials and Energy Products and Services for all living, work and leisure space like home, apartment, office, storage warehouse, industrial work area, restaurant, shopping malls, showrooms, hotels, resorts, vacation homes, and other similar.</span></span></span></p><p><span style=\"font-family:verdana,geneva,sans-serif;\"><span style=\"font-size:12px;\">Thank you for registering with us!</span><span style=\"font-size: 12px; line-height: 1.6em;\">The following is your User ID</span></span></p>', '<p><span style=\"font-family:verdana,geneva,sans-serif;\"><span style=\"font-size:12px;\">As a valued Build Customer, you can</span></span></p><p><span style=\"font-family:verdana,geneva,sans-serif;\"><span style=\"font-size:12px;\">Search / View products<br />Order desired quantity of products<br />Get the products shipped to an address of your choice<br />Manage Lists<br />Earn and spend Reward Points<br />and more on </span></span></p>', '<p><span style=\"font-family:verdana,geneva,sans-serif;\"><span style=\"font-size: 12px; line-height: 1.6em;\">If you need further information, please email us at customersupport@build.com. We can also be reached through our online chat service, Ask . </span></span></p><p><span style=\"font-family:verdana,geneva,sans-serif;\"><span style=\"font-size:12px;\">Thank you for your valuable time and with warm regards,</span></span></p><p><span style=\"font-family:verdana,geneva,sans-serif;\"><span style=\"font-size:12px;\">Customer Support</span></span></p><p><span style=\"font-family:verdana,geneva,sans-serif;\"><span style=\"font-size:12px;\">Chona Build Services Private Limited<br />44, Prakasam Street, T.Nagar, Chennai - 600 017, Tamil Nadu, India<br />Landline: +91 44 3090 2222 | Email: customersupport@castlecom<br />www.facebook.com/castle| www.youtube.com/castle| Google Maps: \"Castle\"</span></span></p><p><span style=\"font-family:verdana,geneva,sans-serif;\"><span style=\"font-size:10px;\">Disclaimer: This e-mail message contains strictly confidential material. Only those entities that have been provided explicit access for pre-determined and stated purpose can use this material for legal means. If you have received this message in error, please delete it immediately and notify the sender. If you are not the intended recipient, you are notified that you are strictly prohibited from using, copying, altering, or disclosing the contents of this message. If you have any questions, please contact Support through email: support@castle.com</span></span></p>', '2016-03-16 07:33:00', 'Customer', 1, 2),
(3, 3, 'Forgot Password', 'Forgot Password', 'Password Retrieval', 'Dear', '<p><span style=\"font-family:verdana,geneva,sans-serif;\"><span style=\"font-size:12px;\">Greetings from Castle - Indias first and only one stop, online supermarket to buy and sell Construction Materials, Interior and Exterior Furnishing<span style=\"line-height: 1.6em;\">Materials and Energy Products and Services for all living, work and leisure space like home, apartment, office, storage warehouse, industrial work area,restaurant, shopping malls, showrooms, hotels, resorts, vacation homes, and other similar.</span></span></span></p><p><span style=\"font-family:verdana,geneva,sans-serif;\"><span style=\"font-size:12px;\"><span style=\"line-height: 1.6em;\">Thank you for being a valued Customer.This email isin response to your request to recover your password.Please use the password given below to login to your Castle account.</span></span></span></p>', '<p><span style=\"font-family:verdana,geneva,sans-serif;\"><span style=\"font-size:12px;\">If you did not requestto change your password, then please ignore this email.</span></span></p>', '<p><span style=\"font-family:verdana,geneva,sans-serif;\"><span style=\"font-size: 12px; line-height: 1.6em;\">If you need further information, please email us at customersupport@Castle.com. We can also be reached through our online chat service, Ask Castle. </span></span></p><p><span style=\"font-family:verdana,geneva,sans-serif;\"><span style=\"font-size:12px;\">Thank you for your valuable time and with warm regards,</span></span></p><p><span style=\"font-family:verdana,geneva,sans-serif;\"><span style=\"font-size:12px;\">Customer Support</span></span></p><p><span style=\"font-family:verdana,geneva,sans-serif;\"><span style=\"font-size:12px;\">Chona Build Castle Services Private Limited<br />44, Prakasam Street, T.Nagar, Chennai - 600 017, Tamil Nadu, India<br />Landline: +91 44 3090 2222 | Email: customersupport@Castle.com<br />www.facebook.com/Castle| www.youtube.com/buildmantra | Google Maps: \"Build Mantra\"</span></span></p><p><span style=\"font-family:verdana,geneva,sans-serif;\"><span style=\"font-size:10px;\">Disclaimer: This e-mail message contains strictly confidential material. Only those entities that have been provided explicit access for pre-determined and stated purpose can use this material for legal means. If you have received this message in error, please delete it immediately and notify the sender. If you are not the intended recipient, you are notified that you are strictly prohibited from using, copying, altering, or disclosing the contents of this message. If you have any questions, please contact Build Mantra Support through email: support@buildmantra.com</span></span></p>', '2016-03-16 07:36:24', 'Customer', 1, 2),
(4, 4, 'Forgot User ID', 'Forgot User ID', 'User ID Retrieval', 'Dear', '<p><span style=\"font-family:verdana,geneva,sans-serif;\"><span style=\"font-size:12px;\">Greetings from Build Mantra - Indias first and only one stop, online supermarket to buy and sell Construction Materials, Interior and Exterior Furnishing Materials and Energy Products and Services for all living, work and leisure space like home, apartment, office, storage warehouse, industrial work area, restaurant, shopping malls, showrooms, hotels, resorts, vacation homes, and other similar.</span></span></p><p><span style=\"font-family:verdana,geneva,sans-serif;\"><span style=\"font-size:12px;\"><span style=\"line-height: 1.6em;\">Your User ID to accessyour  account is as below:</span></span></span></p>', '<p><span style=\"font-family:verdana,geneva,sans-serif;\"><span style=\"font-size:12px;\">Please ignore this email, if you did not seek help in retrieving yourUser ID.</span></span></p>', '<p><span style=\"font-family:verdana,geneva,sans-serif;\"><span style=\"font-size:12px;\">If you need further information, please email us at vendorsupport@castle.com. We can also be reached through our online chat service,  </span></span></p><p><span style=\"font-family:verdana,geneva,sans-serif;\"><span style=\"font-size:12px;\">Thank you for your valuable time and with warm regards,</span></span></p><p><span style=\"font-family:verdana,geneva,sans-serif;\"><span style=\"font-size:12px;\">Vendor Support</span></span></p><p><span style=\"font-family:verdana,geneva,sans-serif;\"><span style=\"font-size:12px;\">Chona Build Castle Services Private Limited<br />44, Prakasam Street, T.Nagar, Chennai - 600 017, Tamil Nadu, India<br />Landline: +91 44 3090 2222 | Email: vendorsupport@castle.com<br />www.facebook.com/castle| www.youtube.com/castle| Google Maps: \"Castle\"</span></span></p><p><span style=\"font-family:verdana,geneva,sans-serif;\"><span style=\"font-size:10px;\">Disclaimer: This e-mail message contains strictly confidential material. Only those entities that have been provided explicit access for pre-determined and stated purpose can use this material for legal means. If you have received this message in error, please delete it immediately and notify the sender. If you are not the intended recipient, you are notified that you are strictly prohibited from using, copying, altering, or disclosing the contents of this message. If you have any questions, please contact Build Castle Support through email: support@castle.com</span></span></p>', '2016-03-16 07:34:25', 'Customer', 1, 2),
(26, 26, ' Customers Active', ' Customers Active', 'Account Activated ', 'Dear', '<p><span style=\"font-family:verdana,geneva,sans-serif;\"><span style=\"font-size:12px;\">Greetings from Castle - India\'s first talent provider.</span></span></p><p></p><p><span style=\"font-family:verdana,geneva,sans-serif;\"><span style=\"font-size:12px;\">Your accountis now active and is ready for you to use.</span></span></p><p><span style=\"font-family:verdana,geneva,sans-serif;\"><span style=\"font-size:12px;\">Please login using your registered email ID and password to experience with us.</span></span></p>', '<p><span style=\"font-family:verdana,geneva,sans-serif;\"><span style=\"font-size:12px;\">If you need further information, please email us at customersupport@castle.com. We can also be reached through our online chat service, </span></span></p><p><span style=\"font-family:verdana,geneva,sans-serif;\"><span style=\"font-size:12px;\">Thank you for your valuable time and with warm regards,</span></span></p><p><span style=\"font-family:verdana,geneva,sans-serif;\"><span style=\"font-size:12px;\">Customer Support</span></span></p><p><span style=\"font-family:verdana,geneva,sans-serif;\"><span style=\"font-size:12px;\">Castle Audi Private Limited<br />44, Prakasam Street, T.Nagar, Chennai - 600 017, Tamil Nadu, India<br />Landline: +91 44 3090 2222 | Email: customersupport@castleaudi.com<br />www.facebook.com/castleaudi| www.youtube.com/castleaudi| Google Maps: \"Castle Audi\"</span></span></p><p><span style=\"font-family:verdana,geneva,sans-serif;\"><span style=\"font-size:10px;\">Disclaimer: This e-mail message contains strictly confidential material. Only those entities that have been provided explicit access for pre-determined and stated purpose can use this material for legal means. If you have received this message in error, please delete it immediately and notify the sender. If you are not the intended recipient, you are notified that you are strictly prohibited from using, copying, altering, or disclosing the contents of this message. If you have any questions, please contact Castle Audi Support through email: support@castleaudi.com</span></span></p>', '', '2016-05-09 07:14:41', 'PSP', 1, 6),
(30, 30, ' member status', ' member status', 'Membership Status', 'Dear', '<p><span style=\"font-family:verdana,geneva,sans-serif;\"><span style=\"font-size:12px;\">Greetings from Castle - Indias first and only one stop, online supermarket to buy and sell Construction Materials, Interior and Exterior Furnishing Materials and Energy Products and Services for all living, work and leisure space like home, apartment, office, storage warehouse, industrial work area, restaurant, shopping malls, showrooms, hotels, resorts, vacation homes, and other similar.</span></span></p><p><span style=\"font-family:verdana,geneva,sans-serif;\"><span style=\"font-size:12px;\">This is to remind you that as a valued member of the exclusiveCastle Club, you enjoy special benefits that others don\'t.</span></span></p><p><span style=\"font-family:verdana,geneva,sans-serif;\"><span style=\"font-size:12px;\">Due to recent purchase activity in your account, your Castle Club status has now changed, as below:</span></span></p>', '<p><span style=\"font-family:verdana,geneva,sans-serif;\"><span style=\"font-size:12px;\">If you need further information, please email us at customersupport@Castle.com. We can also be reached through our online chat service, Ask Castle.</span></span></p><p></p>', '<p><span style=\"font-family:verdana,geneva,sans-serif;\"><span style=\"font-size:12px;\">Thank you for your valuable time and with warm regards,</span></span></p><p><span style=\"font-family:verdana,geneva,sans-serif;\"><span style=\"font-size:12px;\">Customer Support</span></span></p><p><span style=\"font-family:verdana,geneva,sans-serif;\"><span style=\"font-size:12px;\">Chona Castle Services Private Limited<br />44, Prakasam Street, T.Nagar, Chennai - 600 017, Tamil Nadu, India<br />Landline: +91 44 3090 2222 | Email: customersupport@Castle.com<br />www.facebook.com/castle| www.youtube.com/castle| Google Maps: \"Castle\"</span></span></p><p><span style=\"font-family:verdana,geneva,sans-serif;\"><span style=\"font-size:10px;\">Disclaimer: This e-mail message contains strictly confidential material. Only those entities that have been provided explicit access for pre-determined and stated purpose can use this material for legal means. If you have received this message in error, please delete it immediately and notify the sender. If you are not the intended recipient, you are notified that you are strictly prohibited from using, copying, altering, or disclosing the contents of this message. If you have any questions, please contact Castle Support through email: support@castle.com</span></span></p>', '2016-05-09 07:18:51', 'Customer', 1, 6);

-- --------------------------------------------------------

--
-- Table structure for table `kr_events_images`
--

CREATE TABLE `kr_events_images` (
  `events_img_id` int(11) NOT NULL,
  `newseventid` int(11) NOT NULL,
  `img_path` varchar(255) NOT NULL,
  `isdefault` tinyint(1) NOT NULL,
  `ordering` int(11) NOT NULL,
  `IsActive` tinyint(1) NOT NULL,
  `createdDate` datetime NOT NULL,
  `modifiedDate` datetime NOT NULL
) ENGINE=InnoDB DEFAULT CHARSET=latin1;

--
-- Dumping data for table `kr_events_images`
--

INSERT INTO `kr_events_images` (`events_img_id`, `newseventid`, `img_path`, `isdefault`, `ordering`, `IsActive`, `createdDate`, `modifiedDate`) VALUES
(1, 1, '0_1547882667.jpg', 1, 1, 1, '2019-01-19 12:54:27', '2019-01-19 12:54:27'),
(2, 1, '1_1547882667.jpg', 0, 2, 1, '2019-01-19 12:54:27', '2019-01-19 12:54:27'),
(3, 2, '0_1547883266.jpg', 1, 1, 1, '2019-01-19 13:04:26', '2019-01-19 13:04:26'),
(4, 2, '1_1547883266.jpg', 1, 1, 1, '2019-01-19 13:04:26', '2019-01-19 13:04:26'),
(5, 2, '2_1547883267.jpg', 1, 1, 1, '2019-01-19 13:04:26', '2019-01-19 13:04:26'),
(17, 5, '0_1554979954.png', 1, 1, 1, '2019-04-11 16:22:34', '2019-04-11 16:22:34'),
(20, 6, '0_1557222022.png', 1, 1, 1, '2019-05-07 15:10:22', '2019-05-07 15:10:22'),
(21, 7, '0_1557222044.png', 1, 1, 1, '2019-05-07 15:10:44', '2019-05-07 15:10:44'),
(25, 8, '0_1557912564.jpg', 1, 1, 1, '2019-05-15 14:59:24', '2019-05-15 14:59:24'),
(26, 8, '1_1557912565.jpg', 0, 2, 1, '2019-05-15 14:59:24', '2019-05-15 14:59:24'),
(27, 9, '0_1557912690.jpg', 1, 1, 1, '2019-05-15 15:01:30', '2019-05-15 15:01:30'),
(28, 9, '1_1557912690.jpg', 0, 2, 1, '2019-05-15 15:01:30', '2019-05-15 15:01:30'),
(29, 10, '0_1557912940.jpg', 1, 1, 1, '2019-05-15 15:05:40', '2019-05-15 15:05:40'),
(30, 11, '0_1557913469.jpg', 1, 1, 1, '2019-05-15 15:14:29', '2019-05-15 15:14:29'),
(31, 4, '0_1557913624.jpg', 1, 1, 1, '2019-05-15 15:17:04', '2019-05-15 15:17:04'),
(32, 4, '1_1557913624.jpg', 0, 2, 1, '2019-05-15 15:17:04', '2019-05-15 15:17:04'),
(34, 13, '0_1557915729.png', 1, 1, 1, '2019-05-15 15:52:09', '2019-05-15 15:52:09'),
(35, 13, '1_1557915729.jpg', 0, 2, 1, '2019-05-15 15:52:09', '2019-05-15 15:52:09'),
(36, 12, '0_1557915980.jpg', 1, 1, 1, '2019-05-15 15:56:20', '2019-05-15 15:56:20'),
(37, 12, '1_1557915980.jpg', 0, 2, 1, '2019-05-15 15:56:20', '2019-05-15 15:56:20'),
(38, 14, '0_1557916097.jpg', 1, 1, 1, '2019-05-15 15:58:17', '2019-05-15 15:58:17'),
(39, 14, '1_1557916097.jpg', 0, 2, 1, '2019-05-15 15:58:17', '2019-05-15 15:58:17'),
(40, 15, '0_1557916555.jpg', 1, 1, 1, '2019-05-15 16:05:55', '2019-05-15 16:05:55'),
(41, 15, '1_1557916555.jpg', 0, 2, 1, '2019-05-15 16:05:55', '2019-05-15 16:05:55'),
(45, 16, '0_1557916890.jpg', 1, 1, 1, '2019-05-15 16:11:30', '2019-05-15 16:11:30'),
(46, 16, '1_1557916890.jpg', 0, 2, 1, '2019-05-15 16:11:30', '2019-05-15 16:11:30'),
(47, 17, '0_1557917094.jpg', 1, 1, 1, '2019-05-15 16:14:54', '2019-05-15 16:14:54'),
(48, 17, '1_1557917095.jpg', 0, 2, 1, '2019-05-15 16:14:54', '2019-05-15 16:14:54'),
(49, 18, '0_1557917196.jpg', 1, 1, 1, '2019-05-15 16:16:36', '2019-05-15 16:16:36'),
(50, 18, '1_1557917196.jpg', 0, 2, 1, '2019-05-15 16:16:36', '2019-05-15 16:16:36'),
(52, 16, '0_1558166358.jpg', 1, 1, 1, '2019-05-18 13:29:18', '2019-05-18 13:29:18');

-- --------------------------------------------------------

--
-- Table structure for table `kr_fb_attributes`
--

CREATE TABLE `kr_fb_attributes` (
  `AttributeId` int(11) NOT NULL,
  `FormId` int(11) NOT NULL,
  `AttributeCode` varchar(500) NOT NULL,
  `AttributeName` varchar(500) NOT NULL,
  `AttributeType` int(11) NOT NULL COMMENT 'foreignkey ecom_m_elements table - elementid',
  `accept_filetype` varchar(255) NOT NULL,
  `numberoffile` varchar(255) NOT NULL,
  `isdisplayimg` tinyint(1) NOT NULL,
  `IsMandatory` int(11) NOT NULL,
  `MandatoryAttr` varchar(500) NOT NULL,
  `masterid` int(11) NOT NULL,
  `masterdependentid` int(11) NOT NULL,
  `SortBy` int(11) NOT NULL,
  `UserId` int(11) NOT NULL,
  `IsActive` int(11) NOT NULL,
  `CreateDate` datetime NOT NULL,
  `ModifiedDate` timestamp NOT NULL DEFAULT CURRENT_TIMESTAMP ON UPDATE CURRENT_TIMESTAMP
) ENGINE=InnoDB DEFAULT CHARSET=latin1;

--
-- Dumping data for table `kr_fb_attributes`
--

INSERT INTO `kr_fb_attributes` (`AttributeId`, `FormId`, `AttributeCode`, `AttributeName`, `AttributeType`, `accept_filetype`, `numberoffile`, `isdisplayimg`, `IsMandatory`, `MandatoryAttr`, `masterid`, `masterdependentid`, `SortBy`, `UserId`, `IsActive`, `CreateDate`, `ModifiedDate`) VALUES
(1, 2, 'gender', 'radio button', 6, '', '', 0, 1, '', 0, 0, 1, 16, 2, '2018-12-12 00:00:00', '2018-12-13 13:43:31'),
(2, 1, 'Name', 'text', 1, '', '', 0, 1, 'jsrequired', 0, 0, 1, 16, 1, '2018-12-12 00:00:00', '2018-12-12 14:16:41'),
(3, 1, 'Gendar', 'radio button', 6, '', '', 0, 1, '', 0, 0, 2, 16, 1, '2018-12-12 00:00:00', '2018-12-12 14:26:57'),
(4, 1, 'Address', 'textarea', 2, '', '', 0, 1, '', 0, 0, 3, 16, 1, '2018-12-12 00:00:00', '2018-12-12 14:29:15'),
(5, 1, 'Email', 'text', 1, '', '', 0, 0, '', 0, 0, 4, 16, 1, '2018-12-13 00:00:00', '2018-12-13 11:46:33'),
(6, 2, 'phoneno', 'text', 1, '', '', 0, 0, '', 0, 0, 1, 16, 2, '2018-12-13 00:00:00', '2018-12-13 13:58:02'),
(7, 2, 'isdisplay', 'checkbox', 4, '', '', 0, 0, '', 0, 0, 2, 22, 1, '2018-12-13 00:00:00', '2018-12-19 10:12:39'),
(8, 2, 'phoneno', 'text', 1, '', '', 0, 0, '', 0, 0, 1, 16, 1, '2018-12-13 00:00:00', '2018-12-13 13:58:47'),
(9, 2, 'testformfiletype', 'testformfiletype', 8, 'png,jpeg', '3', 1, 0, '', 0, 0, 1, 22, 1, '2018-12-14 00:00:00', '2018-12-19 10:12:51'),
(10, 2, 'testfile222', 'fileeee', 8, '.png,.jpeg', '4', 1, 0, '', 0, 0, 6, 22, 1, '2018-12-14 00:00:00', '2018-12-19 10:12:47'),
(11, 1, 'Fileupload', 'fileupload', 8, 'png,jpg', '4', 1, 0, '', 0, 0, 3, 16, 1, '2018-12-17 00:00:00', '2018-12-17 13:23:10'),
(12, 1, 'company names', 'company name', 1, '', '', 0, 0, '', 0, 0, 5, 16, 1, '2018-12-17 00:00:00', '2019-02-02 13:20:56'),
(13, 1, 'filetype', 'filetype', 8, 'png', '3', 1, 0, '', 0, 0, 8, 16, 1, '2018-12-17 00:00:00', '2018-12-17 13:35:04'),
(14, 1, 'testtext', 'testtext', 1, '', '', 0, 0, '', 0, 0, 7, 16, 1, '2018-12-17 00:00:00', '2018-12-17 13:37:59'),
(15, 3, 'Company Name', 'company_name', 1, '', '', 0, 1, 'required', 0, 0, 1, 16, 1, '2019-02-02 00:00:00', '2019-02-02 15:46:42'),
(16, 3, 'Proprietor name', 'proprietor_name', 1, '', '', 0, 1, 'required', 0, 0, 2, 16, 1, '2019-02-02 00:00:00', '2019-02-02 15:47:00'),
(17, 3, 'Contact Phone', 'contact_phone', 1, '', '', 0, 1, 'required', 1, 0, 3, 16, 1, '2019-02-02 00:00:00', '2019-04-09 11:27:30'),
(18, 3, 'Email Id', 'email_id', 1, '', '', 0, 1, 'required', 0, 0, 4, 16, 1, '2019-02-02 00:00:00', '2019-02-02 15:48:37'),
(19, 3, 'Company Address', 'company_address', 2, '', '', 0, 1, 'required', 1, 0, 5, 16, 1, '2019-02-02 00:00:00', '2019-04-09 11:27:15'),
(20, 3, 'Product catalogue attachment', 'product_catalogue_attachment', 8, 'png', '1', 1, 1, 'required', 1, 0, 6, 16, 1, '2019-02-02 00:00:00', '2019-04-09 11:28:21'),
(21, 3, 'No of year in trade', 'no_of_year_in_trade', 1, '', '', 0, 1, 'required', 1, 0, 7, 16, 1, '2019-02-02 00:00:00', '2019-04-09 11:28:15'),
(22, 3, 'No of employees', 'no_of_employees', 1, '', '', 0, 1, 'required', 1, 0, 8, 16, 1, '2019-02-02 00:00:00', '2019-04-09 11:27:44'),
(23, 3, 'No of unit manufacture per day', 'no_of_unit_manufacture_per_day', 1, '', '', 0, 1, 'required', 1, 0, 9, 16, 1, '2019-02-02 00:00:00', '2019-04-09 11:28:01'),
(24, 3, 'Annual turn over', 'annual_turn_over', 1, '', '', 0, 1, 'required', 1, 0, 10, 16, 1, '2019-02-02 00:00:00', '2019-04-09 11:27:08'),
(25, 3, 'No of product house/warehouse', 'no_of_product_housewarehouse', 1, '', '', 0, 1, 'required', 1, 0, 11, 16, 1, '2019-02-02 00:00:00', '2019-04-09 11:27:53'),
(26, 4, 'Company', 'company', 1, '', '', 0, 1, 'required', 0, 0, 1, 16, 1, '2019-02-05 00:00:00', '2019-02-05 05:55:42'),
(27, 4, 'Contact Person', 'contact_person', 1, '', '', 0, 1, 'required', 0, 0, 2, 16, 1, '2019-02-05 00:00:00', '2019-02-05 07:55:36'),
(28, 4, 'Contact Mobile', 'contact_mobile', 1, '', '', 0, 1, 'required', 1, 0, 3, 16, 1, '2019-02-05 00:00:00', '2019-04-09 11:26:29'),
(29, 4, 'Emailid', 'emailid', 1, '', '', 0, 1, 'required', 0, 0, 4, 16, 1, '2019-02-05 00:00:00', '2019-02-05 05:59:18'),
(30, 4, 'GST Images', 'gst_images', 8, 'png', '1', 1, 1, 'required', 1, 0, 8, 16, 1, '2019-02-05 00:00:00', '2019-04-09 11:25:33'),
(31, 4, 'Product Catalogue', 'product_catalogue', 8, 'png', '1', 1, 1, 'required', 1, 0, 9, 16, 1, '2019-02-05 00:00:00', '2019-04-09 11:25:44'),
(32, 4, 'Country', 'country', 9, '', '', 0, 1, 'required', 1, 2, 5, 16, 1, '2019-02-05 00:00:00', '2019-02-06 16:02:15'),
(33, 4, 'State', 'state', 9, '', '', 0, 1, 'required', 2, 0, 6, 16, 1, '2019-02-05 00:00:00', '2019-02-06 16:02:10'),
(34, 4, 'City', 'city', 1, '', '', 0, 1, 'required', 0, 0, 7, 16, 1, '2019-02-05 00:00:00', '2019-02-05 11:27:41'),
(35, 5, 'rtrt', 'rtrtrtr', 1, '', '', 0, 0, '', 1, 0, 12, 16, 1, '2019-03-15 00:00:00', '2019-03-15 12:38:52'),
(36, 4, 'Selling on other top 10 buyer', 'selling_on_other_top_10_buyer', 2, '', '', 0, 1, 'required', 1, 0, 10, 16, 1, '2019-04-09 00:00:00', '2019-05-08 09:50:40'),
(37, 3, 'Selling on other top 10 buyers', 'selling_on_other_top_10_buyers', 2, '', '', 0, 1, 'required', 1, 0, 12, 16, 1, '2019-04-09 00:00:00', '2019-05-08 09:49:56');

-- --------------------------------------------------------

--
-- Table structure for table `kr_fb_brand_dealer`
--

CREATE TABLE `kr_fb_brand_dealer` (
  `id` int(11) NOT NULL,
  `selling_on_other_top_10_buyer` varchar(255) NOT NULL,
  `city` varchar(255) NOT NULL,
  `state` varchar(255) NOT NULL,
  `country` varchar(255) NOT NULL,
  `product_catalogue` varchar(255) NOT NULL,
  `gst_images` varchar(255) NOT NULL,
  `emailid` varchar(255) NOT NULL,
  `contact_mobile` varchar(255) NOT NULL,
  `contact_person` varchar(255) NOT NULL,
  `company` varchar(255) NOT NULL,
  `IsActive` int(11) NOT NULL,
  `UserId` int(11) NOT NULL,
  `Createddate` datetime NOT NULL,
  `Modifieddate` datetime NOT NULL
) ENGINE=InnoDB DEFAULT CHARSET=latin1;

--
-- Dumping data for table `kr_fb_brand_dealer`
--

INSERT INTO `kr_fb_brand_dealer` (`id`, `selling_on_other_top_10_buyer`, `city`, `state`, `country`, `product_catalogue`, `gst_images`, `emailid`, `contact_mobile`, `contact_person`, `company`, `IsActive`, `UserId`, `Createddate`, `Modifieddate`) VALUES
(5, 'selling buyer', 'chennai', '1', '1', '15573145996.png', '15573145996.png', 'ayanvsa007@gmail.com', '789564', 'Ayyanar', 'Test', 1, 0, '2019-05-08 16:53:19', '2019-05-08 16:53:19');

-- --------------------------------------------------------

--
-- Table structure for table `kr_fb_contact_form`
--

CREATE TABLE `kr_fb_contact_form` (
  `id` int(11) NOT NULL,
  `phoneno` varchar(255) NOT NULL,
  `isdisplay` int(11) NOT NULL,
  `IsActive` int(11) NOT NULL,
  `UserId` int(11) NOT NULL,
  `Createddate` datetime NOT NULL,
  `Modifieddate` datetime NOT NULL
) ENGINE=InnoDB DEFAULT CHARSET=latin1;

--
-- Dumping data for table `kr_fb_contact_form`
--

INSERT INTO `kr_fb_contact_form` (`id`, `phoneno`, `isdisplay`, `IsActive`, `UserId`, `Createddate`, `Modifieddate`) VALUES
(1, '7894561230', 3, 1, 16, '2018-12-13 00:00:00', '2018-12-13 00:00:00');

-- --------------------------------------------------------

--
-- Table structure for table `kr_fb_enquiry_forms`
--

CREATE TABLE `kr_fb_enquiry_forms` (
  `id` int(11) NOT NULL,
  `Email` varchar(255) NOT NULL,
  `Address` text NOT NULL,
  `Gendar` int(11) NOT NULL,
  `Name` varchar(255) NOT NULL,
  `IsActive` int(11) NOT NULL,
  `Createddate` datetime NOT NULL,
  `Modifieddate` datetime NOT NULL
) ENGINE=InnoDB DEFAULT CHARSET=latin1;

--
-- Dumping data for table `kr_fb_enquiry_forms`
--

INSERT INTO `kr_fb_enquiry_forms` (`id`, `Email`, `Address`, `Gendar`, `Name`, `IsActive`, `Createddate`, `Modifieddate`) VALUES
(1, 'ayan@gmail.com', 'sdfdsfds fdsfdsf \r\n\r\nf dsf dsf dsf dsf', 1, 'JOhn', 1, '2018-12-12 06:00:00', '2018-12-12 08:00:00');

-- --------------------------------------------------------

--
-- Table structure for table `kr_fb_individual_dealer`
--

CREATE TABLE `kr_fb_individual_dealer` (
  `id` int(11) NOT NULL,
  `selling_on_other_top_10_buyers` text NOT NULL,
  `no_of_product_housewarehouse` varchar(255) NOT NULL,
  `annual_turn_over` varchar(255) NOT NULL,
  `no_of_unit_manufacture_per_day` varchar(255) NOT NULL,
  `no_of_employees` varchar(255) NOT NULL,
  `no_of_year_in_trade` varchar(255) NOT NULL,
  `product_catalogue_attachment` varchar(255) NOT NULL,
  `company_address` text NOT NULL,
  `email_id` varchar(255) NOT NULL,
  `contact_phone` varchar(255) NOT NULL,
  `company_name` varchar(255) NOT NULL,
  `proprietor_name` varchar(255) NOT NULL,
  `IsActive` int(11) NOT NULL,
  `UserId` int(11) NOT NULL,
  `Createddate` datetime NOT NULL,
  `Modifieddate` datetime NOT NULL
) ENGINE=InnoDB DEFAULT CHARSET=latin1;

--
-- Dumping data for table `kr_fb_individual_dealer`
--

INSERT INTO `kr_fb_individual_dealer` (`id`, `selling_on_other_top_10_buyers`, `no_of_product_housewarehouse`, `annual_turn_over`, `no_of_unit_manufacture_per_day`, `no_of_employees`, `no_of_year_in_trade`, `product_catalogue_attachment`, `company_address`, `email_id`, `contact_phone`, `company_name`, `proprietor_name`, `IsActive`, `UserId`, `Createddate`, `Modifieddate`) VALUES
(1, '', '456', '67', '34', '56', '34', '15495324135.jpg', 'pixel studios, 18th main road, Anna nagar west.', 'ayyanar.pixel@gmail.com', '7299912577', 'Pixel', 'Ayyanar Ayan', 1, 0, '2019-02-07 03:10:13', '2019-02-07 03:10:13'),
(2, '', '', '', '', '', '', '', '', 'k', '7092767977', 'A', 'a', 1, 0, '2019-03-25 04:48:21', '2019-03-25 04:48:21'),
(3, '', '', '', '', '', '', '', '', 'ashwinraj.pixel@gm', '9444631387', 'Pixel studios Pvt LTD', 'Ashwin', 1, 0, '2019-04-05 03:45:26', '2019-04-05 03:45:26'),
(4, '', '2', '3000000', '1500 tons per day', '1500', '10', '15544607213.PNG', 'No:71/29, Chinna thambi street, Perumal pet, Chennai-12', 'ashwinraj.pixel@gmail.com', '9444631387', 'Pixel Studios Pvt Ltd', 'Ashwin', 1, 0, '2019-04-05 04:08:41', '2019-04-05 04:08:41'),
(5, 'dfdfdfd', '23', '23', '23', '34', '32', '15573143870.png', 'chennai', 'ayanvsa007@gmail.com', '78956423', 'Test', 'Ayyanar', 1, 0, '2019-05-08 16:49:47', '2019-05-08 16:49:47');

-- --------------------------------------------------------

--
-- Table structure for table `kr_feature_additional`
--

CREATE TABLE `kr_feature_additional` (
  `addid` int(11) NOT NULL,
  `featureid` int(11) NOT NULL,
  `aligntype` int(11) NOT NULL COMMENT '1- left, 2- right, 3- full width',
  `featuretype` int(11) NOT NULL COMMENT '1-image, 2- video',
  `featuretitle` text NOT NULL,
  `shortdescription` text NOT NULL,
  `featureimage` text NOT NULL,
  `videolink` text NOT NULL,
  `videoimage` text NOT NULL,
  `buttonurl` text NOT NULL,
  `sortingorder` int(11) NOT NULL,
  `userid` int(11) NOT NULL,
  `IsActive` int(11) NOT NULL,
  `CreatedDate` datetime NOT NULL,
  `ModifiedDate` datetime NOT NULL DEFAULT CURRENT_TIMESTAMP
) ENGINE=MyISAM DEFAULT CHARSET=latin1;

--
-- Dumping data for table `kr_feature_additional`
--

INSERT INTO `kr_feature_additional` (`addid`, `featureid`, `aligntype`, `featuretype`, `featuretitle`, `shortdescription`, `featureimage`, `videolink`, `videoimage`, `buttonurl`, `sortingorder`, `userid`, `IsActive`, `CreatedDate`, `ModifiedDate`) VALUES
(1, 1, 0, 1, 'Boom Lite', 'Experience the Music', '16194191312Banner_01_A.jpg', '', '16194191312Banner_01_A.jpg', '', 1, 1, 1, '2020-12-11 15:42:28', '2021-04-26 13:00:39'),
(2, 1, 3, 2, 'Additional1', 'short ', '16076815485458816041producthome-hand-santiser-cover-new.png', 'video1', '16076815485458816041producthome-hand-santiser-cover-new.png', 'redirect1', 2, 1, 2, '2020-12-11 15:42:28', '2020-12-11 15:42:28'),
(3, 1, 2, 1, 'Additional kk', 'Short desc', '16076873518ameliodb.png', 'video url', '16076873518ameliodb.png', 'redirect', 1, 1, 2, '2020-12-11 17:19:10', '2020-12-11 17:19:10'),
(4, 1, 3, 2, 'add', 'sh', '16076873515ameliodb.png', 'v', '16076873515ameliodb.png', 're', 1, 1, 2, '2020-12-11 17:19:10', '2020-12-11 17:19:10'),
(5, 1, 1, 1, 'kk', 'kk', '16076874053ameliodb.png', 'kk', '16076874053ameliodb.png', 'kk', 1, 1, 2, '2020-12-11 17:20:05', '2020-12-11 17:20:05'),
(6, 1, 2, 1, 'Additional kk', 'Short desc', '16076874445Can-I-add-sound-to-GIF.gif', 'video url', '16076874445Can-I-add-sound-to-GIF.gif', 'redirect', 1, 1, 2, '2020-12-11 17:20:44', '2020-12-11 17:20:44'),
(7, 1, 3, 2, 'add', 'sh', '16076874445Can-I-add-sound-to-GIF.gif', 'v', '16076874445Can-I-add-sound-to-GIF.gif', 're', 1, 1, 2, '2020-12-11 17:20:44', '2020-12-11 17:20:44'),
(8, 1, 1, 1, 'kk', 'kk', '16076874445Can-I-add-sound-to-GIF.gif', 'kk', '16076874445Can-I-add-sound-to-GIF.gif', 'kk', 1, 1, 2, '2020-12-11 17:20:44', '2020-12-11 19:21:28'),
(15, 1, 2, 1, 'Additional kk', 'Short desc', '16076937637component_(2).png', 'video url', '16076937637component_(2).png', 'redirect', 1, 1, 2, '2020-12-11 19:06:03', '2020-12-11 19:06:03'),
(16, 1, 1, 1, 'kk', 'kk', '16076937637component_(2).png', 'kk', '16076937637component_(2).png', 'kk', 1, 1, 2, '2020-12-11 19:06:03', '2020-12-11 19:06:03'),
(17, 1, 2, 1, 'Additional kk', 'Short desc', '16076943421777.jpg', 'video url', '16076943421777.jpg', 'redirect', 1, 1, 2, '2020-12-11 19:15:42', '2020-12-11 19:15:42'),
(18, 1, 1, 1, 'kk', 'kk', '16076943421777.jpg', 'kk', '16076943421777.jpg', 'kk', 1, 1, 2, '2020-12-11 19:15:42', '2020-12-11 19:15:42'),
(19, 1, 2, 1, 'Additional kk', 'Short desc', '16076945186ameliodb.png', 'video url', '16076945186ameliodb.png', 'redirect', 1, 1, 2, '2020-12-11 19:18:38', '2020-12-11 19:18:38'),
(20, 1, 1, 1, 'kk', 'kk', '16076945186ameliodb.png', 'kk', '16076945186ameliodb.png', 'kk', 1, 1, 2, '2020-12-11 19:18:38', '2020-12-11 19:18:38'),
(21, 1, 0, 1, 'Inbase Boom Lite', 'Experience the Music', '16194192359Banner_3.png', '', '16194192359Banner_3.png', 'http://inbasetech.in/', 2, 1, 1, '2020-12-21 17:58:11', '2021-04-26 13:00:39'),
(22, 1, 0, 1, 'Main Features', '<ul>\r\n						<li>Up To 30 Hours Of Battery Life<span>Fusce velit risus, bibendum quis arcu et, tempor congue risus. Proin dapibus auctor ipsum.</span></li>\r\n						<li>HD Noise Cancelling Processor<span>Fusce velit risus, bibendum quis arcu et, tempor congue risus. Proin dapibus auctor ipsum.</span></li>\r\n						<li>Control Everything you Like<span>Fusce velit risus, bibendum quis arcu et, tempor congue risus. Proin dapibus auctor ipsum.</span></li>\r\n					</ul>', '16194192765Banner_4_B.png', '', '16194192765Banner_4_B.png', '', 3, 1, 1, '2020-12-21 18:02:19', '2021-04-26 13:00:39'),
(23, 1, 0, 1, 'WORLDCLASS WIRELESS HEADPHONES', 'EXPERIENCE THE NEXT LEVEL OF SILENCE.', '16194193200Banner_4_A.png', '', '16194193200Banner_4_A.png', 'http://inbasetech.in/earphone.php', 4, 1, 1, '2020-12-21 18:02:19', '2021-04-26 13:00:39'),
(24, 1, 0, 1, 'Fusce molestie magna id pellentesque tempus', 'Aenean a pharetra tellus, nec consectetur sapien. Fusce vitae arcu nisl. Praesent eget velit id nulla aliquet consequat.', '16194194079Banner_4_C.png', '', '16194194079Banner_4_C.png', '', 5, 1, 1, '2020-12-21 18:02:19', '2021-04-26 13:00:39'),
(25, 1, 0, 1, 'Mauris luctus ut dui ut malesuada', 'Aenean a pharetra tellus, nec consectetur sapien. Fusce vitae arcu nisl. Praesent eget velit id nulla aliquet consequat.', '16194196936Banner_4_D.png', '', '16194196936Banner_4_D.png', '', 6, 1, 1, '2020-12-21 18:02:19', '2021-04-26 13:00:39'),
(26, 1, 0, 1, 'Mauris luctus ut dui ut malesuada', 'Aenean a pharetra tellus, nec consectetur sapien. Fusce vitae arcu nisl. Praesent eget velit id nulla aliquet consequat.', '16091588881grey2.jpg', '', '16091588881grey2.jpg', '', 7, 1, 2, '2020-12-21 18:02:19', '2021-01-29 13:31:25');

-- --------------------------------------------------------

--
-- Table structure for table `kr_feature_specification`
--

CREATE TABLE `kr_feature_specification` (
  `specificationid` int(11) NOT NULL,
  `featureid` int(11) NOT NULL,
  `specimage` text NOT NULL,
  `spectitle` varchar(255) NOT NULL,
  `specvalue` text NOT NULL,
  `sortingorder` int(11) NOT NULL,
  `userid` int(11) NOT NULL,
  `IsActive` int(11) NOT NULL,
  `CreatedDate` datetime NOT NULL,
  `ModifiedDate` datetime NOT NULL DEFAULT CURRENT_TIMESTAMP
) ENGINE=MyISAM DEFAULT CHARSET=latin1;

--
-- Dumping data for table `kr_feature_specification`
--

INSERT INTO `kr_feature_specification` (`specificationid`, `featureid`, `specimage`, `spectitle`, `specvalue`, `sortingorder`, `userid`, `IsActive`, `CreatedDate`, `ModifiedDate`) VALUES
(1, 1, '16076815485915435.jpg', 'DIMENSIONS & WEIGHT', '44mm X 12.8mm & 90g', 1, 1, 1, '2020-12-11 15:42:28', '2021-04-26 13:00:39'),
(2, 1, '1607681548316069902582rsz_acupuncture.jpg', 'specification1 kk', 'valu2', 2, 1, 2, '2020-12-11 15:42:28', '2020-12-21 17:53:27'),
(3, 1, '16076815484106093710_914144662331033_8841262984628998011_n.png', 'specification2kk', 'valu3', 3, 1, 2, '2020-12-11 15:42:28', '2020-12-21 17:53:27'),
(4, 1, '16076873518ameliodb.png', 'specification3', 'valu4', 4, 1, 2, '2020-12-11 17:19:10', '2020-12-11 17:20:44'),
(5, 1, '16076874445Can-I-add-sound-to-GIF.gif', 'specification4', 'sdf', 3, 1, 2, '2020-12-11 17:20:44', '2020-12-11 17:20:44'),
(6, 1, '16076878122component_(1).png', 'specification3', 'va', 4, 1, 2, '2020-12-11 17:26:52', '2020-12-11 17:26:52'),
(7, 1, '16076879111component_(1).png', 'specification3', 'va', 4, 1, 2, '2020-12-11 17:28:31', '2020-12-11 17:28:31'),
(8, 1, '16076879897component_(1).png', 'specification3', 'va', 4, 1, 2, '2020-12-11 17:29:49', '2020-12-11 17:29:49'),
(9, 1, '16076937637component_(2).png', 'specifi', 'sdf', 4, 1, 2, '2020-12-11 19:06:03', '2020-12-11 19:06:03'),
(10, 1, '16076943421777.jpg', 'specification3', 'valu4', 4, 1, 2, '2020-12-11 19:15:42', '2020-12-11 19:15:42'),
(11, 1, '16076945186ameliodb.png', 'specification2kk3', 'dfg', 4, 1, 2, '2020-12-11 19:18:38', '2020-12-11 19:18:38'),
(12, 1, '1607694590210233_C_1571979880.jpg', 'specfi3', 'va4', 4, 1, 2, '2020-12-11 19:19:50', '2020-12-11 19:19:50'),
(13, 1, '1607694688510-hand-sanitizer-can-swiftkleen-original-imafs66snzmz2rwf.jpeg', 'specification3', 'val4', 4, 1, 2, '2020-12-11 19:21:28', '2020-12-21 17:53:27'),
(14, 1, '', 'DISPLAY', '1.2-inch Round, capacitive (240 X 240) full colour', 2, 1, 1, '2020-12-22 12:57:31', '2021-04-26 13:00:39'),
(15, 1, '', 'Battery', '3 Day Smartwatch Battery Life; 30 Day Analogue Bat', 3, 1, 1, '2020-12-22 12:59:15', '2021-04-26 13:00:39'),
(16, 1, '', 'CONNECTIVITY', 'Bluetooth v4.2SENSORHeart Rate', 4, 1, 1, '2020-12-22 12:59:15', '2021-04-26 13:00:39'),
(17, 1, '', 'Sensor', 'Acceleration Sensor', 5, 1, 1, '2020-12-22 12:59:15', '2021-04-26 13:00:39'),
(18, 1, '', 'CHARGING', 'Magnetic Charging Dock', 6, 1, 1, '2020-12-22 12:59:15', '2021-04-26 13:00:39'),
(19, 1, '', 'DURABILITY', '5 ATM Water-Resistant', 7, 1, 1, '2020-12-22 12:59:15', '2021-04-26 13:00:39'),
(20, 1, '', 'COMPATIBILITY', 'Android 5.0+ & iOS 8.0+', 8, 1, 1, '2020-12-22 12:59:15', '2021-04-26 13:00:39'),
(21, 1, '', 'IN THE BOX', 'NoiseFit Fusion Smartwatch, Additional Silicone Strap,', 9, 1, 1, '2020-12-22 12:59:15', '2021-04-26 13:00:39'),
(22, 1, '16147584332Inbase_Boom_Lite_-_Green_Color.jpg', 'TWS Technology', 'Boom Lite speaker gives you the possibility to connect two speakers thanks to its True Wireless Connection (TWS) feature providing you a stereo sound experience.', 2, 17, 1, '2021-03-03 13:30:33', '2021-04-26 13:00:39'),
(23, 2, '16155356670features-banner.png', 'BoomPro', 'BoomPro', 2, 17, 1, '2021-03-03 18:56:31', '2021-03-12 13:56:56');

-- --------------------------------------------------------

--
-- Table structure for table `kr_formbuilder`
--

CREATE TABLE `kr_formbuilder` (
  `FormId` int(11) NOT NULL,
  `FormName` varchar(250) NOT NULL,
  `fromtablename` varchar(255) NOT NULL,
  `FormDesc` text NOT NULL,
  `IsCustomer` int(11) DEFAULT NULL,
  `IsEmail` int(11) DEFAULT NULL,
  `ToEmail` varchar(150) NOT NULL,
  `ccEmail` text NOT NULL,
  `BcEmail` text NOT NULL,
  `EmailTemplate` text NOT NULL,
  `UserId` int(11) DEFAULT NULL,
  `IsActive` int(11) DEFAULT NULL,
  `CreatedDate` datetime NOT NULL,
  `ModifiedDate` datetime NOT NULL
) ENGINE=InnoDB DEFAULT CHARSET=latin1;

--
-- Dumping data for table `kr_formbuilder`
--

INSERT INTO `kr_formbuilder` (`FormId`, `FormName`, `fromtablename`, `FormDesc`, `IsCustomer`, `IsEmail`, `ToEmail`, `ccEmail`, `BcEmail`, `EmailTemplate`, `UserId`, `IsActive`, `CreatedDate`, `ModifiedDate`) VALUES
(1, 'Enquiry Forms', 'enquiry_forms', 'Enquiry Forms', 0, 0, '', '', '', '', 16, 1, '2018-12-12 19:41:36', '2018-12-13 20:44:26'),
(2, 'Contact form ', 'contact_form', 'Contact form ', 0, 0, '', '', '', '', 16, 1, '2018-12-13 19:08:34', '2018-12-13 19:08:34'),
(3, 'Individual Dealer', 'individual_dealer', 'Individual Dealer', 0, 0, '', '', '', '', 16, 1, '2019-02-02 18:07:48', '2019-02-02 18:07:48'),
(4, 'Brand Dealer', 'brand_dealer', 'Brand Dealer', 0, 0, '', '', '', '', 16, 1, '2019-02-02 18:08:02', '2019-02-02 18:08:02'),
(5, 'formtitle', 'formtitle', 'dfgfgfg', 0, 1, '', '', '', '', 16, 2, '2019-03-15 12:38:30', '2019-03-15 12:40:00');

-- --------------------------------------------------------

--
-- Table structure for table `kr_formbuilderdgsn_attrvalues`
--

CREATE TABLE `kr_formbuilderdgsn_attrvalues` (
  `AttributeOptionId` int(11) NOT NULL,
  `AttributeId` int(11) NOT NULL,
  `AttributeValue` text NOT NULL,
  `SortBy` int(11) NOT NULL,
  `UserId` int(11) NOT NULL,
  `IsActive` int(11) NOT NULL,
  `CreateDate` datetime NOT NULL,
  `ModifiedDate` datetime NOT NULL
) ENGINE=InnoDB DEFAULT CHARSET=latin1;

--
-- Dumping data for table `kr_formbuilderdgsn_attrvalues`
--

INSERT INTO `kr_formbuilderdgsn_attrvalues` (`AttributeOptionId`, `AttributeId`, `AttributeValue`, `SortBy`, `UserId`, `IsActive`, `CreateDate`, `ModifiedDate`) VALUES
(1, 3, 'male', 1, 16, 1, '2018-12-12 00:00:00', '0000-00-00 00:00:00'),
(2, 3, 'female', 2, 16, 1, '2018-12-12 00:00:00', '0000-00-00 00:00:00'),
(3, 7, 'Approved', 1, 22, 1, '2018-12-13 00:00:00', '0000-00-00 00:00:00'),
(4, 7, 'Pending', 2, 22, 1, '2018-12-13 00:00:00', '0000-00-00 00:00:00'),
(5, 7, 'status', 0, 22, 1, '2018-12-13 00:00:00', '0000-00-00 00:00:00'),
(6, 7, 'homedisplat', 0, 22, 1, '2018-12-13 00:00:00', '0000-00-00 00:00:00');

-- --------------------------------------------------------

--
-- Table structure for table `kr_forntmenu`
--

CREATE TABLE `kr_forntmenu` (
  `frontmenuid` int(11) NOT NULL,
  `f_menuname` varchar(500) NOT NULL,
  `f_menutype` int(11) DEFAULT NULL COMMENT '1- CMSpage 2-CMSblog 3-Category 4-linl',
  `f_link_id` varchar(10) NOT NULL,
  `f_link_name` text NOT NULL,
  `sortingorder` int(11) DEFAULT NULL,
  `IsActive` int(11) DEFAULT NULL,
  `UserId` int(11) DEFAULT NULL,
  `createddate` datetime NOT NULL,
  `modifieddate` timestamp NOT NULL DEFAULT CURRENT_TIMESTAMP ON UPDATE CURRENT_TIMESTAMP
) ENGINE=InnoDB DEFAULT CHARSET=latin1;

--
-- Dumping data for table `kr_forntmenu`
--

INSERT INTO `kr_forntmenu` (`frontmenuid`, `f_menuname`, `f_menutype`, `f_link_id`, `f_link_name`, `sortingorder`, `IsActive`, `UserId`, `createddate`, `modifieddate`) VALUES
(1, 'Lifestyle', 3, '19', '', 7, 1, 1, '2018-12-19 17:00:46', '2021-02-04 13:01:19'),
(2, 'Audio', 3, '7', '', 3, 1, 1, '2018-12-19 17:00:46', '2021-02-04 13:01:19'),
(3, 'Power', 3, '9', '', 4, 1, 1, '2018-12-19 17:00:46', '2021-02-04 13:01:19'),
(4, 'Occasions', 3, '5', '', 4, 2, 1, '2018-12-19 17:00:46', '2019-05-03 20:36:44'),
(5, 'Brands', 4, '', 'Inbase', 5, 2, 1, '2018-12-19 17:00:46', '2020-12-18 13:36:31'),
(6, 'Showrooms', 4, '', 'showrooms', 5, 2, 16, '2018-12-19 17:00:46', '2020-12-12 07:35:59'),
(7, 'Dealers', 4, '', 'dealers', 7, 2, 1, '2018-12-19 17:00:46', '2019-04-08 23:28:54'),
(8, 'Contact Us', 4, '', 'contactus', 8, 2, 1, '2018-12-19 17:00:46', '2019-03-28 17:50:14'),
(9, 'Brands', 3, '104', '', 4, 2, 1, '2019-01-18 16:50:47', '2019-05-10 22:15:00'),
(10, 'Holders', 3, '1', '', 5, 1, 1, '2020-12-17 14:24:50', '2021-02-04 13:01:19'),
(11, 'Smart Wearable', 3, '5', '', 1, 1, 1, '2020-12-17 14:24:50', '2021-02-04 13:01:19'),
(12, 'Cables and Connectors', 3, '14', '', 2, 1, 1, '2020-12-17 14:27:39', '2021-02-04 13:01:19'),
(13, 'Charging Connectors', 3, '206', '', 7, 2, 1, '2020-12-17 14:27:39', '2020-12-18 07:50:15'),
(14, 'Today\'s Deal', 4, '', 'deals-of-day', 8, 1, 1, '2020-12-18 13:20:02', '2021-02-04 13:01:19'),
(15, 'Today\'s Deal', 4, '', 'deals-of-day', 8, 2, 1, '2020-12-18 13:20:15', '2020-12-18 07:50:26');

-- --------------------------------------------------------

--
-- Table structure for table `kr_giftvoucher`
--

CREATE TABLE `kr_giftvoucher` (
  `giftvoucherid` int(11) NOT NULL,
  `recipientsname` varchar(255) NOT NULL,
  `recipientsemail` varchar(255) NOT NULL,
  `yourname` varchar(255) NOT NULL,
  `youremail` varchar(255) NOT NULL,
  `giftcertificatetheme` varchar(255) NOT NULL,
  `amount` int(11) NOT NULL,
  `message` text NOT NULL,
  `nonrefundable` tinyint(1) NOT NULL,
  `IsActive` int(11) NOT NULL,
  `createdate` datetime NOT NULL,
  `modifidate` datetime NOT NULL
) ENGINE=InnoDB DEFAULT CHARSET=latin1;

--
-- Dumping data for table `kr_giftvoucher`
--

INSERT INTO `kr_giftvoucher` (`giftvoucherid`, `recipientsname`, `recipientsemail`, `yourname`, `youremail`, `giftcertificatetheme`, `amount`, `message`, `nonrefundable`, `IsActive`, `createdate`, `modifidate`) VALUES
(1, 'vdsghfbv', 'asdfhj@djdt.cvb', 'rhedtnjk', 'sdsnhjkfdnjk@dnfjkdgfn.cvb', 'General', 345, 'ererhenjkrne	', 1, 1, '0000-00-00 00:00:00', '0000-00-00 00:00:00'),
(2, 'rtuyutut', 'rtrrtrtr@edtrt.cvb', 'edtretretr', 'eretertryt@fgfhg.cvb', 'Christmas', 456, 'erertyhyghg', 1, 1, '2019-01-08 02:46:53', '2019-01-08 02:46:53'),
(3, 'Arun Raja', 'arunW@gmail.com', 'Ayyanar Ayan', 'ayyanar.pixel@gmail.com', 'birthday', 500, '							erttrtryytutuyiukjiuyiu', 1, 1, '2019-02-11 12:42:15', '2019-02-11 12:42:15'),
(4, 'johnpau', 'jj@jj.in', 'sfgdf', 'sdfgdfsg@sdf.in', 'birthday', 1000, 'ffdsfdsf		', 1, 1, '2019-04-08 09:21:07', '2019-04-08 09:21:07'),
(5, 'Ashwin', 'ashwinraj.pixel@gmail.com', 'Ashwin raj', 'ashwinraj.pixel@gmail.com', 'birthday', 100000, 'Test Message', 1, 1, '2019-05-03 17:25:57', '2019-05-03 17:25:57');

-- --------------------------------------------------------

--
-- Table structure for table `kr_homepagecatslider`
--

CREATE TABLE `kr_homepagecatslider` (
  `hpsid` int(11) NOT NULL,
  `title` varchar(255) NOT NULL,
  `categoryid` int(11) NOT NULL,
  `startdate` date DEFAULT NULL,
  `enddate` date DEFAULT NULL,
  `type` tinyint(1) NOT NULL,
  `sortby` int(11) NOT NULL,
  `IsActive` tinyint(1) NOT NULL,
  `UserId` int(11) NOT NULL,
  `createdDate` datetime NOT NULL,
  `modifiedDate` datetime NOT NULL
) ENGINE=InnoDB DEFAULT CHARSET=latin1;

--
-- Dumping data for table `kr_homepagecatslider`
--

INSERT INTO `kr_homepagecatslider` (`hpsid`, `title`, `categoryid`, `startdate`, `enddate`, `type`, `sortby`, `IsActive`, `UserId`, `createdDate`, `modifiedDate`) VALUES
(1, 'best', 0, NULL, NULL, 0, 1, 1, 1, '2020-12-16 16:24:58', '2021-01-12 16:32:02'),
(2, 'sdf', 2, NULL, NULL, 1, 0, 0, 1, '2020-12-16 16:43:20', '2020-12-29 17:17:41');

-- --------------------------------------------------------

--
-- Table structure for table `kr_homepagecatslider_category`
--

CREATE TABLE `kr_homepagecatslider_category` (
  `hpd_proid` int(11) NOT NULL,
  `hpsid` int(11) NOT NULL,
  `categoryID` int(11) NOT NULL,
  `sortby` int(11) NOT NULL,
  `IsActive` tinyint(1) NOT NULL,
  `UserId` int(11) NOT NULL,
  `createdDate` datetime NOT NULL,
  `modifiedDate` datetime NOT NULL
) ENGINE=InnoDB DEFAULT CHARSET=latin1;

--
-- Dumping data for table `kr_homepagecatslider_category`
--

INSERT INTO `kr_homepagecatslider_category` (`hpd_proid`, `hpsid`, `categoryID`, `sortby`, `IsActive`, `UserId`, `createdDate`, `modifiedDate`) VALUES
(1, 1, 5, 0, 1, 1, '2020-12-16 16:24:58', '2020-12-29 18:02:25'),
(2, 1, 4, 0, 1, 1, '2020-12-16 16:34:35', '2020-12-18 11:49:57'),
(3, 2, 2, 0, 1, 1, '2020-12-16 16:43:20', '2020-12-16 16:43:20'),
(4, 1, 3, 0, 1, 1, '2020-12-18 11:49:57', '2020-12-18 11:50:36'),
(5, 1, 2, 0, 1, 1, '2020-12-18 11:50:36', '2020-12-18 11:50:36'),
(6, 1, 8, 0, 1, 1, '2020-12-29 17:18:53', '2020-12-29 17:18:53');

-- --------------------------------------------------------

--
-- Table structure for table `kr_homepagecatslider_product`
--

CREATE TABLE `kr_homepagecatslider_product` (
  `hpd_proid` int(11) NOT NULL,
  `hpsid` int(11) NOT NULL,
  `productid` int(11) NOT NULL,
  `sortby` int(11) NOT NULL,
  `IsActive` tinyint(1) NOT NULL,
  `UserId` int(11) NOT NULL,
  `createdDate` datetime NOT NULL,
  `modifiedDate` datetime NOT NULL
) ENGINE=InnoDB DEFAULT CHARSET=latin1;

--
-- Dumping data for table `kr_homepagecatslider_product`
--

INSERT INTO `kr_homepagecatslider_product` (`hpd_proid`, `hpsid`, `productid`, `sortby`, `IsActive`, `UserId`, `createdDate`, `modifiedDate`) VALUES
(1, 1, 3819, 6, 2, 1, '2020-12-16 16:24:58', '2020-12-29 18:02:25'),
(2, 1, 3820, 5, 2, 1, '2020-12-16 16:24:58', '2021-01-12 16:32:02'),
(3, 1, 3818, 3, 2, 1, '2020-12-16 16:34:18', '2020-12-18 11:50:36'),
(4, 1, 2318, 2, 2, 1, '2020-12-16 16:34:35', '2020-12-18 11:50:36'),
(5, 1, 3819, 6, 2, 1, '2020-12-16 16:39:46', '2020-12-29 18:02:25'),
(6, 1, 3820, 5, 1, 1, '2020-12-16 16:39:46', '2021-01-12 16:32:02'),
(7, 2, 2318, 0, 1, 1, '2020-12-16 16:43:20', '2020-12-16 16:43:20'),
(8, 1, 2317, 1, 2, 1, '2020-12-18 11:48:56', '2020-12-29 00:00:00'),
(9, 1, 2318, 2, 2, 1, '2020-12-18 11:48:56', '2020-12-29 00:00:00'),
(10, 1, 3818, 3, 2, 1, '2020-12-18 11:48:56', '2020-12-29 00:00:00'),
(11, 1, 3819, 6, 2, 1, '2020-12-18 11:49:57', '2021-01-12 00:00:00'),
(12, 1, 4254, 4, 1, 1, '2020-12-29 17:18:53', '2021-01-12 16:32:02'),
(13, 1, 4340, 1, 1, 1, '2020-12-29 17:18:53', '2021-01-12 16:32:02'),
(14, 1, 4341, 2, 1, 1, '2020-12-29 17:18:53', '2021-01-12 16:32:02'),
(15, 1, 4342, 3, 1, 1, '2020-12-29 17:18:53', '2021-01-12 16:32:02'),
(16, 1, 4356, 0, 1, 1, '2020-12-29 17:55:01', '2021-01-12 16:32:02'),
(17, 1, 4267, 0, 1, 1, '2020-12-29 18:01:00', '2021-01-12 16:32:02'),
(18, 1, 4270, 0, 1, 1, '2020-12-29 18:02:25', '2021-01-12 16:32:02'),
(19, 1, 4271, 0, 1, 1, '2020-12-29 18:02:25', '2021-01-12 16:32:02');

-- --------------------------------------------------------

--
-- Table structure for table `kr_homepageslider`
--

CREATE TABLE `kr_homepageslider` (
  `hpsid` int(11) NOT NULL,
  `title` varchar(255) NOT NULL,
  `subtitle` varchar(255) NOT NULL,
  `categoryid` int(11) NOT NULL,
  `startdate` date DEFAULT NULL,
  `enddate` date DEFAULT NULL,
  `type` tinyint(1) NOT NULL,
  `sortby` int(11) NOT NULL,
  `IsActive` tinyint(1) NOT NULL,
  `UserId` int(11) NOT NULL,
  `createdDate` datetime NOT NULL,
  `modifiedDate` datetime NOT NULL
) ENGINE=InnoDB DEFAULT CHARSET=latin1;

--
-- Dumping data for table `kr_homepageslider`
--

INSERT INTO `kr_homepageslider` (`hpsid`, `title`, `subtitle`, `categoryid`, `startdate`, `enddate`, `type`, `sortby`, `IsActive`, `UserId`, `createdDate`, `modifiedDate`) VALUES
(1, 'Best Seller', '', 6, NULL, NULL, 0, 1, 2, 1, '2019-06-07 18:17:21', '2020-12-16 16:12:44'),
(2, 'Awards', '', 7, NULL, NULL, 0, 2, 2, 26, '2019-06-07 18:20:23', '2020-08-19 15:51:56'),
(3, 'Corporate Gifts', '', 4, NULL, NULL, 0, 1, 2, 17, '2019-06-07 18:23:11', '2020-12-17 12:03:37'),
(4, 'Divine & Indian Handicraft Gift ', '', 3, NULL, NULL, 1, 1, 2, 17, '2019-06-07 18:26:31', '2020-12-17 12:00:22'),
(5, 'Best Sellers', 'Browse the Collection of our best selling and trending products.', 0, NULL, NULL, 0, 1, 1, 1, '2019-06-07 18:29:53', '2020-12-29 17:15:43'),
(6, 'kk', '', 2, NULL, NULL, 1, 3, 2, 15, '2020-08-19 15:39:02', '2020-12-17 12:00:27'),
(7, 'Bestt', '', 0, NULL, NULL, 0, 1, 2, 1, '2020-12-16 16:18:39', '2020-12-17 12:00:24'),
(8, 'Featured Product', 'Browse the Collection of our best selling and trending products.', 0, NULL, NULL, 0, 2, 1, 1, '2020-12-17 13:13:34', '2021-01-12 16:31:22');

-- --------------------------------------------------------

--
-- Table structure for table `kr_homepageslider_category`
--

CREATE TABLE `kr_homepageslider_category` (
  `hpd_proid` int(11) NOT NULL,
  `hpsid` int(11) NOT NULL,
  `categoryID` int(11) NOT NULL,
  `sortby` int(11) NOT NULL,
  `IsActive` tinyint(1) NOT NULL,
  `UserId` int(11) NOT NULL,
  `createdDate` datetime NOT NULL,
  `modifiedDate` datetime NOT NULL
) ENGINE=InnoDB DEFAULT CHARSET=latin1;

-- --------------------------------------------------------

--
-- Table structure for table `kr_homepageslider_product`
--

CREATE TABLE `kr_homepageslider_product` (
  `hpd_proid` int(11) NOT NULL,
  `hpsid` int(11) NOT NULL,
  `productid` int(11) NOT NULL,
  `sortby` int(11) NOT NULL,
  `IsActive` tinyint(1) NOT NULL,
  `UserId` int(11) NOT NULL,
  `createdDate` datetime NOT NULL,
  `modifiedDate` datetime NOT NULL
) ENGINE=InnoDB DEFAULT CHARSET=latin1;

--
-- Dumping data for table `kr_homepageslider_product`
--

INSERT INTO `kr_homepageslider_product` (`hpd_proid`, `hpsid`, `productid`, `sortby`, `IsActive`, `UserId`, `createdDate`, `modifiedDate`) VALUES
(1, 1, 2943, 1, 2, 1, '2019-06-07 18:17:21', '2019-06-17 00:00:00'),
(2, 1, 1347, 5, 2, 1, '2019-06-07 18:17:21', '2019-06-17 00:00:00'),
(3, 1, 1346, 4, 2, 1, '2019-06-07 18:17:21', '2019-06-17 00:00:00'),
(4, 1, 1348, 3, 2, 1, '2019-06-07 18:17:21', '2019-06-17 00:00:00'),
(5, 1, 1349, 2, 2, 1, '2019-06-07 18:17:21', '2019-06-17 00:00:00'),
(6, 2, 234, 1, 2, 1, '2019-06-07 18:20:23', '2019-06-17 00:00:00'),
(7, 2, 2815, 2, 2, 1, '2019-06-07 18:20:23', '2019-06-17 00:00:00'),
(8, 2, 2816, 3, 2, 1, '2019-06-07 18:20:23', '2019-06-17 13:07:00'),
(9, 2, 2817, 4, 2, 1, '2019-06-07 18:20:23', '2019-06-17 13:06:54'),
(10, 2, 2818, 5, 2, 1, '2019-06-07 18:20:23', '2019-06-17 13:06:32'),
(11, 3, 398, 3, 2, 1, '2019-06-07 18:23:11', '2019-06-17 00:00:00'),
(12, 3, 1269, 5, 2, 1, '2019-06-07 18:23:11', '2019-06-17 13:23:16'),
(13, 3, 1270, 4, 2, 1, '2019-06-07 18:23:11', '2019-06-17 00:00:00'),
(14, 3, 1271, 3, 2, 1, '2019-06-07 18:23:11', '2019-06-17 00:00:00'),
(15, 3, 1324, 2, 2, 1, '2019-06-07 18:23:11', '2019-06-17 00:00:00'),
(16, 4, 1274, 4, 2, 1, '2019-06-07 18:26:31', '2019-06-17 00:00:00'),
(17, 4, 400, 5, 1, 1, '2019-06-07 18:26:31', '2019-06-17 14:01:30'),
(18, 4, 436, 1, 1, 1, '2019-06-07 18:26:31', '2019-06-17 14:01:30'),
(19, 4, 1272, 2, 1, 1, '2019-06-07 18:26:31', '2019-06-17 14:01:30'),
(20, 4, 1273, 3, 2, 1, '2019-06-07 18:26:31', '2019-06-17 00:00:00'),
(21, 5, 208, 3, 2, 1, '2019-06-07 18:29:53', '2019-06-17 00:00:00'),
(22, 5, 209, 3, 2, 1, '2019-06-07 18:29:53', '2020-03-05 00:00:00'),
(23, 5, 499, 1, 2, 1, '2019-06-07 18:29:53', '2020-12-16 00:00:00'),
(24, 5, 565, 2, 2, 1, '2019-06-07 18:29:53', '2020-12-16 00:00:00'),
(25, 5, 590, 2, 2, 1, '2019-06-07 18:29:53', '2019-06-17 00:00:00'),
(26, 1, 337, 2, 2, 17, '2019-06-17 12:14:29', '2020-03-10 00:00:00'),
(27, 1, 248, 3, 2, 17, '2019-06-17 12:23:49', '2019-07-03 00:00:00'),
(28, 1, 256, 10, 2, 17, '2019-06-17 12:23:49', '2019-07-03 00:00:00'),
(29, 1, 314, 3, 2, 17, '2019-06-17 12:23:49', '2019-06-17 00:00:00'),
(30, 1, 336, 7, 2, 17, '2019-06-17 12:23:49', '2019-06-20 00:00:00'),
(31, 1, 332, 3, 2, 17, '2019-06-17 12:25:01', '2019-06-17 00:00:00'),
(32, 2, 2653, 7, 2, 17, '2019-06-17 12:34:33', '2019-06-20 00:00:00'),
(33, 2, 243, 3, 2, 17, '2019-06-17 13:09:08', '2019-06-17 00:00:00'),
(34, 2, 1353, 3, 2, 17, '2019-06-17 13:09:08', '2019-06-17 00:00:00'),
(35, 2, 1834, 5, 2, 17, '2019-06-17 13:09:08', '2019-06-17 00:00:00'),
(36, 2, 2100, 4, 2, 17, '2019-06-17 13:11:14', '2019-06-17 00:00:00'),
(37, 2, 2246, 3, 2, 17, '2019-06-17 13:11:14', '2019-06-17 00:00:00'),
(38, 2, 2065, 2, 2, 17, '2019-06-17 13:12:27', '2019-06-17 00:00:00'),
(39, 2, 279, 3, 2, 17, '2019-06-17 13:18:01', '2020-03-04 00:00:00'),
(40, 2, 1952, 1, 1, 17, '2019-06-17 13:18:01', '2020-03-04 15:34:21'),
(41, 2, 2010, 3, 1, 17, '2019-06-17 13:18:01', '2020-03-04 15:34:21'),
(42, 2, 2128, 5, 1, 17, '2019-06-17 13:18:01', '2020-03-04 15:34:21'),
(43, 3, 1120, 5, 2, 17, '2019-06-17 13:24:07', '2019-06-17 00:00:00'),
(44, 3, 935, 5, 1, 17, '2019-06-17 13:26:16', '2020-02-14 16:19:28'),
(45, 3, 1741, 6, 2, 17, '2019-06-17 13:45:36', '2019-06-19 00:00:00'),
(46, 3, 208, 3, 2, 17, '2019-06-17 13:45:36', '2019-06-19 00:00:00'),
(47, 3, 584, 9, 2, 17, '2019-06-17 13:45:36', '2019-06-17 00:00:00'),
(48, 3, 873, 7, 2, 17, '2019-06-17 13:45:36', '2019-06-17 00:00:00'),
(49, 3, 512, 10, 2, 17, '2019-06-17 13:45:36', '2019-06-19 00:00:00'),
(50, 3, 700, 8, 2, 17, '2019-06-17 13:45:36', '2019-06-17 00:00:00'),
(51, 3, 1095, 7, 1, 17, '2019-06-17 13:45:36', '2020-02-14 16:19:28'),
(52, 3, 377, 9, 2, 17, '2019-06-17 13:45:36', '2019-06-19 00:00:00'),
(53, 3, 482, 1, 2, 17, '2019-06-17 13:45:36', '2020-02-12 00:00:00'),
(54, 5, 345, 3, 2, 17, '2019-06-17 13:50:55', '2019-06-20 00:00:00'),
(55, 5, 573, 7, 2, 17, '2019-06-17 13:52:24', '2020-12-16 00:00:00'),
(56, 4, 404, 6, 1, 17, '2019-06-17 13:57:32', '2019-06-17 14:01:30'),
(57, 4, 406, 7, 1, 17, '2019-06-17 13:57:32', '2019-06-17 14:01:30'),
(58, 4, 435, 4, 1, 17, '2019-06-17 13:57:32', '2019-06-17 14:01:30'),
(59, 4, 424, 3, 1, 17, '2019-06-17 14:01:30', '2019-06-17 14:01:30'),
(60, 1, 243, 5, 2, 17, '2019-06-17 14:03:52', '2019-07-03 00:00:00'),
(61, 1, 339, 9, 2, 17, '2019-06-17 14:08:26', '2019-06-20 00:00:00'),
(62, 1, 323, 4, 2, 17, '2019-06-17 14:09:53', '2019-06-20 00:00:00'),
(63, 3, 225, 4, 1, 17, '2019-06-19 15:47:38', '2020-02-14 16:19:28'),
(64, 3, 394, 10, 1, 17, '2019-06-19 15:47:38', '2020-02-14 16:19:28'),
(65, 3, 3021, 8, 1, 17, '2019-06-19 15:47:38', '2020-02-14 16:19:28'),
(66, 3, 2987, 7, 2, 17, '2019-06-19 15:47:38', '2019-06-19 00:00:00'),
(67, 3, 2990, 2, 1, 17, '2019-06-19 15:47:38', '2020-02-14 16:19:28'),
(68, 3, 3080, 3, 2, 17, '2019-06-19 15:47:38', '2020-01-06 00:00:00'),
(69, 3, 1191, 6, 1, 17, '2019-06-19 15:53:05', '2020-02-14 16:19:28'),
(70, 3, 623, 9, 1, 17, '2019-06-19 15:53:05', '2020-02-14 16:19:28'),
(71, 1, 2938, 8, 2, 17, '2019-06-19 16:01:47', '2020-08-19 15:48:41'),
(72, 1, 2941, 1, 2, 17, '2019-06-19 16:01:47', '2020-08-19 15:50:44'),
(73, 1, 2947, 6, 2, 17, '2019-06-19 16:01:47', '2020-08-19 15:50:18'),
(74, 2, 296, 6, 2, 17, '2019-06-19 16:48:18', '2020-03-04 00:00:00'),
(75, 2, 267, 8, 2, 17, '2019-06-19 16:48:18', '2020-03-04 00:00:00'),
(76, 2, 273, 9, 2, 17, '2019-06-19 16:48:18', '2020-03-04 00:00:00'),
(77, 2, 288, 5, 2, 17, '2019-06-19 16:48:18', '2020-03-04 00:00:00'),
(78, 1, 307, 4, 2, 17, '2019-06-20 13:37:15', '2020-08-19 00:00:00'),
(79, 1, 309, 7, 2, 17, '2019-06-20 13:37:15', '2020-08-19 00:00:00'),
(80, 2, 292, 10, 2, 17, '2019-06-20 13:42:21', '2020-03-04 00:00:00'),
(81, 2, 319, 2, 2, 17, '2019-06-20 13:42:21', '2020-03-04 00:00:00'),
(82, 5, 595, 5, 2, 17, '2019-06-20 13:52:16', '2019-06-20 00:00:00'),
(83, 5, 795, 10, 2, 17, '2019-06-20 13:52:16', '2020-12-16 00:00:00'),
(84, 5, 1353, 4, 2, 17, '2019-06-20 13:52:16', '2020-12-16 00:00:00'),
(85, 5, 1638, 6, 2, 17, '2019-06-20 13:52:16', '2020-12-16 00:00:00'),
(86, 5, 1803, 9, 2, 17, '2019-06-20 13:52:16', '2020-12-17 00:00:00'),
(87, 5, 2949, 8, 2, 17, '2019-06-20 13:52:16', '2020-01-06 00:00:00'),
(88, 5, 193, 5, 2, 17, '2019-06-20 14:08:21', '2020-08-19 00:00:00'),
(89, 1, 3305, 9, 2, 17, '2019-07-03 13:18:59', '2019-07-03 00:00:00'),
(90, 1, 3255, 5, 2, 17, '2019-07-03 13:21:53', '2020-08-19 15:51:13'),
(91, 1, 3156, 9, 2, 17, '2019-07-03 13:29:01', '2020-08-19 15:51:33'),
(92, 1, 3156, 9, 2, 17, '2019-07-03 13:29:01', '2020-08-19 15:51:42'),
(93, 1, 3153, 3, 2, 17, '2019-07-03 13:32:46', '2020-08-26 00:00:00'),
(94, 3, 3384, 3, 2, 17, '2020-01-06 18:18:34', '2020-02-12 00:00:00'),
(95, 5, 3370, 8, 2, 17, '2020-01-06 18:25:26', '2020-08-19 00:00:00'),
(96, 3, 3460, 1, 1, 17, '2020-02-12 15:56:17', '2020-02-14 16:19:28'),
(97, 3, 3064, 3, 1, 17, '2020-02-14 16:19:28', '2020-02-14 16:19:28'),
(98, 2, 3730, 2, 1, 26, '2020-03-04 15:34:21', '2020-03-04 15:34:21'),
(99, 2, 3737, 4, 1, 26, '2020-03-04 15:34:21', '2020-03-04 15:34:21'),
(100, 2, 3740, 6, 1, 26, '2020-03-04 15:34:21', '2020-03-04 15:34:21'),
(101, 2, 3764, 7, 1, 26, '2020-03-04 15:34:21', '2020-03-04 15:34:21'),
(102, 6, 2319, 2, 1, 15, '2020-08-19 15:39:02', '2020-08-19 15:44:41'),
(103, 6, 2320, 3, 1, 15, '2020-08-19 15:39:02', '2020-08-19 15:44:41'),
(104, 6, 2321, 1, 1, 15, '2020-08-19 15:39:02', '2020-08-19 15:44:41'),
(105, 1, 2317, 1, 2, 15, '2020-08-26 18:02:22', '2020-12-16 00:00:00'),
(106, 1, 2318, 0, 2, 1, '2020-12-15 12:36:52', '2020-12-16 16:10:34'),
(107, 1, 3818, 3, 2, 1, '2020-12-15 12:36:52', '2020-12-15 00:00:00'),
(108, 1, 3819, 4, 2, 1, '2020-12-15 12:36:52', '2020-12-16 00:00:00'),
(109, 1, 3820, 5, 2, 1, '2020-12-15 12:36:52', '2020-12-16 00:00:00'),
(110, 5, 3818, 0, 2, 1, '2020-12-16 16:00:50', '2020-12-17 13:25:32'),
(111, 5, 3820, 2, 2, 1, '2020-12-16 16:00:50', '2020-12-29 00:00:00'),
(112, 5, 3819, 3, 2, 1, '2020-12-16 16:00:58', '2020-12-29 00:00:00'),
(113, 1, 2318, 0, 2, 1, '2020-12-16 16:10:24', '2020-12-16 00:00:00'),
(114, 1, 3820, 0, 2, 1, '2020-12-16 16:10:34', '2020-12-16 00:00:00'),
(115, 7, 2318, 1, 1, 1, '2020-12-16 16:18:39', '2020-12-17 12:00:11'),
(116, 7, 3820, 2, 1, 1, '2020-12-16 16:18:39', '2020-12-17 12:00:11'),
(117, 5, 2317, 0, 2, 1, '2020-12-17 12:02:07', '2020-12-29 00:00:00'),
(118, 5, 2318, 0, 2, 1, '2020-12-17 12:02:07', '2020-12-29 00:00:00'),
(119, 5, 3818, 0, 2, 1, '2020-12-17 12:03:44', '2020-12-29 00:00:00'),
(120, 8, 2317, 1, 2, 1, '2020-12-17 13:13:34', '2020-12-29 00:00:00'),
(121, 8, 2318, 2, 2, 1, '2020-12-17 13:13:34', '2020-12-29 00:00:00'),
(122, 8, 3818, 3, 2, 1, '2020-12-17 13:13:34', '2020-12-29 00:00:00'),
(123, 8, 3820, 4, 2, 1, '2020-12-17 13:13:34', '2020-12-29 00:00:00'),
(124, 5, 4332, 1, 1, 1, '2020-12-29 17:15:43', '2020-12-29 17:15:43'),
(125, 5, 4339, 2, 1, 1, '2020-12-29 17:15:43', '2020-12-29 17:15:43'),
(126, 5, 4340, 4, 1, 1, '2020-12-29 17:15:43', '2020-12-29 17:15:43'),
(127, 5, 4342, 3, 1, 1, '2020-12-29 17:15:43', '2020-12-29 17:15:43'),
(128, 5, 4343, 5, 1, 1, '2020-12-29 17:15:43', '2020-12-29 17:15:43'),
(129, 8, 4254, 0, 1, 1, '2020-12-29 17:17:03', '2021-01-12 16:31:22'),
(130, 8, 4332, 0, 1, 1, '2020-12-29 17:17:03', '2021-01-12 16:31:22'),
(131, 8, 4341, 0, 1, 1, '2020-12-29 17:17:03', '2021-01-12 16:31:22'),
(132, 8, 4346, 0, 1, 1, '2020-12-29 17:17:03', '2021-01-12 16:31:22'),
(133, 8, 4347, 0, 1, 1, '2020-12-29 17:17:03', '2021-01-12 16:31:22');

-- --------------------------------------------------------

--
-- Table structure for table `kr_imageconfig`
--

CREATE TABLE `kr_imageconfig` (
  `imageconfigId` int(11) NOT NULL,
  `imageconfigModule` varchar(256) NOT NULL,
  `imageconfigName` varchar(256) NOT NULL,
  `imageconfigCode` varchar(256) DEFAULT NULL,
  `imageconfigHeight` int(11) NOT NULL,
  `imageconfigWidth` int(11) NOT NULL,
  `foldername` varchar(255) NOT NULL,
  `IsActive` int(3) NOT NULL,
  `createdDate` datetime NOT NULL,
  `modifiedDate` timestamp NOT NULL DEFAULT CURRENT_TIMESTAMP ON UPDATE CURRENT_TIMESTAMP,
  `UserId` int(11) NOT NULL
) ENGINE=InnoDB DEFAULT CHARSET=latin1;

--
-- Dumping data for table `kr_imageconfig`
--

INSERT INTO `kr_imageconfig` (`imageconfigId`, `imageconfigModule`, `imageconfigName`, `imageconfigCode`, `imageconfigHeight`, `imageconfigWidth`, `foldername`, `IsActive`, `createdDate`, `modifiedDate`, `UserId`) VALUES
(1, 'category', 'Category Thumb', 'config_cat_thumb', 100, 100, '', 1, '2016-04-23 18:11:20', '2018-10-24 15:04:32', 2),
(2, 'category', 'Category Enlarged', 'config_cat_large', 300, 800, '', 1, '2016-04-23 18:15:28', '2018-10-24 15:04:32', 2),
(3, 'categorybanner', 'Category Banner', 'banner', 550, 1600, 'category', 1, '2016-04-23 18:15:28', '2020-12-17 10:05:45', 2),
(4, 'attributes', 'Attributes Icon', 'config_attr_icon', 16, 16, '', 1, '2016-04-26 10:30:02', '2018-10-24 15:04:32', 2),
(5, 'manufacturer', 'Manufacturer Thumb', 'config_manufact_thumb', 100, 150, '', 1, '2016-04-26 17:04:38', '2018-10-24 15:04:32', 2),
(6, 'manufacturer', 'Manufacturer Enlarged', 'config_manufact_large', 300, 400, '', 1, '2016-04-26 17:04:38', '2018-10-24 15:04:32', 2),
(7, 'product', 'Product Thumb', 'config_product_thumb', 100, 100, '', 1, '2016-04-28 10:36:59', '2019-02-01 05:30:29', 2),
(8, 'product', 'Product Popup', 'config_product_popup', 250, 250, '', 1, '2016-04-28 10:36:59', '2019-02-01 05:30:18', 2),
(9, 'product', 'Product Cart', 'config_product_cart', 700, 700, 'product_image', 1, '2016-04-28 10:37:39', '2021-02-04 12:32:07', 2),
(10, 'logo', 'Logo Thumb', 'config_logo_thumb', 50, 150, '', 1, '2016-05-05 00:00:00', '2018-10-24 15:04:32', 2),
(11, 'logo', 'Logo Large', 'config_logo_large', 50, 200, '', 1, '2016-05-05 00:00:00', '2018-10-24 15:04:32', 2),
(12, 'logo', 'Logo Email', 'config_logo_email', 30, 100, '', 1, '2016-05-05 00:00:00', '2018-10-24 15:04:32', 2),
(13, 'favicon', 'Store FavIcon', 'config_favicon_large', 16, 16, '', 1, '2016-05-05 00:00:00', '2018-10-24 15:04:32', 2),
(14, 'adminusers', 'Admin User Thumb', 'config_adminuser_thumb', 50, 50, 'adminusers', 1, '2016-05-18 00:00:00', '2020-08-25 08:53:26', 2),
(15, 'adminusers', 'Admin User Large', 'config_adminuser_large', 150, 100, '', 1, '2016-05-18 00:00:00', '2018-10-24 15:04:32', 2),
(16, 'watermark', 'watermark', 'watermark', 100, 150, '', 1, '2016-04-26 10:30:02', '2018-10-24 15:04:32', 2),
(17, 'customfields', 'customfields Thumb', 'config_cust_thumb	', 600, 600, '', 1, '2018-11-14 00:00:00', '2018-11-14 14:31:48', 1),
(18, 'Main Banner', 'banner desktop', 'config_banners_thumb', 340, 1920, '', 1, '2018-12-04 00:00:00', '2019-04-11 13:41:50', 1),
(19, 'Award Receiver', 'banner desktop', 'config_awardreceiver', 198, 670, '', 1, '2018-12-06 00:00:00', '2019-01-19 07:32:28', 1),
(20, 'newsevents', 'newsevents thumb', 'newseventsdetailpage', 626, 835, '', 1, '2018-12-10 00:00:00', '2019-01-19 07:03:44', 16),
(21, 'Main Banner', 'mobilepath', 'config_Main Banner Mobilepath', 500, 700, '', 1, '2018-12-17 00:00:00', '2018-12-17 16:07:20', 16),
(22, 'Award Receiver', 'mobilepath', 'config_Award Reciever Mobilepath', 450, 750, '', 1, '2018-12-17 00:00:00', '2018-12-18 05:59:15', 16),
(23, 'categorymobileimage', 'categorymobileimage thumb', 'config_categorymobileimage', 550, 1600, '', 1, '2018-12-18 00:00:00', '2020-12-30 10:03:13', 16),
(24, 'categorybanner', 'Category Banner', 'menu', 67, 300, '', 1, '2016-04-23 18:15:28', '2018-12-31 09:58:48', 2),
(25, 'ourclient', 'our client', 'client', 60, 170, 'mcimage', 1, '2019-01-19 11:00:00', '2020-12-15 14:16:23', 2),
(26, 'newsevents', 'newsevents thumb', 'newseventshomepage', 93, 94, '', 1, '2019-01-19 00:00:00', '2019-01-19 06:43:38', 2),
(27, 'memberof', 'memberof', 'config_memberof', 100, 150, '', 1, '2019-02-01 00:00:00', '2019-02-01 10:48:19', 16),
(28, 'brandstieup', 'brandstieup', 'config_brandstieup', 100, 150, '', 1, '2019-02-01 00:00:00', '2019-03-28 11:38:42', 16),
(29, 'productcatalog', 'catalogattachment', 'config_catalogattachment', 500, 700, '', 1, '2019-02-02 00:00:00', '2019-02-02 12:20:33', 16),
(30, 'customizedimage', 'customizedimage', 'config_customizedimage', 1000, 1000, 'customizedproduct', 1, '2019-02-08 00:00:00', '2020-08-25 08:53:49', 16),
(31, 'shippingimg', 'shippingimg', 'config_shippingimg', 48, 48, '', 1, '2019-04-10 00:00:00', '2019-04-10 07:00:00', 16),
(32, 'destopbanner', 'destopbanner', 'banner thumb', 550, 1600, 'banners', 1, '2019-01-19 11:00:00', '2021-02-04 12:33:40', 2),
(33, 'mobilebanner', 'mobilebanner', 'banner thumb', 1000, 760, 'mobile', 1, '2019-01-19 11:00:00', '2021-02-04 12:58:02', 2),
(34, 'categorymobileimage', 'categorymobileimage thumb', 'config_categorymobileimage', 550, 1600, 'categorymobileimage', 1, '2016-04-23 18:15:28', '2020-12-30 10:03:52', 2),
(35, 'promotiondestopbanner', 'promotiondestopbanner', 'banner thumb', 400, 1600, 'banners', 1, '2019-01-19 11:00:00', '2020-12-29 11:54:10', 2),
(36, 'promotionmobilebanner', 'promotionmobilebanner', 'banner thumb', 1000, 760, 'mobile', 1, '2019-01-19 11:00:00', '2021-02-04 12:58:07', 2),
(37, 'categorymenuimage', 'categorymenuimage', 'categorymenuimage', 200, 200, 'categorymenuimage', 1, '2016-04-23 18:15:28', '2021-02-09 06:44:28', 2);

-- --------------------------------------------------------

--
-- Table structure for table `kr_language`
--

CREATE TABLE `kr_language` (
  `languageid` int(11) NOT NULL,
  `languagename` varchar(255) NOT NULL,
  `IsActive` int(11) DEFAULT NULL,
  `languagefield` varchar(100) NOT NULL,
  `UserId` int(11) DEFAULT NULL,
  `CreatedDate` datetime NOT NULL,
  `ModifiedDate` datetime NOT NULL
) ENGINE=InnoDB DEFAULT CHARSET=latin1;

--
-- Dumping data for table `kr_language`
--

INSERT INTO `kr_language` (`languageid`, `languagename`, `IsActive`, `languagefield`, `UserId`, `CreatedDate`, `ModifiedDate`) VALUES
(1, 'English', 1, '', 22, '2018-11-05 16:42:59', '0000-00-00 00:00:00'),
(2, 'Spanish', 1, '_es', 22, '0000-00-00 00:00:00', '0000-00-00 00:00:00'),
(3, 'Portuguese', 1, '_bt', 22, '0000-00-00 00:00:00', '0000-00-00 00:00:00');

-- --------------------------------------------------------

--
-- Table structure for table `kr_level`
--

CREATE TABLE `kr_level` (
  `levelid` int(11) NOT NULL,
  `levelname` varchar(255) NOT NULL,
  `bidsvalue` int(11) NOT NULL,
  `IsActive` tinyint(1) NOT NULL,
  `userId` int(11) NOT NULL,
  `CreatedDate` timestamp NOT NULL DEFAULT CURRENT_TIMESTAMP ON UPDATE CURRENT_TIMESTAMP
) ENGINE=InnoDB DEFAULT CHARSET=latin1;

--
-- Dumping data for table `kr_level`
--

INSERT INTO `kr_level` (`levelid`, `levelname`, `bidsvalue`, `IsActive`, `userId`, `CreatedDate`) VALUES
(1, 'level 1', 50, 1, 7, '2016-04-20 12:09:32'),
(2, 'Level 2', 10, 1, 7, '2016-04-19 06:41:22'),
(3, 'Level 3', 12, 1, 2, '2016-03-14 10:35:10');

-- --------------------------------------------------------

--
-- Table structure for table `kr_loginstatus`
--

CREATE TABLE `kr_loginstatus` (
  `Id` int(11) NOT NULL,
  `UsrId` int(11) NOT NULL,
  `Logged` timestamp NOT NULL DEFAULT CURRENT_TIMESTAMP ON UPDATE CURRENT_TIMESTAMP,
  `Logout_time` datetime NOT NULL DEFAULT '0000-00-00 00:00:00'
) ENGINE=InnoDB DEFAULT CHARSET=latin1;

--
-- Dumping data for table `kr_loginstatus`
--

INSERT INTO `kr_loginstatus` (`Id`, `UsrId`, `Logged`, `Logout_time`) VALUES
(1, 1, '2018-12-06 06:52:50', '0000-00-00 00:00:00'),
(2, 1, '2018-12-06 06:56:19', '0000-00-00 00:00:00'),
(3, 1, '2018-12-06 06:59:26', '0000-00-00 00:00:00'),
(4, 1, '2018-12-06 07:00:15', '0000-00-00 00:00:00'),
(5, 1, '2018-12-06 07:01:31', '0000-00-00 00:00:00'),
(6, 1, '2018-12-06 07:01:54', '0000-00-00 00:00:00'),
(7, 1, '2018-12-06 07:02:11', '0000-00-00 00:00:00'),
(8, 15, '2018-12-06 07:03:04', '0000-00-00 00:00:00'),
(9, 1, '2018-12-06 09:44:16', '0000-00-00 00:00:00'),
(10, 15, '2018-12-06 11:44:51', '0000-00-00 00:00:00'),
(11, 15, '2018-12-06 11:46:10', '0000-00-00 00:00:00'),
(12, 15, '2018-12-06 11:46:27', '0000-00-00 00:00:00'),
(13, 15, '2018-12-06 11:49:54', '0000-00-00 00:00:00'),
(14, 15, '2018-12-06 11:50:16', '0000-00-00 00:00:00'),
(15, 1, '2018-12-06 13:28:50', '0000-00-00 00:00:00'),
(16, 1, '2018-12-06 13:29:05', '0000-00-00 00:00:00'),
(17, 16, '2018-12-07 04:58:08', '0000-00-00 00:00:00'),
(18, 1, '2018-12-07 06:55:38', '2018-12-07 12:25:38'),
(19, 15, '2018-12-07 06:29:29', '0000-00-00 00:00:00'),
(20, 17, '2018-12-07 07:02:02', '2018-12-07 12:32:02'),
(21, 1, '2018-12-07 07:15:59', '2018-12-07 12:45:59'),
(22, 17, '2018-12-07 07:16:12', '0000-00-00 00:00:00'),
(23, 17, '2018-12-07 07:16:42', '0000-00-00 00:00:00'),
(24, 1, '2018-12-07 10:24:24', '0000-00-00 00:00:00'),
(25, 16, '2018-12-10 04:35:39', '0000-00-00 00:00:00'),
(26, 1, '2018-12-10 05:28:49', '0000-00-00 00:00:00'),
(27, 1, '2018-12-10 06:28:20', '0000-00-00 00:00:00'),
(28, 1, '2018-12-10 07:50:56', '0000-00-00 00:00:00'),
(29, 16, '2018-12-11 04:29:43', '0000-00-00 00:00:00'),
(30, 1, '2018-12-11 05:26:59', '0000-00-00 00:00:00'),
(31, 1, '2018-12-11 07:13:53', '0000-00-00 00:00:00'),
(32, 1, '2018-12-11 12:27:50', '0000-00-00 00:00:00'),
(33, 16, '2018-12-12 04:30:06', '0000-00-00 00:00:00'),
(34, 1, '2018-12-12 04:45:16', '0000-00-00 00:00:00'),
(35, 16, '2018-12-13 06:06:51', '0000-00-00 00:00:00'),
(36, 1, '2018-12-13 09:06:51', '2018-12-13 14:36:51'),
(37, 1, '2018-12-13 09:09:20', '0000-00-00 00:00:00'),
(38, 22, '2018-12-13 09:15:48', '2018-12-13 14:45:48'),
(39, 22, '2018-12-13 09:16:26', '2018-12-13 14:46:26'),
(40, 22, '2018-12-13 09:17:15', '0000-00-00 00:00:00'),
(41, 22, '2018-12-13 09:17:38', '0000-00-00 00:00:00'),
(42, 22, '2018-12-13 09:37:50', '0000-00-00 00:00:00'),
(43, 22, '2018-12-13 12:35:42', '0000-00-00 00:00:00'),
(44, 22, '2018-12-13 12:36:06', '0000-00-00 00:00:00'),
(45, 1, '2018-12-13 12:41:34', '0000-00-00 00:00:00'),
(46, 1, '2018-12-13 12:42:14', '0000-00-00 00:00:00'),
(47, 22, '2018-12-13 12:43:13', '0000-00-00 00:00:00'),
(48, 1, '2018-12-13 12:43:15', '0000-00-00 00:00:00'),
(49, 22, '2018-12-13 12:43:27', '0000-00-00 00:00:00'),
(50, 22, '2018-12-13 13:29:13', '2018-12-13 18:59:13'),
(51, 22, '2018-12-14 04:35:50', '2018-12-14 10:05:50'),
(52, 22, '2018-12-14 04:36:54', '2018-12-14 10:06:54'),
(53, 22, '2018-12-14 04:37:41', '2018-12-14 10:07:41'),
(54, 22, '2018-12-14 04:37:56', '2018-12-14 10:07:56'),
(55, 16, '2018-12-14 04:42:42', '0000-00-00 00:00:00'),
(56, 22, '2018-12-14 05:06:39', '2018-12-14 10:36:39'),
(57, 22, '2018-12-14 05:07:04', '2018-12-14 10:37:04'),
(58, 22, '2018-12-14 05:07:16', '2018-12-14 10:37:16'),
(59, 22, '2018-12-14 09:59:41', '2018-12-14 15:29:41'),
(60, 16, '2018-12-14 09:30:30', '0000-00-00 00:00:00'),
(61, 22, '2018-12-14 09:59:49', '0000-00-00 00:00:00'),
(62, 22, '2018-12-14 10:01:10', '0000-00-00 00:00:00'),
(63, 22, '2018-12-14 10:01:29', '0000-00-00 00:00:00'),
(64, 22, '2018-12-14 10:03:14', '0000-00-00 00:00:00'),
(65, 22, '2018-12-14 10:51:15', '2018-12-14 16:21:15'),
(66, 22, '2018-12-14 10:51:30', '0000-00-00 00:00:00'),
(67, 22, '2018-12-14 11:56:55', '2018-12-14 17:26:55'),
(68, 22, '2018-12-14 11:57:00', '0000-00-00 00:00:00'),
(69, 22, '2018-12-14 11:57:16', '0000-00-00 00:00:00'),
(70, 22, '2018-12-14 11:57:22', '0000-00-00 00:00:00'),
(71, 1, '2018-12-14 12:05:40', '0000-00-00 00:00:00'),
(72, 1, '2018-12-14 15:17:01', '0000-00-00 00:00:00'),
(73, 16, '2018-12-17 04:47:28', '0000-00-00 00:00:00'),
(74, 1, '2018-12-17 04:49:15', '0000-00-00 00:00:00'),
(75, 22, '2018-12-17 05:02:16', '0000-00-00 00:00:00'),
(76, 22, '2018-12-17 09:06:09', '0000-00-00 00:00:00'),
(77, 1, '2018-12-17 09:06:47', '0000-00-00 00:00:00'),
(78, 22, '2018-12-17 09:09:56', '0000-00-00 00:00:00'),
(79, 22, '2018-12-17 09:10:01', '0000-00-00 00:00:00'),
(80, 22, '2018-12-17 09:10:07', '0000-00-00 00:00:00'),
(81, 22, '2018-12-17 09:10:11', '0000-00-00 00:00:00'),
(82, 22, '2018-12-17 09:11:24', '0000-00-00 00:00:00'),
(83, 22, '2018-12-17 09:11:40', '0000-00-00 00:00:00'),
(84, 22, '2018-12-17 14:11:02', '2018-12-17 19:41:02'),
(85, 1, '2018-12-17 09:52:00', '0000-00-00 00:00:00'),
(86, 16, '2018-12-18 04:18:31', '0000-00-00 00:00:00'),
(87, 22, '2018-12-18 04:39:36', '0000-00-00 00:00:00'),
(88, 22, '2018-12-18 04:40:14', '0000-00-00 00:00:00'),
(89, 1, '2018-12-18 05:41:58', '0000-00-00 00:00:00'),
(90, 22, '2018-12-18 13:42:03', '2018-12-18 19:12:03'),
(91, 1, '2018-12-18 08:53:56', '0000-00-00 00:00:00'),
(92, 1, '2018-12-18 11:34:29', '0000-00-00 00:00:00'),
(93, 1, '2018-12-18 12:52:06', '0000-00-00 00:00:00'),
(94, 16, '2018-12-19 04:13:00', '0000-00-00 00:00:00'),
(95, 22, '2018-12-19 13:25:38', '2018-12-19 18:55:38'),
(96, 1, '2018-12-19 05:00:18', '0000-00-00 00:00:00'),
(97, 16, '2018-12-19 06:38:41', '0000-00-00 00:00:00'),
(98, 1, '2018-12-19 11:24:46', '0000-00-00 00:00:00'),
(99, 16, '2018-12-19 11:46:55', '0000-00-00 00:00:00'),
(100, 16, '2018-12-20 04:36:12', '0000-00-00 00:00:00'),
(101, 22, '2018-12-20 04:46:44', '2018-12-20 10:16:44'),
(102, 22, '2018-12-20 04:47:14', '0000-00-00 00:00:00'),
(103, 22, '2018-12-20 04:50:13', '0000-00-00 00:00:00'),
(104, 22, '2018-12-20 04:56:44', '0000-00-00 00:00:00'),
(105, 22, '2018-12-20 04:59:22', '0000-00-00 00:00:00'),
(106, 22, '2018-12-20 04:59:43', '0000-00-00 00:00:00'),
(107, 22, '2018-12-20 06:59:39', '0000-00-00 00:00:00'),
(108, 22, '2018-12-20 07:00:04', '0000-00-00 00:00:00'),
(109, 22, '2018-12-20 09:10:48', '2018-12-20 14:40:48'),
(110, 1, '2018-12-20 10:43:04', '0000-00-00 00:00:00'),
(111, 16, '2018-12-20 11:06:04', '0000-00-00 00:00:00'),
(112, 22, '2018-12-20 12:14:06', '0000-00-00 00:00:00'),
(113, 22, '2018-12-20 12:51:52', '0000-00-00 00:00:00'),
(114, 1, '2018-12-21 11:18:23', '0000-00-00 00:00:00'),
(115, 1, '2018-12-21 15:32:57', '0000-00-00 00:00:00'),
(116, 16, '2018-12-21 16:10:39', '0000-00-00 00:00:00'),
(117, 22, '2018-12-22 06:29:01', '0000-00-00 00:00:00'),
(118, 22, '2018-12-22 06:29:10', '0000-00-00 00:00:00'),
(119, 22, '2018-12-22 06:29:19', '0000-00-00 00:00:00'),
(120, 1, '2018-12-22 09:37:39', '0000-00-00 00:00:00'),
(121, 16, '2018-12-22 09:42:16', '0000-00-00 00:00:00'),
(122, 22, '2018-12-22 11:29:30', '0000-00-00 00:00:00'),
(123, 16, '2018-12-22 11:39:43', '0000-00-00 00:00:00'),
(124, 1, '2018-12-22 12:18:12', '0000-00-00 00:00:00'),
(125, 1, '2018-12-22 12:32:25', '0000-00-00 00:00:00'),
(126, 1, '2018-12-22 14:57:12', '0000-00-00 00:00:00'),
(127, 16, '2018-12-23 05:41:27', '0000-00-00 00:00:00'),
(128, 22, '2018-12-24 04:51:41', '0000-00-00 00:00:00'),
(129, 22, '2018-12-24 04:51:51', '0000-00-00 00:00:00'),
(130, 22, '2018-12-24 04:52:04', '0000-00-00 00:00:00'),
(131, 16, '2018-12-24 04:54:02', '0000-00-00 00:00:00'),
(132, 22, '2018-12-24 05:39:49', '0000-00-00 00:00:00'),
(133, 16, '2018-12-24 06:28:12', '0000-00-00 00:00:00'),
(134, 22, '2018-12-24 06:52:45', '0000-00-00 00:00:00'),
(135, 16, '2018-12-24 07:07:10', '0000-00-00 00:00:00'),
(136, 22, '2018-12-24 09:45:38', '0000-00-00 00:00:00'),
(137, 22, '2018-12-24 09:51:57', '0000-00-00 00:00:00'),
(138, 22, '2018-12-24 10:17:16', '0000-00-00 00:00:00'),
(139, 22, '2018-12-24 10:36:30', '0000-00-00 00:00:00'),
(140, 22, '2018-12-24 11:02:50', '0000-00-00 00:00:00'),
(141, 22, '2018-12-24 11:55:52', '0000-00-00 00:00:00'),
(142, 22, '2018-12-24 11:56:01', '0000-00-00 00:00:00'),
(143, 22, '2018-12-24 11:56:14', '0000-00-00 00:00:00'),
(144, 22, '2018-12-24 11:56:25', '0000-00-00 00:00:00'),
(145, 22, '2018-12-24 11:56:27', '0000-00-00 00:00:00'),
(146, 22, '2018-12-24 11:56:28', '0000-00-00 00:00:00'),
(147, 22, '2018-12-24 11:56:30', '0000-00-00 00:00:00'),
(148, 22, '2018-12-24 11:56:32', '0000-00-00 00:00:00'),
(149, 22, '2018-12-24 11:56:48', '0000-00-00 00:00:00'),
(150, 22, '2018-12-24 12:14:49', '0000-00-00 00:00:00'),
(151, 22, '2018-12-24 12:16:14', '0000-00-00 00:00:00'),
(152, 22, '2018-12-24 12:16:24', '0000-00-00 00:00:00'),
(153, 22, '2018-12-24 12:17:48', '0000-00-00 00:00:00'),
(154, 22, '2018-12-24 12:18:06', '0000-00-00 00:00:00'),
(155, 22, '2018-12-24 12:18:19', '0000-00-00 00:00:00'),
(156, 16, '2018-12-26 04:44:19', '0000-00-00 00:00:00'),
(157, 1, '2018-12-26 05:45:41', '0000-00-00 00:00:00'),
(158, 22, '2018-12-26 06:31:55', '0000-00-00 00:00:00'),
(159, 22, '2018-12-26 06:32:19', '0000-00-00 00:00:00'),
(160, 22, '2018-12-26 06:32:28', '0000-00-00 00:00:00'),
(161, 22, '2018-12-26 06:32:42', '0000-00-00 00:00:00'),
(162, 22, '2018-12-26 06:32:44', '0000-00-00 00:00:00'),
(163, 22, '2018-12-26 06:32:46', '0000-00-00 00:00:00'),
(164, 22, '2018-12-26 06:33:59', '0000-00-00 00:00:00'),
(165, 22, '2018-12-26 06:35:01', '0000-00-00 00:00:00'),
(166, 22, '2018-12-26 06:37:17', '0000-00-00 00:00:00'),
(167, 22, '2018-12-26 06:37:35', '0000-00-00 00:00:00'),
(168, 22, '2018-12-26 06:38:57', '0000-00-00 00:00:00'),
(169, 1, '2018-12-26 10:22:59', '0000-00-00 00:00:00'),
(170, 1, '2018-12-26 12:56:32', '0000-00-00 00:00:00'),
(171, 1, '2018-12-27 06:20:37', '0000-00-00 00:00:00'),
(172, 16, '2018-12-27 07:06:20', '0000-00-00 00:00:00'),
(173, 16, '2018-12-27 11:18:30', '0000-00-00 00:00:00'),
(174, 1, '2018-12-27 12:28:43', '0000-00-00 00:00:00'),
(175, 1, '2018-12-27 14:16:15', '0000-00-00 00:00:00'),
(176, 16, '2018-12-27 16:40:29', '0000-00-00 00:00:00'),
(177, 1, '2018-12-28 05:10:37', '0000-00-00 00:00:00'),
(178, 1, '2018-12-28 08:11:07', '0000-00-00 00:00:00'),
(179, 1, '2018-12-28 09:41:22', '0000-00-00 00:00:00'),
(180, 16, '2018-12-28 15:12:15', '0000-00-00 00:00:00'),
(181, 22, '2018-12-29 13:54:42', '2018-12-29 19:24:42'),
(182, 16, '2018-12-29 12:56:25', '0000-00-00 00:00:00'),
(183, 1, '2018-12-31 05:09:46', '0000-00-00 00:00:00'),
(184, 1, '2018-12-31 07:06:54', '0000-00-00 00:00:00'),
(185, 1, '2018-12-31 07:07:09', '0000-00-00 00:00:00'),
(186, 1, '2018-12-31 07:07:17', '0000-00-00 00:00:00'),
(187, 1, '2018-12-31 07:12:37', '0000-00-00 00:00:00'),
(188, 16, '2018-12-31 10:24:09', '0000-00-00 00:00:00'),
(189, 1, '2019-01-02 07:25:16', '0000-00-00 00:00:00'),
(190, 16, '2019-01-02 10:56:25', '0000-00-00 00:00:00'),
(191, 16, '2019-01-02 14:37:49', '0000-00-00 00:00:00'),
(192, 1, '2019-01-03 06:04:15', '0000-00-00 00:00:00'),
(193, 1, '2019-01-04 11:03:50', '0000-00-00 00:00:00'),
(194, 16, '2019-01-04 16:30:36', '0000-00-00 00:00:00'),
(195, 16, '2019-01-05 04:16:57', '0000-00-00 00:00:00'),
(196, 16, '2019-01-08 09:22:24', '0000-00-00 00:00:00'),
(197, 1, '2019-01-18 05:25:26', '0000-00-00 00:00:00'),
(198, 16, '2019-01-18 07:48:15', '0000-00-00 00:00:00'),
(199, 1, '2019-01-18 09:34:00', '0000-00-00 00:00:00'),
(200, 1, '2019-01-18 11:12:38', '0000-00-00 00:00:00'),
(201, 16, '2019-01-19 05:19:45', '0000-00-00 00:00:00'),
(202, 1, '2019-01-21 12:58:25', '0000-00-00 00:00:00'),
(203, 1, '2019-01-24 11:38:58', '0000-00-00 00:00:00'),
(204, 1, '2019-01-25 06:38:00', '0000-00-00 00:00:00'),
(205, 1, '2019-01-31 09:45:48', '0000-00-00 00:00:00'),
(206, 16, '2019-01-31 10:57:07', '0000-00-00 00:00:00'),
(207, 1, '2019-01-31 11:41:40', '0000-00-00 00:00:00'),
(208, 1, '2019-01-31 12:08:09', '0000-00-00 00:00:00'),
(209, 1, '2019-01-31 12:13:26', '0000-00-00 00:00:00'),
(210, 16, '2019-02-01 05:17:26', '0000-00-00 00:00:00'),
(211, 1, '2019-02-01 05:31:09', '0000-00-00 00:00:00'),
(212, 1, '2019-02-01 08:22:27', '0000-00-00 00:00:00'),
(213, 16, '2019-02-01 10:48:48', '0000-00-00 00:00:00'),
(214, 1, '2019-02-01 12:25:19', '0000-00-00 00:00:00'),
(215, 1, '2019-02-01 13:14:53', '0000-00-00 00:00:00'),
(216, 16, '2019-02-02 10:29:01', '0000-00-00 00:00:00'),
(217, 1, '2019-02-02 12:36:32', '0000-00-00 00:00:00'),
(218, 1, '2019-02-02 14:09:18', '0000-00-00 00:00:00'),
(219, 1, '2019-02-04 04:39:50', '0000-00-00 00:00:00'),
(220, 1, '2019-02-04 06:02:17', '0000-00-00 00:00:00'),
(221, 1, '2019-02-04 06:03:46', '0000-00-00 00:00:00'),
(222, 16, '2019-02-05 05:08:20', '0000-00-00 00:00:00'),
(223, 1, '2019-02-05 06:08:17', '0000-00-00 00:00:00'),
(224, 1, '2019-02-05 07:52:44', '0000-00-00 00:00:00'),
(225, 16, '2019-02-05 07:54:29', '0000-00-00 00:00:00'),
(226, 16, '2019-02-06 04:56:37', '0000-00-00 00:00:00'),
(227, 16, '2019-02-07 06:05:18', '0000-00-00 00:00:00'),
(228, 1, '2019-02-07 07:45:30', '0000-00-00 00:00:00'),
(229, 16, '2019-02-08 05:00:01', '0000-00-00 00:00:00'),
(230, 1, '2019-02-08 06:04:38', '0000-00-00 00:00:00'),
(231, 16, '2019-02-11 07:13:34', '0000-00-00 00:00:00'),
(232, 16, '2019-02-12 12:30:25', '0000-00-00 00:00:00'),
(233, 1, '2019-02-13 06:17:34', '0000-00-00 00:00:00'),
(234, 16, '2019-02-13 06:48:03', '0000-00-00 00:00:00'),
(235, 16, '2019-02-13 12:15:30', '0000-00-00 00:00:00'),
(236, 1, '2019-02-13 13:47:52', '0000-00-00 00:00:00'),
(237, 16, '2019-02-14 04:56:26', '0000-00-00 00:00:00'),
(238, 16, '2019-02-14 05:56:53', '0000-00-00 00:00:00'),
(239, 16, '2019-02-14 10:55:29', '0000-00-00 00:00:00'),
(240, 16, '2019-02-14 12:31:01', '0000-00-00 00:00:00'),
(241, 16, '2019-02-14 12:42:23', '0000-00-00 00:00:00'),
(242, 1, '2019-03-01 14:39:01', '0000-00-00 00:00:00'),
(243, 16, '2019-03-14 12:59:19', '0000-00-00 00:00:00'),
(244, 16, '2019-03-14 13:49:23', '0000-00-00 00:00:00'),
(245, 16, '2019-03-15 09:22:06', '0000-00-00 00:00:00'),
(246, 1, '2019-03-15 12:30:10', '0000-00-00 00:00:00'),
(247, 16, '2019-03-15 12:37:16', '0000-00-00 00:00:00'),
(248, 16, '2019-03-15 12:47:11', '0000-00-00 00:00:00'),
(249, 16, '2019-03-15 13:02:28', '0000-00-00 00:00:00'),
(250, 16, '2019-03-19 10:14:26', '0000-00-00 00:00:00'),
(251, 17, '2019-03-19 10:14:31', '0000-00-00 00:00:00'),
(252, 1, '2019-03-21 09:57:54', '0000-00-00 00:00:00'),
(253, 1, '2019-03-21 14:16:02', '0000-00-00 00:00:00'),
(254, 1, '2019-03-22 05:49:40', '0000-00-00 00:00:00'),
(255, 1, '2019-03-22 09:13:03', '0000-00-00 00:00:00'),
(256, 1, '2019-03-23 05:17:54', '0000-00-00 00:00:00'),
(257, 1, '2019-03-23 08:08:14', '0000-00-00 00:00:00'),
(258, 1, '2019-03-23 09:15:06', '0000-00-00 00:00:00'),
(259, 1, '2019-03-23 10:36:51', '0000-00-00 00:00:00'),
(260, 1, '2019-03-28 05:55:39', '0000-00-00 00:00:00'),
(261, 1, '2019-03-28 05:55:45', '0000-00-00 00:00:00'),
(262, 1, '2019-03-28 05:56:26', '0000-00-00 00:00:00'),
(263, 1, '2019-03-28 05:56:51', '0000-00-00 00:00:00'),
(264, 1, '2019-03-28 10:11:08', '0000-00-00 00:00:00'),
(265, 1, '2019-03-28 10:15:29', '0000-00-00 00:00:00'),
(266, 1, '2019-03-28 10:37:30', '0000-00-00 00:00:00'),
(267, 1, '2019-03-28 10:42:17', '0000-00-00 00:00:00'),
(268, 1, '2019-03-28 10:43:18', '0000-00-00 00:00:00'),
(269, 1, '2019-03-28 10:46:56', '0000-00-00 00:00:00'),
(270, 16, '2019-03-28 10:47:39', '0000-00-00 00:00:00'),
(271, 1, '2019-03-28 10:49:54', '0000-00-00 00:00:00'),
(272, 1, '2019-03-28 10:50:04', '0000-00-00 00:00:00'),
(273, 16, '2019-03-28 10:50:33', '0000-00-00 00:00:00'),
(274, 1, '2019-03-28 11:16:50', '0000-00-00 00:00:00'),
(275, 16, '2019-03-28 11:18:48', '0000-00-00 00:00:00'),
(276, 1, '2019-03-28 11:19:48', '0000-00-00 00:00:00'),
(277, 1, '2019-03-28 11:20:38', '0000-00-00 00:00:00'),
(278, 16, '2019-03-28 11:21:21', '0000-00-00 00:00:00'),
(279, 16, '2019-03-28 11:22:41', '0000-00-00 00:00:00'),
(280, 16, '2019-03-28 11:22:56', '0000-00-00 00:00:00'),
(281, 16, '2019-03-28 11:23:09', '0000-00-00 00:00:00'),
(282, 16, '2019-03-28 11:23:46', '0000-00-00 00:00:00'),
(283, 16, '2019-03-28 11:35:12', '0000-00-00 00:00:00'),
(284, 1, '2019-03-28 11:54:44', '0000-00-00 00:00:00'),
(285, 1, '2019-03-28 11:56:05', '0000-00-00 00:00:00'),
(286, 16, '2019-03-28 12:56:44', '0000-00-00 00:00:00'),
(287, 1, '2019-03-28 13:12:02', '0000-00-00 00:00:00'),
(288, 1, '2019-03-29 05:43:52', '0000-00-00 00:00:00'),
(289, 1, '2019-03-29 05:55:15', '0000-00-00 00:00:00'),
(290, 1, '2019-03-29 10:10:43', '0000-00-00 00:00:00'),
(291, 1, '2019-03-29 12:10:16', '0000-00-00 00:00:00'),
(292, 1, '2019-03-29 12:15:42', '0000-00-00 00:00:00'),
(293, 1, '2019-03-29 12:17:57', '0000-00-00 00:00:00'),
(294, 1, '2019-03-29 12:21:42', '0000-00-00 00:00:00'),
(295, 1, '2019-03-29 12:31:56', '0000-00-00 00:00:00'),
(296, 1, '2019-03-29 12:37:12', '0000-00-00 00:00:00'),
(297, 16, '2019-03-29 13:16:02', '2019-03-29 18:46:02'),
(298, 1, '2019-03-30 05:02:28', '0000-00-00 00:00:00'),
(299, 16, '2019-03-30 05:06:20', '0000-00-00 00:00:00'),
(300, 16, '2019-03-30 06:32:32', '0000-00-00 00:00:00'),
(301, 16, '2019-03-30 06:32:40', '0000-00-00 00:00:00'),
(302, 16, '2019-03-30 06:32:47', '0000-00-00 00:00:00'),
(303, 1, '2019-03-30 07:20:39', '0000-00-00 00:00:00'),
(304, 1, '2019-03-30 07:28:49', '0000-00-00 00:00:00'),
(305, 1, '2019-03-30 07:30:47', '0000-00-00 00:00:00'),
(306, 1, '2019-03-30 07:30:53', '0000-00-00 00:00:00'),
(307, 1, '2019-03-30 07:30:58', '0000-00-00 00:00:00'),
(308, 16, '2019-03-30 07:31:43', '0000-00-00 00:00:00'),
(309, 16, '2019-03-30 08:04:38', '0000-00-00 00:00:00'),
(310, 16, '2019-03-30 09:26:44', '0000-00-00 00:00:00'),
(311, 16, '2019-03-30 09:57:33', '0000-00-00 00:00:00'),
(312, 1, '2019-03-30 10:11:41', '0000-00-00 00:00:00'),
(313, 16, '2019-03-30 11:54:21', '0000-00-00 00:00:00'),
(314, 1, '2019-03-30 12:51:33', '0000-00-00 00:00:00'),
(315, 16, '2019-03-30 13:45:21', '0000-00-00 00:00:00'),
(316, 1, '2019-04-01 05:44:08', '0000-00-00 00:00:00'),
(317, 1, '2019-04-01 05:44:12', '0000-00-00 00:00:00'),
(318, 1, '2019-04-01 05:44:35', '0000-00-00 00:00:00'),
(319, 16, '2019-04-02 07:06:32', '0000-00-00 00:00:00'),
(320, 16, '2019-04-02 11:32:24', '0000-00-00 00:00:00'),
(321, 1, '2019-04-02 11:45:04', '0000-00-00 00:00:00'),
(322, 16, '2019-04-03 05:49:40', '0000-00-00 00:00:00'),
(323, 16, '2019-04-03 06:41:45', '0000-00-00 00:00:00'),
(324, 16, '2019-04-03 12:39:19', '0000-00-00 00:00:00'),
(325, 16, '2019-04-03 14:42:07', '0000-00-00 00:00:00'),
(326, 16, '2019-04-03 14:58:48', '0000-00-00 00:00:00'),
(327, 16, '2019-04-03 14:59:03', '0000-00-00 00:00:00'),
(328, 16, '2019-04-03 14:59:04', '0000-00-00 00:00:00'),
(329, 16, '2019-04-03 14:59:14', '0000-00-00 00:00:00'),
(330, 16, '2019-04-03 14:59:20', '0000-00-00 00:00:00'),
(331, 1, '2019-04-03 16:29:11', '0000-00-00 00:00:00'),
(332, 16, '2019-04-04 04:57:27', '0000-00-00 00:00:00'),
(333, 1, '2019-04-04 05:10:39', '0000-00-00 00:00:00'),
(334, 16, '2019-04-04 05:16:16', '0000-00-00 00:00:00'),
(335, 16, '2019-04-04 05:17:30', '0000-00-00 00:00:00'),
(336, 1, '2019-04-04 05:18:15', '0000-00-00 00:00:00'),
(337, 16, '2019-04-04 05:19:21', '0000-00-00 00:00:00'),
(338, 16, '2019-04-04 05:21:14', '0000-00-00 00:00:00'),
(339, 1, '2019-04-04 05:26:15', '0000-00-00 00:00:00'),
(340, 1, '2019-04-04 05:40:13', '2019-04-04 11:10:13'),
(341, 17, '2019-04-04 05:40:20', '0000-00-00 00:00:00'),
(342, 1, '2019-04-04 05:41:25', '0000-00-00 00:00:00'),
(343, 16, '2019-04-04 06:00:34', '0000-00-00 00:00:00'),
(344, 1, '2019-04-04 07:28:12', '0000-00-00 00:00:00'),
(345, 1, '2019-04-04 09:01:42', '0000-00-00 00:00:00'),
(346, 16, '2019-04-05 06:44:03', '0000-00-00 00:00:00'),
(347, 16, '2019-04-05 09:40:39', '0000-00-00 00:00:00'),
(348, 16, '2019-04-05 09:40:46', '0000-00-00 00:00:00'),
(349, 16, '2019-04-05 09:40:58', '0000-00-00 00:00:00'),
(350, 1, '2019-04-05 10:22:56', '0000-00-00 00:00:00'),
(351, 16, '2019-04-05 12:42:49', '0000-00-00 00:00:00'),
(352, 16, '2019-04-05 12:42:57', '0000-00-00 00:00:00'),
(353, 1, '2019-04-05 12:47:21', '0000-00-00 00:00:00'),
(354, 1, '2019-04-05 12:50:01', '0000-00-00 00:00:00'),
(355, 1, '2019-04-05 12:52:50', '0000-00-00 00:00:00'),
(356, 1, '2019-04-05 12:59:11', '0000-00-00 00:00:00'),
(357, 1, '2019-04-05 13:07:14', '2019-04-05 18:37:14'),
(358, 16, '2019-04-05 12:59:25', '0000-00-00 00:00:00'),
(359, 1, '2019-04-05 13:07:58', '2019-04-05 18:37:58'),
(360, 17, '2019-04-05 13:34:40', '2019-04-05 19:04:40'),
(361, 1, '2019-04-05 14:08:16', '2019-04-05 19:38:16'),
(362, 16, '2019-04-05 13:54:56', '0000-00-00 00:00:00'),
(363, 17, '2019-04-05 14:09:02', '2019-04-05 19:39:02'),
(364, 1, '2019-04-05 14:09:47', '2019-04-05 19:39:47'),
(365, 17, '2019-04-05 14:10:22', '2019-04-05 19:40:22'),
(366, 1, '2019-04-05 14:11:53', '2019-04-05 19:41:53'),
(367, 17, '2019-04-05 14:12:24', '2019-04-05 19:42:24'),
(368, 1, '2019-04-05 14:13:43', '2019-04-05 19:43:43'),
(369, 17, '2019-04-05 14:14:49', '2019-04-05 19:44:49'),
(370, 1, '2019-04-05 14:15:20', '2019-04-05 19:45:20'),
(371, 16, '2019-04-05 14:20:05', '0000-00-00 00:00:00'),
(372, 16, '2019-04-05 15:21:26', '0000-00-00 00:00:00'),
(373, 16, '2019-04-06 15:27:56', '0000-00-00 00:00:00'),
(374, 16, '2019-04-08 04:51:20', '0000-00-00 00:00:00'),
(375, 1, '2019-04-08 05:35:10', '0000-00-00 00:00:00'),
(376, 16, '2019-04-08 05:46:54', '0000-00-00 00:00:00'),
(377, 16, '2019-04-08 06:40:48', '0000-00-00 00:00:00'),
(378, 1, '2019-04-08 09:55:50', '0000-00-00 00:00:00'),
(379, 1, '2019-04-08 10:32:17', '0000-00-00 00:00:00'),
(380, 1, '2019-04-08 10:38:35', '2019-04-08 16:08:35'),
(381, 1, '2019-04-08 10:38:41', '0000-00-00 00:00:00'),
(382, 1, '2019-04-08 10:39:28', '0000-00-00 00:00:00'),
(383, 1, '2019-04-08 10:54:28', '0000-00-00 00:00:00'),
(384, 1, '2019-04-08 10:58:42', '0000-00-00 00:00:00'),
(385, 1, '2019-04-08 14:09:27', '0000-00-00 00:00:00'),
(386, 1, '2019-04-08 15:49:16', '0000-00-00 00:00:00'),
(387, 16, '2019-04-09 07:14:04', '0000-00-00 00:00:00'),
(388, 16, '2019-04-09 11:01:45', '0000-00-00 00:00:00'),
(389, 1, '2019-04-10 04:51:43', '2019-04-10 10:21:43'),
(390, 17, '2019-04-10 04:51:47', '0000-00-00 00:00:00'),
(391, 1, '2019-04-10 12:11:27', '0000-00-00 00:00:00'),
(392, 16, '2019-04-10 12:58:47', '0000-00-00 00:00:00'),
(393, 16, '2019-04-11 10:50:24', '0000-00-00 00:00:00'),
(394, 16, '2019-04-11 11:04:44', '0000-00-00 00:00:00'),
(395, 16, '2019-04-11 13:28:32', '0000-00-00 00:00:00'),
(396, 1, '2019-04-11 13:36:31', '0000-00-00 00:00:00'),
(397, 16, '2019-04-12 05:07:43', '0000-00-00 00:00:00'),
(398, 1, '2019-04-12 05:57:20', '2019-04-12 11:27:20'),
(399, 1, '2019-04-12 07:02:09', '0000-00-00 00:00:00'),
(400, 16, '2019-04-12 07:54:46', '0000-00-00 00:00:00'),
(401, 1, '2019-04-12 10:51:52', '0000-00-00 00:00:00'),
(402, 1, '2019-04-12 11:55:52', '0000-00-00 00:00:00'),
(403, 1, '2019-04-12 13:00:43', '2019-04-12 18:30:43'),
(404, 17, '2019-04-12 13:59:20', '2019-04-12 19:29:20'),
(405, 1, '2019-04-12 13:59:27', '0000-00-00 00:00:00'),
(406, 1, '2019-04-15 05:14:59', '0000-00-00 00:00:00'),
(407, 16, '2019-04-15 16:42:46', '0000-00-00 00:00:00'),
(408, 16, '2019-04-16 06:58:34', '0000-00-00 00:00:00'),
(409, 1, '2019-04-16 11:21:35', '0000-00-00 00:00:00'),
(410, 1, '2019-04-17 13:49:17', '0000-00-00 00:00:00'),
(411, 16, '2019-04-22 13:14:04', '0000-00-00 00:00:00'),
(412, 16, '2019-04-23 09:24:32', '0000-00-00 00:00:00'),
(413, 16, '2019-04-23 10:19:09', '0000-00-00 00:00:00'),
(414, 16, '2019-04-23 10:22:55', '0000-00-00 00:00:00'),
(415, 16, '2019-04-25 09:22:59', '0000-00-00 00:00:00'),
(416, 1, '2019-04-26 08:42:38', '0000-00-00 00:00:00'),
(417, 1, '2019-04-26 12:02:26', '0000-00-00 00:00:00'),
(418, 16, '2019-04-27 05:08:00', '0000-00-00 00:00:00'),
(419, 16, '2019-04-27 06:47:04', '0000-00-00 00:00:00'),
(420, 1, '2019-04-27 10:47:14', '0000-00-00 00:00:00'),
(421, 1, '2019-04-27 12:59:46', '2019-04-27 18:29:46'),
(422, 1, '2019-04-29 05:46:51', '0000-00-00 00:00:00'),
(423, 16, '2019-04-29 07:41:29', '0000-00-00 00:00:00'),
(424, 16, '2019-04-29 09:13:29', '0000-00-00 00:00:00'),
(425, 16, '2019-04-29 11:02:55', '0000-00-00 00:00:00'),
(426, 1, '2019-04-29 13:12:44', '0000-00-00 00:00:00'),
(427, 1, '2019-04-30 05:00:53', '0000-00-00 00:00:00'),
(428, 16, '2019-04-30 05:43:19', '0000-00-00 00:00:00'),
(429, 16, '2019-04-30 14:22:45', '0000-00-00 00:00:00'),
(430, 16, '2019-04-30 15:01:19', '0000-00-00 00:00:00'),
(431, 16, '2019-05-02 05:17:29', '0000-00-00 00:00:00'),
(432, 16, '2019-05-02 06:33:24', '0000-00-00 00:00:00'),
(433, 16, '2019-05-02 10:32:03', '2019-05-02 16:02:03'),
(434, 1, '2019-05-02 10:50:20', '2019-05-02 16:20:20'),
(435, 16, '2019-05-03 04:59:04', '0000-00-00 00:00:00'),
(436, 16, '2019-05-03 05:25:48', '0000-00-00 00:00:00'),
(437, 16, '2019-05-03 05:32:03', '0000-00-00 00:00:00'),
(438, 16, '2019-05-03 05:33:47', '0000-00-00 00:00:00'),
(439, 16, '2019-05-03 06:40:04', '0000-00-00 00:00:00'),
(440, 16, '2019-05-03 07:48:25', '0000-00-00 00:00:00'),
(441, 1, '2019-05-03 08:06:00', '0000-00-00 00:00:00'),
(442, 16, '2019-05-03 09:19:37', '0000-00-00 00:00:00'),
(443, 16, '2019-05-03 09:53:56', '0000-00-00 00:00:00'),
(444, 1, '2019-05-03 10:18:53', '0000-00-00 00:00:00'),
(445, 16, '2019-05-03 10:29:35', '0000-00-00 00:00:00'),
(446, 16, '2019-05-03 10:49:13', '0000-00-00 00:00:00'),
(447, 16, '2019-05-03 11:03:19', '0000-00-00 00:00:00'),
(448, 16, '2019-05-03 11:25:48', '0000-00-00 00:00:00'),
(449, 16, '2019-05-03 12:38:47', '0000-00-00 00:00:00'),
(450, 16, '2019-05-03 13:31:59', '0000-00-00 00:00:00'),
(451, 16, '2019-05-04 04:45:16', '0000-00-00 00:00:00'),
(452, 16, '2019-05-04 07:03:05', '0000-00-00 00:00:00'),
(453, 1, '2019-05-04 08:01:13', '0000-00-00 00:00:00'),
(454, 16, '2019-05-04 10:02:38', '0000-00-00 00:00:00'),
(455, 16, '2019-05-04 12:05:06', '0000-00-00 00:00:00'),
(456, 16, '2019-05-04 12:11:25', '0000-00-00 00:00:00'),
(457, 16, '2019-05-04 13:42:33', '0000-00-00 00:00:00'),
(458, 16, '2019-05-04 14:13:36', '0000-00-00 00:00:00'),
(459, 16, '2019-05-04 14:16:16', '0000-00-00 00:00:00'),
(460, 1, '2019-05-07 06:02:06', '0000-00-00 00:00:00'),
(461, 16, '2019-05-07 06:17:28', '0000-00-00 00:00:00'),
(462, 16, '2019-05-07 09:38:48', '0000-00-00 00:00:00'),
(463, 1, '2019-05-07 10:21:00', '0000-00-00 00:00:00'),
(464, 1, '2019-05-07 10:31:07', '0000-00-00 00:00:00'),
(465, 1, '2019-05-07 10:34:21', '0000-00-00 00:00:00'),
(466, 1, '2019-05-07 10:36:24', '0000-00-00 00:00:00'),
(467, 17, '2019-05-07 10:37:09', '2019-05-07 16:07:09'),
(468, 1, '2019-05-07 10:37:51', '2019-05-07 16:07:51'),
(469, 17, '2019-05-07 10:37:58', '0000-00-00 00:00:00'),
(470, 16, '2019-05-07 12:01:29', '0000-00-00 00:00:00'),
(471, 16, '2019-05-07 12:01:34', '0000-00-00 00:00:00'),
(472, 1, '2019-05-07 12:07:47', '0000-00-00 00:00:00'),
(473, 1, '2019-05-07 12:22:46', '0000-00-00 00:00:00'),
(474, 16, '2019-05-07 12:37:22', '0000-00-00 00:00:00'),
(475, 16, '2019-05-08 06:23:19', '0000-00-00 00:00:00'),
(476, 1, '2019-05-08 07:36:24', '0000-00-00 00:00:00'),
(477, 16, '2019-05-08 09:49:14', '0000-00-00 00:00:00'),
(478, 16, '2019-05-08 11:05:31', '0000-00-00 00:00:00'),
(479, 16, '2019-05-08 12:59:22', '0000-00-00 00:00:00'),
(480, 16, '2019-05-08 13:48:40', '0000-00-00 00:00:00'),
(481, 16, '2019-05-08 13:48:40', '0000-00-00 00:00:00'),
(482, 1, '2019-05-09 04:50:28', '0000-00-00 00:00:00'),
(483, 16, '2019-05-09 04:51:17', '0000-00-00 00:00:00'),
(484, 16, '2019-05-09 07:35:26', '0000-00-00 00:00:00'),
(485, 1, '2019-05-09 09:23:07', '0000-00-00 00:00:00'),
(486, 16, '2019-05-09 09:57:36', '0000-00-00 00:00:00'),
(487, 16, '2019-05-09 10:49:26', '0000-00-00 00:00:00'),
(488, 1, '2019-05-10 07:51:45', '0000-00-00 00:00:00'),
(489, 1, '2019-05-10 08:11:21', '2019-05-10 13:41:21'),
(490, 1, '2019-05-10 09:21:49', '0000-00-00 00:00:00'),
(491, 17, '2019-05-10 09:21:54', '0000-00-00 00:00:00'),
(492, 1, '2019-05-10 09:30:47', '0000-00-00 00:00:00'),
(493, 1, '2019-05-10 09:31:24', '0000-00-00 00:00:00'),
(494, 1, '2019-05-10 09:40:37', '0000-00-00 00:00:00'),
(495, 1, '2019-05-10 09:44:01', '0000-00-00 00:00:00'),
(496, 16, '2019-05-10 09:51:24', '2019-05-10 15:21:24'),
(497, 16, '2019-05-10 09:52:50', '2019-05-10 15:22:50'),
(498, 16, '2019-05-10 10:03:32', '0000-00-00 00:00:00'),
(499, 17, '2019-05-10 10:34:27', '0000-00-00 00:00:00'),
(500, 1, '2019-05-10 11:13:55', '0000-00-00 00:00:00'),
(501, 1, '2019-05-10 11:38:47', '0000-00-00 00:00:00'),
(502, 1, '2019-05-10 12:36:06', '0000-00-00 00:00:00'),
(503, 1, '2019-05-10 13:45:08', '0000-00-00 00:00:00'),
(504, 1, '2019-05-10 13:48:55', '0000-00-00 00:00:00'),
(505, 1, '2019-05-10 14:17:33', '0000-00-00 00:00:00'),
(506, 17, '2019-05-11 06:36:47', '0000-00-00 00:00:00'),
(507, 1, '2019-05-13 06:10:18', '0000-00-00 00:00:00'),
(508, 1, '2019-05-13 06:20:15', '0000-00-00 00:00:00'),
(509, 1, '2019-05-13 06:23:12', '0000-00-00 00:00:00'),
(510, 1, '2019-05-13 06:32:19', '0000-00-00 00:00:00'),
(511, 1, '2019-05-13 08:02:14', '0000-00-00 00:00:00'),
(512, 1, '2019-05-13 09:48:23', '0000-00-00 00:00:00'),
(513, 1, '2019-05-13 11:18:13', '0000-00-00 00:00:00'),
(514, 1, '2019-05-13 13:35:44', '2019-05-13 19:05:44'),
(515, 17, '2019-05-13 13:36:24', '2019-05-13 19:06:24'),
(516, 1, '2019-05-13 13:36:42', '0000-00-00 00:00:00'),
(517, 1, '2019-05-13 15:00:35', '0000-00-00 00:00:00'),
(518, 1, '2019-05-14 04:28:03', '0000-00-00 00:00:00'),
(519, 17, '2019-05-14 04:29:36', '0000-00-00 00:00:00'),
(520, 17, '2019-05-14 06:32:00', '0000-00-00 00:00:00'),
(521, 24, '2019-05-14 11:32:29', '0000-00-00 00:00:00'),
(522, 1, '2019-05-14 11:34:52', '2019-05-14 17:04:52'),
(523, 24, '2019-05-14 11:35:01', '0000-00-00 00:00:00'),
(524, 24, '2019-05-14 11:47:09', '0000-00-00 00:00:00'),
(525, 17, '2019-05-15 06:44:04', '0000-00-00 00:00:00'),
(526, 17, '2019-05-15 09:12:58', '0000-00-00 00:00:00'),
(527, 17, '2019-05-15 11:24:12', '0000-00-00 00:00:00'),
(528, 17, '2019-05-15 11:32:35', '0000-00-00 00:00:00'),
(529, 17, '2019-05-15 11:37:55', '0000-00-00 00:00:00'),
(530, 17, '2019-05-15 13:21:36', '0000-00-00 00:00:00'),
(531, 1, '2019-05-15 13:22:14', '0000-00-00 00:00:00'),
(532, 1, '2019-05-15 14:07:05', '0000-00-00 00:00:00'),
(533, 17, '2019-05-18 04:58:21', '0000-00-00 00:00:00'),
(534, 17, '2019-05-18 05:37:44', '0000-00-00 00:00:00'),
(535, 17, '2019-05-18 07:52:55', '0000-00-00 00:00:00'),
(536, 17, '2019-05-18 09:13:27', '0000-00-00 00:00:00'),
(537, 17, '2019-05-18 11:02:10', '0000-00-00 00:00:00'),
(538, 17, '2019-05-20 04:33:12', '0000-00-00 00:00:00'),
(539, 1, '2019-05-20 05:15:45', '0000-00-00 00:00:00'),
(540, 1, '2019-05-20 08:14:17', '0000-00-00 00:00:00'),
(541, 1, '2019-05-20 09:52:49', '0000-00-00 00:00:00'),
(542, 24, '2019-05-20 11:52:13', '0000-00-00 00:00:00'),
(543, 24, '2019-05-20 12:36:09', '0000-00-00 00:00:00'),
(544, 1, '2019-05-20 12:57:46', '0000-00-00 00:00:00'),
(545, 1, '2019-05-20 13:30:56', '0000-00-00 00:00:00'),
(546, 1, '2019-05-20 13:45:49', '0000-00-00 00:00:00'),
(547, 17, '2019-05-21 11:10:57', '0000-00-00 00:00:00'),
(548, 1, '2019-05-21 11:11:26', '0000-00-00 00:00:00'),
(549, 24, '2019-05-21 11:17:37', '2019-05-21 16:47:37'),
(550, 1, '2019-05-21 11:14:59', '0000-00-00 00:00:00'),
(551, 17, '2019-05-21 11:28:39', '0000-00-00 00:00:00'),
(552, 17, '2019-05-21 13:00:19', '0000-00-00 00:00:00'),
(553, 17, '2019-05-22 04:21:01', '0000-00-00 00:00:00'),
(554, 1, '2019-05-22 05:17:54', '2019-05-22 10:47:54'),
(555, 17, '2019-05-22 07:13:50', '0000-00-00 00:00:00'),
(556, 1, '2019-05-22 07:18:09', '0000-00-00 00:00:00'),
(557, 1, '2019-05-22 07:26:57', '0000-00-00 00:00:00'),
(558, 17, '2019-05-22 09:19:57', '0000-00-00 00:00:00'),
(559, 1, '2019-05-22 09:24:25', '0000-00-00 00:00:00'),
(560, 17, '2019-05-22 10:33:50', '0000-00-00 00:00:00'),
(561, 17, '2019-05-22 12:13:48', '0000-00-00 00:00:00'),
(562, 17, '2019-05-23 06:28:56', '0000-00-00 00:00:00'),
(563, 1, '2019-05-23 11:19:07', '0000-00-00 00:00:00'),
(564, 17, '2019-05-23 12:41:00', '0000-00-00 00:00:00'),
(565, 17, '2019-05-25 04:42:15', '0000-00-00 00:00:00'),
(566, 17, '2019-05-25 06:18:03', '0000-00-00 00:00:00'),
(567, 17, '2019-05-25 07:18:17', '0000-00-00 00:00:00'),
(568, 17, '2019-05-25 09:03:58', '0000-00-00 00:00:00'),
(569, 17, '2019-05-25 10:00:09', '2019-05-25 15:30:09'),
(570, 17, '2019-05-25 10:02:52', '2019-05-25 15:32:52'),
(571, 17, '2019-05-25 10:03:07', '0000-00-00 00:00:00'),
(572, 17, '2019-05-25 13:21:08', '0000-00-00 00:00:00'),
(573, 1, '2019-05-27 06:28:52', '0000-00-00 00:00:00'),
(574, 17, '2019-05-28 09:17:17', '0000-00-00 00:00:00'),
(575, 17, '2019-05-29 04:57:07', '0000-00-00 00:00:00'),
(576, 17, '2019-05-30 10:21:25', '0000-00-00 00:00:00'),
(577, 17, '2019-05-30 13:27:25', '0000-00-00 00:00:00'),
(578, 17, '2019-05-30 13:55:03', '0000-00-00 00:00:00'),
(579, 17, '2019-05-31 05:15:58', '0000-00-00 00:00:00'),
(580, 1, '2019-05-31 06:25:55', '0000-00-00 00:00:00'),
(581, 17, '2019-05-31 11:18:21', '0000-00-00 00:00:00'),
(582, 17, '2019-05-31 13:00:22', '0000-00-00 00:00:00'),
(583, 1, '2019-06-01 06:09:57', '0000-00-00 00:00:00'),
(584, 17, '2019-06-01 13:48:12', '0000-00-00 00:00:00'),
(585, 17, '2019-06-03 04:29:27', '0000-00-00 00:00:00'),
(586, 17, '2019-06-03 09:55:18', '0000-00-00 00:00:00'),
(587, 17, '2019-06-04 07:41:59', '0000-00-00 00:00:00'),
(588, 17, '2019-06-05 09:07:30', '0000-00-00 00:00:00'),
(589, 1, '2019-06-06 05:43:08', '0000-00-00 00:00:00'),
(590, 1, '2019-06-06 06:39:46', '0000-00-00 00:00:00'),
(591, 1, '2019-06-07 06:50:10', '0000-00-00 00:00:00'),
(592, 1, '2019-06-07 12:27:15', '0000-00-00 00:00:00'),
(593, 1, '2019-06-07 13:17:43', '0000-00-00 00:00:00'),
(594, 1, '2019-06-07 13:19:03', '2019-06-07 18:49:03'),
(595, 1, '2019-06-07 13:19:15', '0000-00-00 00:00:00'),
(596, 1, '2019-06-07 13:19:26', '0000-00-00 00:00:00'),
(597, 1, '2019-06-07 13:19:26', '0000-00-00 00:00:00'),
(598, 1, '2019-06-07 13:19:26', '0000-00-00 00:00:00'),
(599, 1, '2019-06-07 13:19:26', '0000-00-00 00:00:00'),
(600, 1, '2019-06-07 13:19:26', '0000-00-00 00:00:00'),
(601, 1, '2019-06-07 13:30:07', '0000-00-00 00:00:00'),
(602, 1, '2019-06-07 14:03:12', '0000-00-00 00:00:00'),
(603, 1, '2019-06-07 14:14:37', '0000-00-00 00:00:00'),
(604, 17, '2019-06-08 06:44:28', '0000-00-00 00:00:00'),
(605, 17, '2019-06-10 05:30:43', '0000-00-00 00:00:00'),
(606, 17, '2019-06-10 05:48:13', '0000-00-00 00:00:00'),
(607, 17, '2019-06-10 07:03:37', '0000-00-00 00:00:00'),
(608, 17, '2019-06-10 07:49:24', '0000-00-00 00:00:00'),
(609, 17, '2019-06-10 09:08:26', '0000-00-00 00:00:00'),
(610, 1, '2019-06-10 11:14:12', '0000-00-00 00:00:00'),
(611, 17, '2019-06-11 06:51:14', '0000-00-00 00:00:00'),
(612, 17, '2019-06-11 09:44:07', '0000-00-00 00:00:00'),
(613, 17, '2019-06-13 05:04:50', '0000-00-00 00:00:00'),
(614, 17, '2019-06-13 05:40:35', '0000-00-00 00:00:00'),
(615, 17, '2019-06-13 06:37:30', '0000-00-00 00:00:00'),
(616, 17, '2019-06-13 09:27:05', '0000-00-00 00:00:00'),
(617, 17, '2019-06-13 11:14:59', '0000-00-00 00:00:00'),
(618, 17, '2019-06-13 13:11:41', '0000-00-00 00:00:00'),
(619, 17, '2019-06-14 04:20:12', '0000-00-00 00:00:00'),
(620, 17, '2019-06-14 05:29:10', '0000-00-00 00:00:00'),
(621, 17, '2019-06-14 07:26:23', '0000-00-00 00:00:00'),
(622, 1, '2019-06-14 07:28:47', '0000-00-00 00:00:00'),
(623, 17, '2019-06-14 07:59:39', '0000-00-00 00:00:00'),
(624, 1, '2019-06-14 09:30:07', '0000-00-00 00:00:00'),
(625, 17, '2019-06-14 09:58:25', '0000-00-00 00:00:00'),
(626, 17, '2019-06-14 10:21:31', '0000-00-00 00:00:00'),
(627, 17, '2019-06-15 04:35:31', '0000-00-00 00:00:00'),
(628, 17, '2019-06-15 10:34:38', '0000-00-00 00:00:00'),
(629, 17, '2019-06-17 06:12:46', '0000-00-00 00:00:00'),
(630, 1, '2019-06-17 06:31:29', '0000-00-00 00:00:00'),
(631, 1, '2019-06-19 09:10:29', '0000-00-00 00:00:00'),
(632, 1, '2019-06-19 09:32:19', '0000-00-00 00:00:00'),
(633, 1, '2019-06-19 09:42:32', '0000-00-00 00:00:00'),
(634, 17, '2019-06-19 09:55:59', '0000-00-00 00:00:00'),
(635, 1, '2019-06-19 10:03:03', '0000-00-00 00:00:00'),
(636, 17, '2019-06-20 04:42:04', '0000-00-00 00:00:00'),
(637, 17, '2019-06-20 05:40:38', '0000-00-00 00:00:00'),
(638, 17, '2019-06-20 07:58:34', '0000-00-00 00:00:00'),
(639, 17, '2019-06-24 04:27:39', '0000-00-00 00:00:00'),
(640, 17, '2019-06-27 09:17:28', '0000-00-00 00:00:00'),
(641, 17, '2019-06-29 07:39:04', '0000-00-00 00:00:00'),
(642, 17, '2019-07-01 04:31:57', '0000-00-00 00:00:00'),
(643, 17, '2019-07-01 07:59:41', '0000-00-00 00:00:00'),
(644, 17, '2019-07-01 09:00:14', '0000-00-00 00:00:00'),
(645, 17, '2019-07-02 04:31:36', '0000-00-00 00:00:00'),
(646, 17, '2019-07-02 06:14:45', '0000-00-00 00:00:00'),
(647, 17, '2019-07-03 04:14:51', '0000-00-00 00:00:00'),
(648, 24, '2019-07-03 06:47:25', '2019-07-03 12:17:25'),
(649, 17, '2019-07-03 07:35:55', '0000-00-00 00:00:00'),
(650, 1, '2019-07-05 10:31:59', '0000-00-00 00:00:00'),
(651, 1, '2019-07-23 10:40:25', '0000-00-00 00:00:00'),
(652, 17, '2019-08-19 09:49:49', '0000-00-00 00:00:00'),
(653, 17, '2019-08-21 12:48:45', '0000-00-00 00:00:00'),
(654, 1, '2019-08-22 05:16:30', '0000-00-00 00:00:00'),
(655, 1, '2019-08-22 06:56:08', '0000-00-00 00:00:00'),
(656, 17, '2019-08-22 07:00:33', '0000-00-00 00:00:00'),
(657, 17, '2019-08-22 09:26:59', '0000-00-00 00:00:00'),
(658, 17, '2019-08-22 10:51:30', '0000-00-00 00:00:00'),
(659, 17, '2019-08-23 06:00:23', '2019-08-23 11:30:23'),
(660, 17, '2019-08-29 04:17:09', '2019-08-29 09:47:09'),
(661, 17, '2019-08-29 07:04:22', '2019-08-29 12:34:22'),
(662, 1, '2019-08-29 13:06:59', '0000-00-00 00:00:00'),
(663, 24, '2019-08-29 13:08:20', '0000-00-00 00:00:00'),
(664, 24, '2019-08-30 11:29:02', '0000-00-00 00:00:00'),
(665, 17, '2019-08-31 05:49:27', '0000-00-00 00:00:00'),
(666, 17, '2019-08-31 09:35:13', '2019-08-31 15:05:13'),
(667, 17, '2019-08-31 13:34:20', '2019-08-31 19:04:20'),
(668, 17, '2019-09-04 04:41:46', '0000-00-00 00:00:00'),
(669, 17, '2019-09-04 06:38:26', '2019-09-04 12:08:26'),
(670, 1, '2019-09-05 06:09:07', '0000-00-00 00:00:00'),
(671, 1, '2019-09-05 06:09:49', '0000-00-00 00:00:00'),
(672, 1, '2019-09-05 07:09:11', '2019-09-05 12:39:11'),
(673, 25, '2019-09-05 07:19:01', '2019-09-05 12:49:01'),
(674, 1, '2019-09-05 07:19:10', '0000-00-00 00:00:00'),
(675, 1, '2019-09-17 13:48:46', '0000-00-00 00:00:00'),
(676, 1, '2019-09-18 06:06:18', '0000-00-00 00:00:00'),
(677, 1, '2019-09-18 06:21:50', '0000-00-00 00:00:00'),
(678, 1, '2019-09-18 06:33:09', '0000-00-00 00:00:00'),
(679, 1, '2019-09-18 06:35:28', '0000-00-00 00:00:00'),
(680, 17, '2019-09-18 06:48:28', '0000-00-00 00:00:00'),
(681, 1, '2019-09-18 06:55:32', '0000-00-00 00:00:00'),
(682, 1, '2019-09-18 08:14:54', '0000-00-00 00:00:00'),
(683, 17, '2019-09-18 10:48:02', '0000-00-00 00:00:00'),
(684, 17, '2019-09-18 10:48:08', '0000-00-00 00:00:00'),
(685, 17, '2019-09-18 10:53:06', '0000-00-00 00:00:00'),
(686, 17, '2019-09-18 11:19:49', '0000-00-00 00:00:00'),
(687, 1, '2019-09-18 13:21:14', '0000-00-00 00:00:00'),
(688, 17, '2019-09-19 06:06:03', '0000-00-00 00:00:00'),
(689, 17, '2019-09-20 08:49:32', '0000-00-00 00:00:00'),
(690, 17, '2019-09-20 10:06:28', '0000-00-00 00:00:00'),
(691, 17, '2019-09-20 10:37:32', '0000-00-00 00:00:00'),
(692, 17, '2019-09-23 17:11:51', '0000-00-00 00:00:00'),
(693, 17, '2019-09-23 19:00:54', '0000-00-00 00:00:00'),
(694, 17, '2019-09-23 20:30:33', '2019-09-24 02:00:33'),
(695, 17, '2019-09-24 09:59:57', '0000-00-00 00:00:00'),
(696, 24, '2019-09-24 10:30:38', '2019-09-24 16:00:38'),
(697, 24, '2019-09-24 10:43:49', '0000-00-00 00:00:00'),
(698, 17, '2019-09-24 11:26:28', '2019-09-24 16:56:28'),
(699, 26, '2019-09-24 11:29:07', '0000-00-00 00:00:00'),
(700, 24, '2019-09-24 11:52:04', '0000-00-00 00:00:00'),
(701, 26, '2019-09-25 06:14:15', '2019-09-25 11:44:15'),
(702, 1, '2019-09-25 07:41:12', '0000-00-00 00:00:00'),
(703, 1, '2019-09-26 07:09:18', '0000-00-00 00:00:00'),
(704, 1, '2019-09-26 07:22:28', '0000-00-00 00:00:00'),
(705, 1, '2019-09-26 07:32:45', '0000-00-00 00:00:00'),
(706, 26, '2019-09-26 10:46:16', '0000-00-00 00:00:00'),
(707, 26, '2019-09-26 10:47:18', '0000-00-00 00:00:00'),
(708, 26, '2019-09-27 20:04:30', '0000-00-00 00:00:00'),
(709, 1, '2019-09-28 07:22:39', '0000-00-00 00:00:00'),
(710, 1, '2019-09-28 10:15:13', '0000-00-00 00:00:00'),
(711, 1, '2019-09-30 05:08:59', '0000-00-00 00:00:00'),
(712, 1, '2019-09-30 07:10:24', '0000-00-00 00:00:00'),
(713, 17, '2019-09-30 07:28:26', '0000-00-00 00:00:00'),
(714, 17, '2019-09-30 07:46:15', '0000-00-00 00:00:00'),
(715, 17, '2019-09-30 08:24:32', '0000-00-00 00:00:00'),
(716, 26, '2019-09-30 08:45:26', '0000-00-00 00:00:00'),
(717, 17, '2019-09-30 09:37:10', '0000-00-00 00:00:00'),
(718, 1, '2019-09-30 10:03:54', '0000-00-00 00:00:00'),
(719, 26, '2019-09-30 11:51:36', '0000-00-00 00:00:00'),
(720, 17, '2019-09-30 12:03:43', '0000-00-00 00:00:00'),
(721, 26, '2019-09-30 13:33:18', '0000-00-00 00:00:00'),
(722, 26, '2019-09-30 19:34:10', '0000-00-00 00:00:00'),
(723, 1, '2019-10-01 05:07:32', '0000-00-00 00:00:00'),
(724, 17, '2019-10-02 05:46:32', '0000-00-00 00:00:00'),
(725, 17, '2019-10-02 06:16:06', '0000-00-00 00:00:00'),
(726, 17, '2019-10-02 10:43:00', '0000-00-00 00:00:00'),
(727, 26, '2019-10-02 11:46:47', '0000-00-00 00:00:00'),
(728, 17, '2019-10-03 04:36:29', '0000-00-00 00:00:00'),
(729, 26, '2019-10-03 08:43:23', '0000-00-00 00:00:00'),
(730, 26, '2019-10-03 10:12:21', '0000-00-00 00:00:00'),
(731, 24, '2019-10-03 10:37:28', '0000-00-00 00:00:00'),
(732, 26, '2019-10-03 11:00:10', '0000-00-00 00:00:00'),
(733, 17, '2019-10-03 13:21:24', '0000-00-00 00:00:00'),
(734, 17, '2019-10-04 05:54:02', '0000-00-00 00:00:00'),
(735, 17, '2019-10-04 13:23:17', '0000-00-00 00:00:00'),
(736, 26, '2019-10-04 20:02:22', '2019-10-05 01:32:22'),
(737, 26, '2019-10-04 20:05:14', '2019-10-05 01:35:14'),
(738, 17, '2019-10-08 05:11:19', '2019-10-08 10:41:19'),
(739, 17, '2019-10-11 13:03:46', '0000-00-00 00:00:00'),
(740, 26, '2019-10-13 18:57:53', '0000-00-00 00:00:00'),
(741, 1, '2019-10-14 10:11:26', '0000-00-00 00:00:00'),
(742, 1, '2019-10-14 10:40:51', '0000-00-00 00:00:00'),
(743, 17, '2019-10-15 05:44:52', '0000-00-00 00:00:00'),
(744, 1, '2019-10-15 12:56:21', '0000-00-00 00:00:00'),
(745, 1, '2019-10-15 14:12:30', '0000-00-00 00:00:00'),
(746, 26, '2019-10-15 19:01:58', '2019-10-16 00:31:58'),
(747, 1, '2019-10-16 05:37:33', '0000-00-00 00:00:00'),
(748, 1, '2019-10-16 11:11:26', '0000-00-00 00:00:00'),
(749, 1, '2019-10-16 11:22:35', '0000-00-00 00:00:00'),
(750, 17, '2019-10-17 04:54:53', '2019-10-17 10:24:53'),
(751, 1, '2019-10-18 07:29:05', '0000-00-00 00:00:00'),
(752, 1, '2019-10-18 09:53:56', '0000-00-00 00:00:00'),
(753, 1, '2019-10-18 12:11:27', '2019-10-18 17:41:27'),
(754, 1, '2019-10-18 12:11:30', '0000-00-00 00:00:00'),
(755, 1, '2019-10-18 12:15:21', '0000-00-00 00:00:00'),
(756, 26, '2019-10-18 18:56:13', '0000-00-00 00:00:00'),
(757, 26, '2019-10-18 20:34:58', '0000-00-00 00:00:00'),
(758, 26, '2019-10-19 06:26:56', '0000-00-00 00:00:00'),
(759, 1, '2019-10-21 07:53:13', '0000-00-00 00:00:00'),
(760, 1, '2019-10-21 11:42:47', '0000-00-00 00:00:00'),
(761, 1, '2019-10-21 13:26:06', '0000-00-00 00:00:00'),
(762, 26, '2019-10-24 09:08:03', '2019-10-24 14:38:03'),
(763, 17, '2019-10-24 09:01:49', '0000-00-00 00:00:00'),
(764, 26, '2019-10-24 09:08:06', '0000-00-00 00:00:00'),
(765, 26, '2019-10-24 10:23:23', '0000-00-00 00:00:00'),
(766, 26, '2019-10-24 11:26:08', '0000-00-00 00:00:00'),
(767, 26, '2019-10-24 11:26:32', '0000-00-00 00:00:00'),
(768, 17, '2019-10-24 11:39:13', '0000-00-00 00:00:00'),
(769, 26, '2019-10-24 13:11:48', '0000-00-00 00:00:00'),
(770, 17, '2019-10-24 13:40:38', '0000-00-00 00:00:00'),
(771, 1, '2019-10-24 13:42:03', '0000-00-00 00:00:00'),
(772, 17, '2019-10-24 14:42:43', '0000-00-00 00:00:00'),
(773, 26, '2019-10-24 20:58:27', '0000-00-00 00:00:00'),
(774, 17, '2019-10-25 04:22:44', '0000-00-00 00:00:00'),
(775, 1, '2019-10-25 05:03:57', '0000-00-00 00:00:00'),
(776, 1, '2019-10-25 05:07:51', '0000-00-00 00:00:00'),
(777, 1, '2019-10-25 05:10:12', '0000-00-00 00:00:00'),
(778, 1, '2019-10-25 07:11:19', '0000-00-00 00:00:00'),
(779, 26, '2019-10-25 10:59:59', '0000-00-00 00:00:00'),
(780, 17, '2019-10-25 11:05:45', '0000-00-00 00:00:00'),
(781, 26, '2019-10-25 12:39:37', '0000-00-00 00:00:00'),
(782, 1, '2019-10-25 12:42:54', '0000-00-00 00:00:00'),
(783, 26, '2019-10-25 13:51:39', '2019-10-25 19:21:39'),
(784, 26, '2019-10-25 13:58:21', '2019-10-25 19:28:21'),
(785, 26, '2019-10-29 13:02:41', '0000-00-00 00:00:00'),
(786, 26, '2019-10-29 18:56:25', '0000-00-00 00:00:00'),
(787, 26, '2019-10-30 21:03:36', '0000-00-00 00:00:00'),
(788, 26, '2019-10-30 22:17:37', '2019-10-31 03:47:37'),
(789, 26, '2019-10-30 22:24:57', '2019-10-31 03:54:57'),
(790, 17, '2019-10-31 04:45:04', '0000-00-00 00:00:00'),
(791, 17, '2019-10-31 05:44:19', '0000-00-00 00:00:00'),
(792, 26, '2019-10-31 07:11:55', '0000-00-00 00:00:00'),
(793, 17, '2019-10-31 08:00:42', '0000-00-00 00:00:00'),
(794, 1, '2019-11-01 10:06:38', '0000-00-00 00:00:00'),
(795, 26, '2019-11-04 20:22:24', '2019-11-05 01:52:24'),
(796, 26, '2019-11-13 19:08:05', '0000-00-00 00:00:00'),
(797, 26, '2019-11-22 05:42:09', '0000-00-00 00:00:00'),
(798, 1, '2019-11-28 06:15:36', '0000-00-00 00:00:00'),
(799, 26, '2019-11-28 10:12:41', '0000-00-00 00:00:00'),
(800, 17, '2019-11-29 07:43:54', '0000-00-00 00:00:00'),
(801, 1, '2019-12-05 13:25:10', '0000-00-00 00:00:00'),
(802, 17, '2019-12-10 07:58:20', '0000-00-00 00:00:00'),
(803, 1, '2019-12-11 12:07:18', '2019-12-11 17:37:18'),
(804, 1, '2019-12-11 12:09:04', '0000-00-00 00:00:00'),
(805, 1, '2019-12-11 14:14:40', '0000-00-00 00:00:00'),
(806, 1, '2019-12-12 04:48:06', '0000-00-00 00:00:00'),
(807, 1, '2019-12-13 09:50:09', '0000-00-00 00:00:00'),
(808, 17, '2019-12-16 11:11:37', '0000-00-00 00:00:00'),
(809, 26, '2019-12-16 11:14:20', '0000-00-00 00:00:00'),
(810, 26, '2019-12-16 11:15:35', '0000-00-00 00:00:00'),
(811, 1, '2019-12-17 05:04:22', '0000-00-00 00:00:00'),
(812, 1, '2019-12-17 05:15:39', '0000-00-00 00:00:00'),
(813, 1, '2019-12-17 14:54:26', '0000-00-00 00:00:00'),
(814, 1, '2019-12-19 06:24:32', '0000-00-00 00:00:00'),
(815, 1, '2019-12-19 07:19:25', '0000-00-00 00:00:00'),
(816, 1, '2019-12-20 07:45:18', '2019-12-20 13:15:18'),
(817, 26, '2019-12-20 21:21:53', '0000-00-00 00:00:00'),
(818, 26, '2019-12-21 11:38:31', '2019-12-21 17:08:31'),
(819, 17, '2019-12-21 12:24:52', '0000-00-00 00:00:00'),
(820, 26, '2019-12-23 18:34:38', '0000-00-00 00:00:00'),
(821, 26, '2019-12-23 20:26:21', '2019-12-24 01:56:21'),
(822, 17, '2019-12-27 05:31:10', '0000-00-00 00:00:00'),
(823, 17, '2020-01-06 11:33:48', '0000-00-00 00:00:00'),
(824, 26, '2020-01-07 11:21:16', '0000-00-00 00:00:00'),
(825, 17, '2020-01-07 11:58:45', '0000-00-00 00:00:00'),
(826, 26, '2020-01-07 12:06:50', '0000-00-00 00:00:00'),
(827, 1, '2020-01-08 06:56:27', '0000-00-00 00:00:00'),
(828, 26, '2020-01-08 07:10:22', '2020-01-08 12:40:22'),
(829, 17, '2020-01-08 10:46:46', '0000-00-00 00:00:00'),
(830, 26, '2020-01-14 05:10:05', '2020-01-14 10:40:05'),
(831, 26, '2020-01-14 09:25:55', '2020-01-14 14:55:55'),
(832, 26, '2020-01-14 10:08:27', '0000-00-00 00:00:00'),
(833, 26, '2020-01-16 19:07:28', '2020-01-17 00:37:28'),
(834, 17, '2020-01-17 04:48:23', '0000-00-00 00:00:00'),
(835, 17, '2020-01-17 05:04:56', '0000-00-00 00:00:00'),
(836, 17, '2020-01-17 06:34:33', '0000-00-00 00:00:00'),
(837, 26, '2020-01-22 20:01:25', '2020-01-23 01:31:25'),
(838, 26, '2020-01-25 07:16:44', '0000-00-00 00:00:00'),
(839, 26, '2020-01-25 07:20:13', '0000-00-00 00:00:00'),
(840, 17, '2020-01-25 10:31:09', '0000-00-00 00:00:00'),
(841, 17, '2020-01-25 11:32:50', '0000-00-00 00:00:00'),
(842, 17, '2020-02-10 04:47:05', '0000-00-00 00:00:00'),
(843, 17, '2020-02-11 04:23:44', '0000-00-00 00:00:00'),
(844, 17, '2020-02-11 05:19:09', '0000-00-00 00:00:00'),
(845, 26, '2020-02-12 08:07:45', '0000-00-00 00:00:00'),
(846, 17, '2020-02-12 08:13:45', '0000-00-00 00:00:00'),
(847, 17, '2020-02-12 09:04:46', '0000-00-00 00:00:00'),
(848, 26, '2020-02-12 09:28:38', '0000-00-00 00:00:00'),
(849, 17, '2020-02-12 10:13:43', '0000-00-00 00:00:00'),
(850, 26, '2020-02-12 15:43:49', '2020-02-12 21:13:49'),
(851, 26, '2020-02-12 15:44:19', '0000-00-00 00:00:00'),
(852, 1, '2020-02-13 09:43:01', '0000-00-00 00:00:00'),
(853, 17, '2020-02-14 10:31:06', '0000-00-00 00:00:00'),
(854, 17, '2020-02-17 04:43:18', '0000-00-00 00:00:00'),
(855, 1, '2020-02-18 05:48:10', '0000-00-00 00:00:00'),
(856, 17, '2020-02-19 12:11:04', '0000-00-00 00:00:00'),
(857, 17, '2020-02-20 10:30:57', '0000-00-00 00:00:00'),
(858, 26, '2020-02-20 11:06:27', '2020-02-20 16:36:27'),
(859, 17, '2020-03-03 05:41:05', '0000-00-00 00:00:00'),
(860, 17, '2020-03-03 07:47:33', '2020-03-03 13:17:33'),
(861, 26, '2020-03-03 07:52:52', '0000-00-00 00:00:00'),
(862, 17, '2020-03-03 09:08:16', '0000-00-00 00:00:00'),
(863, 26, '2020-03-03 10:06:47', '0000-00-00 00:00:00'),
(864, 17, '2020-03-03 13:30:22', '0000-00-00 00:00:00'),
(865, 26, '2020-03-03 13:34:51', '2020-03-03 19:04:51'),
(866, 17, '2020-03-04 04:21:06', '0000-00-00 00:00:00'),
(867, 26, '2020-03-04 06:39:34', '0000-00-00 00:00:00'),
(868, 26, '2020-03-04 07:53:58', '0000-00-00 00:00:00'),
(869, 26, '2020-03-04 09:14:03', '0000-00-00 00:00:00'),
(870, 26, '2020-03-04 12:24:44', '0000-00-00 00:00:00'),
(871, 26, '2020-03-04 13:39:21', '0000-00-00 00:00:00'),
(872, 17, '2020-03-05 04:45:14', '0000-00-00 00:00:00'),
(873, 17, '2020-03-10 04:35:05', '0000-00-00 00:00:00'),
(874, 17, '2020-03-10 10:51:05', '0000-00-00 00:00:00'),
(875, 17, '2020-03-10 12:06:08', '0000-00-00 00:00:00'),
(876, 26, '2020-03-10 12:55:34', '0000-00-00 00:00:00'),
(877, 26, '2020-03-10 13:26:01', '0000-00-00 00:00:00'),
(878, 17, '2020-03-11 13:38:42', '0000-00-00 00:00:00'),
(879, 17, '2020-03-12 04:14:56', '0000-00-00 00:00:00'),
(880, 17, '2020-03-12 13:33:56', '0000-00-00 00:00:00'),
(881, 17, '2020-03-13 04:26:49', '0000-00-00 00:00:00'),
(882, 26, '2020-03-13 07:47:44', '0000-00-00 00:00:00'),
(883, 24, '2020-03-13 09:34:14', '0000-00-00 00:00:00'),
(884, 17, '2020-03-13 11:28:10', '0000-00-00 00:00:00'),
(885, 17, '2020-03-13 12:07:39', '0000-00-00 00:00:00'),
(886, 26, '2020-03-13 13:05:23', '0000-00-00 00:00:00'),
(887, 17, '2020-03-16 08:25:58', '0000-00-00 00:00:00'),
(888, 17, '2020-03-16 09:23:21', '0000-00-00 00:00:00'),
(889, 26, '2020-03-16 09:57:14', '0000-00-00 00:00:00'),
(890, 26, '2020-03-16 09:58:13', '0000-00-00 00:00:00'),
(891, 26, '2020-03-16 09:59:12', '0000-00-00 00:00:00'),
(892, 26, '2020-03-16 10:25:39', '2020-03-16 15:55:39'),
(893, 1, '2020-03-16 10:18:53', '0000-00-00 00:00:00'),
(894, 26, '2020-03-16 10:26:08', '2020-03-16 15:56:08'),
(895, 26, '2020-03-16 10:27:07', '0000-00-00 00:00:00'),
(896, 1, '2020-03-16 11:02:31', '0000-00-00 00:00:00'),
(897, 26, '2020-03-16 13:02:58', '2020-03-16 18:32:58'),
(898, 17, '2020-03-17 10:48:45', '0000-00-00 00:00:00'),
(899, 26, '2020-03-17 10:51:17', '0000-00-00 00:00:00'),
(900, 26, '2020-03-17 11:20:33', '0000-00-00 00:00:00'),
(901, 1, '2020-03-20 11:05:11', '0000-00-00 00:00:00'),
(902, 1, '2020-03-23 12:44:40', '0000-00-00 00:00:00'),
(903, 1, '2020-03-24 07:17:51', '0000-00-00 00:00:00'),
(904, 1, '2020-04-17 09:11:41', '0000-00-00 00:00:00'),
(905, 1, '2020-08-07 10:03:29', '0000-00-00 00:00:00'),
(906, 1, '2020-08-07 10:14:52', '0000-00-00 00:00:00'),
(907, 1, '2020-08-07 10:29:05', '0000-00-00 00:00:00'),
(908, 1, '2020-08-10 07:00:22', '0000-00-00 00:00:00'),
(909, 1, '2020-08-10 07:43:14', '0000-00-00 00:00:00'),
(910, 1, '2020-08-10 07:43:40', '0000-00-00 00:00:00'),
(911, 1, '2020-08-10 07:43:47', '0000-00-00 00:00:00'),
(912, 1, '2020-08-10 07:44:29', '0000-00-00 00:00:00'),
(913, 1, '2020-08-10 07:45:38', '0000-00-00 00:00:00'),
(914, 1, '2020-08-10 07:45:53', '0000-00-00 00:00:00'),
(915, 1, '2020-08-10 07:46:38', '0000-00-00 00:00:00');
INSERT INTO `kr_loginstatus` (`Id`, `UsrId`, `Logged`, `Logout_time`) VALUES
(916, 1, '2020-08-10 07:46:44', '0000-00-00 00:00:00'),
(917, 1, '2020-08-10 07:47:02', '0000-00-00 00:00:00'),
(918, 1, '2020-08-10 07:47:07', '0000-00-00 00:00:00'),
(919, 1, '2020-08-10 07:47:19', '0000-00-00 00:00:00'),
(920, 1, '2020-08-10 07:47:35', '0000-00-00 00:00:00'),
(921, 1, '2020-08-10 07:49:44', '0000-00-00 00:00:00'),
(922, 1, '2020-08-10 07:49:46', '0000-00-00 00:00:00'),
(923, 1, '2020-08-10 07:50:30', '0000-00-00 00:00:00'),
(924, 1, '2020-08-10 07:50:49', '0000-00-00 00:00:00'),
(925, 1, '2020-08-10 07:51:37', '0000-00-00 00:00:00'),
(926, 1, '2020-08-10 07:51:39', '0000-00-00 00:00:00'),
(927, 1, '2020-08-10 07:52:14', '0000-00-00 00:00:00'),
(928, 1, '2020-08-10 07:52:54', '0000-00-00 00:00:00'),
(929, 1, '2020-08-10 07:53:49', '0000-00-00 00:00:00'),
(930, 1, '2020-08-10 07:53:56', '0000-00-00 00:00:00'),
(931, 1, '2020-08-10 07:54:26', '0000-00-00 00:00:00'),
(932, 1, '2020-08-10 07:54:29', '0000-00-00 00:00:00'),
(933, 1, '2020-08-10 07:54:34', '0000-00-00 00:00:00'),
(934, 1, '2020-08-10 07:54:36', '0000-00-00 00:00:00'),
(935, 1, '2020-08-10 07:55:16', '0000-00-00 00:00:00'),
(936, 1, '2020-08-10 07:55:17', '0000-00-00 00:00:00'),
(937, 1, '2020-08-10 07:55:35', '0000-00-00 00:00:00'),
(938, 1, '2020-08-10 07:55:37', '0000-00-00 00:00:00'),
(939, 1, '2020-08-10 07:56:23', '0000-00-00 00:00:00'),
(940, 1, '2020-08-10 07:56:25', '0000-00-00 00:00:00'),
(941, 1, '2020-08-10 07:56:27', '0000-00-00 00:00:00'),
(942, 1, '2020-08-10 07:58:16', '0000-00-00 00:00:00'),
(943, 1, '2020-08-10 07:58:20', '0000-00-00 00:00:00'),
(944, 1, '2020-08-10 07:59:05', '0000-00-00 00:00:00'),
(945, 1, '2020-08-10 07:59:18', '0000-00-00 00:00:00'),
(946, 1, '2020-08-10 07:59:53', '0000-00-00 00:00:00'),
(947, 1, '2020-08-10 08:00:03', '0000-00-00 00:00:00'),
(948, 1, '2020-08-10 08:01:59', '0000-00-00 00:00:00'),
(949, 1, '2020-08-10 08:02:11', '0000-00-00 00:00:00'),
(950, 1, '2020-08-10 08:02:20', '0000-00-00 00:00:00'),
(951, 1, '2020-08-10 08:02:52', '0000-00-00 00:00:00'),
(952, 1, '2020-08-10 08:04:46', '0000-00-00 00:00:00'),
(953, 1, '2020-08-10 08:05:21', '0000-00-00 00:00:00'),
(954, 1, '2020-08-10 08:06:08', '0000-00-00 00:00:00'),
(955, 1, '2020-08-10 08:08:48', '0000-00-00 00:00:00'),
(956, 1, '2020-08-10 08:11:31', '0000-00-00 00:00:00'),
(957, 1, '2020-08-10 08:11:33', '0000-00-00 00:00:00'),
(958, 1, '2020-08-10 08:11:57', '0000-00-00 00:00:00'),
(959, 1, '2020-08-10 08:12:22', '0000-00-00 00:00:00'),
(960, 1, '2020-08-10 08:13:32', '0000-00-00 00:00:00'),
(961, 1, '2020-08-10 08:14:21', '0000-00-00 00:00:00'),
(962, 1, '2020-08-10 08:17:56', '0000-00-00 00:00:00'),
(963, 1, '2020-08-10 08:18:22', '0000-00-00 00:00:00'),
(964, 1, '2020-08-10 08:19:17', '0000-00-00 00:00:00'),
(965, 1, '2020-08-10 08:20:38', '0000-00-00 00:00:00'),
(966, 1, '2020-08-10 08:21:06', '0000-00-00 00:00:00'),
(967, 1, '2020-08-10 08:21:23', '0000-00-00 00:00:00'),
(968, 1, '2020-08-10 08:21:45', '0000-00-00 00:00:00'),
(969, 1, '2020-08-10 08:22:55', '0000-00-00 00:00:00'),
(970, 1, '2020-08-10 08:23:36', '0000-00-00 00:00:00'),
(971, 1, '2020-08-10 08:24:29', '0000-00-00 00:00:00'),
(972, 1, '2020-08-10 08:24:49', '0000-00-00 00:00:00'),
(973, 1, '2020-08-10 08:26:17', '0000-00-00 00:00:00'),
(974, 1, '2020-08-10 08:28:26', '0000-00-00 00:00:00'),
(975, 1, '2020-08-10 08:57:47', '0000-00-00 00:00:00'),
(976, 1, '2020-08-10 08:58:47', '0000-00-00 00:00:00'),
(977, 1, '2020-08-10 09:01:55', '0000-00-00 00:00:00'),
(978, 1, '2020-08-10 09:03:23', '0000-00-00 00:00:00'),
(979, 1, '2020-08-10 09:04:20', '0000-00-00 00:00:00'),
(980, 1, '2020-08-10 09:04:32', '0000-00-00 00:00:00'),
(981, 1, '2020-08-10 09:05:27', '0000-00-00 00:00:00'),
(982, 1, '2020-08-10 09:07:31', '0000-00-00 00:00:00'),
(983, 1, '2020-08-10 09:09:47', '0000-00-00 00:00:00'),
(984, 1, '2020-08-10 09:09:48', '0000-00-00 00:00:00'),
(985, 1, '2020-08-10 09:10:34', '0000-00-00 00:00:00'),
(986, 1, '2020-08-10 09:10:51', '0000-00-00 00:00:00'),
(987, 1, '2020-08-10 09:10:58', '0000-00-00 00:00:00'),
(988, 1, '2020-08-10 09:11:10', '0000-00-00 00:00:00'),
(989, 1, '2020-08-10 09:11:11', '0000-00-00 00:00:00'),
(990, 1, '2020-08-10 09:11:22', '0000-00-00 00:00:00'),
(991, 1, '2020-08-10 09:11:32', '0000-00-00 00:00:00'),
(992, 1, '2020-08-10 10:00:42', '0000-00-00 00:00:00'),
(993, 1, '2020-08-10 10:02:51', '0000-00-00 00:00:00'),
(994, 1, '2020-08-10 10:04:19', '0000-00-00 00:00:00'),
(995, 1, '2020-08-10 10:04:23', '0000-00-00 00:00:00'),
(996, 1, '2020-08-10 10:04:59', '0000-00-00 00:00:00'),
(997, 1, '2020-08-10 10:05:01', '0000-00-00 00:00:00'),
(998, 1, '2020-08-10 10:05:03', '0000-00-00 00:00:00'),
(999, 1, '2020-08-10 10:05:39', '0000-00-00 00:00:00'),
(1000, 1, '2020-08-10 10:05:59', '0000-00-00 00:00:00'),
(1001, 1, '2020-08-10 10:07:23', '0000-00-00 00:00:00'),
(1002, 1, '2020-08-10 10:08:05', '0000-00-00 00:00:00'),
(1003, 1, '2020-08-10 10:08:18', '0000-00-00 00:00:00'),
(1004, 1, '2020-08-10 10:08:29', '0000-00-00 00:00:00'),
(1005, 1, '2020-08-10 10:08:39', '0000-00-00 00:00:00'),
(1006, 1, '2020-08-10 10:08:58', '0000-00-00 00:00:00'),
(1007, 1, '2020-08-10 10:09:04', '0000-00-00 00:00:00'),
(1008, 1, '2020-08-10 10:09:12', '0000-00-00 00:00:00'),
(1009, 1, '2020-08-10 10:09:20', '0000-00-00 00:00:00'),
(1010, 1, '2020-08-10 10:09:27', '0000-00-00 00:00:00'),
(1011, 1, '2020-08-10 10:10:18', '0000-00-00 00:00:00'),
(1012, 1, '2020-08-10 10:10:29', '0000-00-00 00:00:00'),
(1013, 1, '2020-08-10 10:12:41', '0000-00-00 00:00:00'),
(1014, 1, '2020-08-10 10:12:44', '0000-00-00 00:00:00'),
(1015, 1, '2020-08-10 10:13:09', '0000-00-00 00:00:00'),
(1016, 1, '2020-08-10 10:17:11', '0000-00-00 00:00:00'),
(1017, 1, '2020-08-10 10:19:50', '0000-00-00 00:00:00'),
(1018, 1, '2020-08-10 10:20:58', '0000-00-00 00:00:00'),
(1019, 1, '2020-08-10 10:21:09', '0000-00-00 00:00:00'),
(1020, 1, '2020-08-10 10:21:17', '0000-00-00 00:00:00'),
(1021, 1, '2020-08-10 10:21:36', '0000-00-00 00:00:00'),
(1022, 1, '2020-08-10 10:23:35', '0000-00-00 00:00:00'),
(1023, 1, '2020-08-10 10:24:56', '0000-00-00 00:00:00'),
(1024, 1, '2020-08-10 10:25:19', '0000-00-00 00:00:00'),
(1025, 1, '2020-08-10 10:25:36', '0000-00-00 00:00:00'),
(1026, 1, '2020-08-10 10:25:46', '0000-00-00 00:00:00'),
(1027, 1, '2020-08-10 10:26:30', '0000-00-00 00:00:00'),
(1028, 1, '2020-08-10 10:27:18', '0000-00-00 00:00:00'),
(1029, 1, '2020-08-10 10:27:47', '0000-00-00 00:00:00'),
(1030, 1, '2020-08-10 10:28:06', '0000-00-00 00:00:00'),
(1031, 1, '2020-08-10 10:28:41', '0000-00-00 00:00:00'),
(1032, 1, '2020-08-10 10:29:15', '0000-00-00 00:00:00'),
(1033, 1, '2020-08-10 10:29:57', '0000-00-00 00:00:00'),
(1034, 1, '2020-08-10 10:30:12', '0000-00-00 00:00:00'),
(1035, 1, '2020-08-10 10:30:33', '0000-00-00 00:00:00'),
(1036, 1, '2020-08-10 10:31:02', '0000-00-00 00:00:00'),
(1037, 1, '2020-08-10 10:31:46', '0000-00-00 00:00:00'),
(1038, 1, '2020-08-10 10:38:37', '0000-00-00 00:00:00'),
(1039, 1, '2020-08-11 04:46:56', '0000-00-00 00:00:00'),
(1040, 1, '2020-08-11 05:43:51', '0000-00-00 00:00:00'),
(1041, 1, '2020-08-11 05:44:54', '0000-00-00 00:00:00'),
(1042, 1, '2020-08-11 05:45:59', '0000-00-00 00:00:00'),
(1043, 1, '2020-08-11 05:46:22', '0000-00-00 00:00:00'),
(1044, 1, '2020-08-11 05:52:16', '0000-00-00 00:00:00'),
(1045, 1, '2020-08-11 05:54:51', '0000-00-00 00:00:00'),
(1046, 1, '2020-08-11 05:55:29', '0000-00-00 00:00:00'),
(1047, 1, '2020-08-11 07:05:54', '0000-00-00 00:00:00'),
(1048, 1, '2020-08-11 07:06:05', '0000-00-00 00:00:00'),
(1049, 1, '2020-08-11 07:06:28', '0000-00-00 00:00:00'),
(1050, 15, '2020-08-11 07:07:01', '0000-00-00 00:00:00'),
(1051, 1, '2020-08-11 10:41:44', '0000-00-00 00:00:00'),
(1052, 1, '2020-08-12 05:47:09', '0000-00-00 00:00:00'),
(1053, 1, '2020-08-12 06:57:53', '0000-00-00 00:00:00'),
(1054, 1, '2020-08-12 06:58:16', '0000-00-00 00:00:00'),
(1055, 1, '2020-08-12 06:58:17', '0000-00-00 00:00:00'),
(1056, 1, '2020-08-12 06:59:33', '0000-00-00 00:00:00'),
(1057, 1, '2020-08-12 06:59:33', '0000-00-00 00:00:00'),
(1058, 1, '2020-08-12 07:00:59', '0000-00-00 00:00:00'),
(1059, 1, '2020-08-12 07:59:26', '0000-00-00 00:00:00'),
(1060, 15, '2020-08-12 07:59:37', '0000-00-00 00:00:00'),
(1061, 1, '2020-08-12 09:55:05', '0000-00-00 00:00:00'),
(1062, 1, '2020-08-12 13:05:58', '0000-00-00 00:00:00'),
(1063, 15, '2020-08-13 04:58:26', '0000-00-00 00:00:00'),
(1064, 1, '2020-08-13 04:58:43', '0000-00-00 00:00:00'),
(1065, 15, '2020-08-13 10:00:33', '0000-00-00 00:00:00'),
(1066, 1, '2020-08-13 10:28:06', '0000-00-00 00:00:00'),
(1067, 1, '2020-08-14 05:45:31', '0000-00-00 00:00:00'),
(1068, 1, '2020-08-14 05:46:00', '0000-00-00 00:00:00'),
(1069, 1, '2020-08-14 06:15:57', '0000-00-00 00:00:00'),
(1070, 1, '2020-08-14 09:23:23', '0000-00-00 00:00:00'),
(1071, 1, '2020-08-14 12:44:45', '0000-00-00 00:00:00'),
(1072, 1, '2020-08-17 05:51:16', '0000-00-00 00:00:00'),
(1073, 1, '2020-08-17 06:38:00', '0000-00-00 00:00:00'),
(1074, 15, '2020-08-17 06:38:15', '0000-00-00 00:00:00'),
(1075, 15, '2020-08-17 06:38:56', '0000-00-00 00:00:00'),
(1076, 1, '2020-08-18 10:22:02', '0000-00-00 00:00:00'),
(1077, 1, '2020-08-18 10:32:13', '0000-00-00 00:00:00'),
(1078, 15, '2020-08-18 10:34:30', '0000-00-00 00:00:00'),
(1079, 15, '2020-08-19 05:01:38', '0000-00-00 00:00:00'),
(1080, 1, '2020-08-19 05:01:46', '0000-00-00 00:00:00'),
(1081, 15, '2020-08-19 06:33:03', '0000-00-00 00:00:00'),
(1082, 1, '2020-08-19 09:25:29', '0000-00-00 00:00:00'),
(1083, 15, '2020-08-20 07:47:06', '0000-00-00 00:00:00'),
(1084, 1, '2020-08-20 08:11:53', '0000-00-00 00:00:00'),
(1085, 15, '2020-08-21 06:48:10', '0000-00-00 00:00:00'),
(1086, 15, '2020-08-21 10:23:37', '0000-00-00 00:00:00'),
(1087, 1, '2020-08-21 10:24:41', '0000-00-00 00:00:00'),
(1088, 15, '2020-08-24 05:43:35', '0000-00-00 00:00:00'),
(1089, 15, '2020-08-24 09:59:36', '0000-00-00 00:00:00'),
(1090, 1, '2020-08-24 10:00:30', '0000-00-00 00:00:00'),
(1091, 15, '2020-08-25 05:54:54', '0000-00-00 00:00:00'),
(1092, 1, '2020-08-25 05:55:32', '0000-00-00 00:00:00'),
(1093, 15, '2020-08-25 05:59:33', '0000-00-00 00:00:00'),
(1094, 1, '2020-08-25 06:29:15', '0000-00-00 00:00:00'),
(1095, 1, '2020-08-25 12:53:38', '0000-00-00 00:00:00'),
(1096, 1, '2020-08-25 12:59:22', '0000-00-00 00:00:00'),
(1097, 1, '2020-08-25 12:59:57', '0000-00-00 00:00:00'),
(1098, 15, '2020-08-25 13:22:40', '0000-00-00 00:00:00'),
(1099, 1, '2020-08-25 13:47:45', '0000-00-00 00:00:00'),
(1100, 1, '2020-08-25 13:52:23', '0000-00-00 00:00:00'),
(1101, 15, '2020-08-26 05:04:33', '0000-00-00 00:00:00'),
(1102, 1, '2020-08-26 06:42:49', '0000-00-00 00:00:00'),
(1103, 1, '2020-08-26 09:37:05', '2020-08-26 15:07:05'),
(1104, 1, '2020-08-26 09:40:59', '2020-08-26 15:10:59'),
(1105, 15, '2020-08-26 10:16:34', '2020-08-26 15:46:34'),
(1106, 1, '2020-08-26 09:45:44', '0000-00-00 00:00:00'),
(1107, 15, '2020-08-26 10:58:45', '0000-00-00 00:00:00'),
(1108, 15, '2020-08-26 12:27:34', '0000-00-00 00:00:00'),
(1109, 15, '2020-08-26 12:27:38', '0000-00-00 00:00:00'),
(1110, 15, '2020-08-26 12:32:01', '0000-00-00 00:00:00'),
(1111, 15, '2020-08-26 12:36:12', '0000-00-00 00:00:00'),
(1112, 15, '2020-08-26 12:36:14', '0000-00-00 00:00:00'),
(1113, 15, '2020-08-27 06:03:50', '0000-00-00 00:00:00'),
(1114, 15, '2020-08-28 10:32:08', '0000-00-00 00:00:00'),
(1115, 15, '2020-08-31 05:15:38', '0000-00-00 00:00:00'),
(1116, 1, '2020-08-31 05:17:49', '0000-00-00 00:00:00'),
(1117, 15, '2020-08-31 07:04:41', '0000-00-00 00:00:00'),
(1118, 15, '2020-09-01 05:15:58', '0000-00-00 00:00:00'),
(1119, 1, '2020-09-02 05:06:41', '0000-00-00 00:00:00'),
(1120, 1, '2020-09-02 05:17:02', '0000-00-00 00:00:00'),
(1121, 15, '2020-09-02 05:17:53', '0000-00-00 00:00:00'),
(1122, 1, '2020-09-02 10:43:09', '0000-00-00 00:00:00'),
(1123, 1, '2020-09-03 13:40:59', '2020-09-03 19:10:59'),
(1124, 1, '2020-09-03 13:41:16', '2020-09-03 19:11:16'),
(1125, 1, '2020-09-03 13:41:26', '0000-00-00 00:00:00'),
(1126, 1, '2020-09-04 05:45:08', '0000-00-00 00:00:00'),
(1127, 20, '2020-09-05 14:04:08', '0000-00-00 00:00:00'),
(1128, 1, '2020-09-08 10:44:42', '0000-00-00 00:00:00'),
(1129, 1, '2020-09-08 12:56:28', '0000-00-00 00:00:00'),
(1130, 1, '2020-09-09 07:51:26', '0000-00-00 00:00:00'),
(1131, 1, '2020-09-09 11:22:57', '0000-00-00 00:00:00'),
(1132, 1, '2020-09-09 12:26:53', '0000-00-00 00:00:00'),
(1133, 1, '2020-09-10 10:57:52', '0000-00-00 00:00:00'),
(1134, 1, '2020-09-14 06:47:59', '0000-00-00 00:00:00'),
(1135, 1, '2020-09-15 13:06:43', '0000-00-00 00:00:00'),
(1136, 1, '2020-09-17 09:51:53', '0000-00-00 00:00:00'),
(1137, 1, '2020-09-30 12:09:11', '0000-00-00 00:00:00'),
(1138, 1, '2020-10-07 11:20:52', '0000-00-00 00:00:00'),
(1139, 1, '2020-10-08 06:56:31', '0000-00-00 00:00:00'),
(1140, 1, '2020-10-08 07:22:38', '0000-00-00 00:00:00'),
(1141, 1, '2020-10-10 05:28:42', '0000-00-00 00:00:00'),
(1142, 1, '2020-10-19 05:17:35', '0000-00-00 00:00:00'),
(1143, 1, '2020-10-19 07:05:54', '0000-00-00 00:00:00'),
(1144, 1, '2020-10-29 06:30:21', '0000-00-00 00:00:00'),
(1145, 1, '2020-12-04 07:04:34', '0000-00-00 00:00:00'),
(1146, 1, '2020-12-09 06:37:37', '0000-00-00 00:00:00'),
(1147, 1, '2020-12-09 09:50:30', '0000-00-00 00:00:00'),
(1148, 1, '2020-12-10 05:47:49', '0000-00-00 00:00:00'),
(1149, 1, '2020-12-11 05:37:38', '0000-00-00 00:00:00'),
(1150, 1, '2020-12-11 06:02:58', '0000-00-00 00:00:00'),
(1151, 1, '2020-12-11 06:03:35', '0000-00-00 00:00:00'),
(1152, 1, '2020-12-11 12:49:54', '0000-00-00 00:00:00'),
(1153, 1, '2020-12-12 06:15:36', '2020-12-12 11:45:36'),
(1154, 1, '2020-12-12 06:15:45', '0000-00-00 00:00:00'),
(1155, 1, '2020-12-12 07:26:20', '0000-00-00 00:00:00'),
(1156, 17, '2020-12-12 07:27:13', '2020-12-12 12:57:13'),
(1157, 16, '2020-12-12 07:28:26', '0000-00-00 00:00:00'),
(1158, 1, '2020-12-12 12:50:21', '2020-12-12 18:20:21'),
(1159, 15, '2020-12-12 12:52:32', '0000-00-00 00:00:00'),
(1160, 1, '2020-12-14 05:44:26', '0000-00-00 00:00:00'),
(1161, 15, '2020-12-14 06:07:35', '0000-00-00 00:00:00'),
(1162, 1, '2020-12-14 09:21:00', '0000-00-00 00:00:00'),
(1163, 1, '2020-12-14 12:00:36', '0000-00-00 00:00:00'),
(1164, 1, '2020-12-15 05:58:29', '0000-00-00 00:00:00'),
(1165, 15, '2020-12-15 09:12:24', '0000-00-00 00:00:00'),
(1166, 1, '2020-12-15 14:33:08', '0000-00-00 00:00:00'),
(1167, 1, '2020-12-16 06:25:46', '0000-00-00 00:00:00'),
(1168, 1, '2020-12-17 05:31:47', '0000-00-00 00:00:00'),
(1169, 1, '2020-12-17 06:23:23', '0000-00-00 00:00:00'),
(1170, 1, '2020-12-17 07:33:41', '0000-00-00 00:00:00'),
(1171, 1, '2020-12-17 14:26:10', '0000-00-00 00:00:00'),
(1172, 1, '2020-12-18 05:26:25', '0000-00-00 00:00:00'),
(1173, 1, '2020-12-18 08:14:35', '2020-12-18 13:44:35'),
(1174, 1, '2020-12-18 08:14:40', '0000-00-00 00:00:00'),
(1175, 15, '2020-12-18 11:09:54', '0000-00-00 00:00:00'),
(1176, 1, '2020-12-18 13:33:25', '0000-00-00 00:00:00'),
(1177, 16, '2020-12-18 13:45:56', '0000-00-00 00:00:00'),
(1178, 1, '2020-12-18 14:41:04', '0000-00-00 00:00:00'),
(1179, 1, '2020-12-18 14:49:12', '0000-00-00 00:00:00'),
(1180, 1, '2020-12-18 14:55:18', '0000-00-00 00:00:00'),
(1181, 1, '2020-12-18 15:13:17', '0000-00-00 00:00:00'),
(1182, 15, '2020-12-18 15:15:09', '0000-00-00 00:00:00'),
(1183, 1, '2020-12-18 15:52:24', '0000-00-00 00:00:00'),
(1184, 1, '2020-12-19 05:21:15', '0000-00-00 00:00:00'),
(1185, 15, '2020-12-19 05:44:06', '0000-00-00 00:00:00'),
(1186, 15, '2020-12-19 06:04:27', '0000-00-00 00:00:00'),
(1187, 1, '2020-12-19 06:36:35', '0000-00-00 00:00:00'),
(1188, 1, '2020-12-19 08:03:34', '0000-00-00 00:00:00'),
(1189, 1, '2020-12-19 08:43:41', '0000-00-00 00:00:00'),
(1190, 15, '2020-12-19 10:31:00', '0000-00-00 00:00:00'),
(1191, 1, '2020-12-21 09:54:46', '0000-00-00 00:00:00'),
(1192, 1, '2020-12-21 15:38:54', '0000-00-00 00:00:00'),
(1193, 1, '2020-12-22 05:40:33', '0000-00-00 00:00:00'),
(1194, 1, '2020-12-22 06:58:58', '0000-00-00 00:00:00'),
(1195, 1, '2020-12-22 16:02:15', '0000-00-00 00:00:00'),
(1196, 1, '2020-12-24 13:11:46', '0000-00-00 00:00:00'),
(1197, 1, '2020-12-24 13:12:06', '0000-00-00 00:00:00'),
(1198, 1, '2020-12-24 13:12:41', '0000-00-00 00:00:00'),
(1199, 1, '2020-12-26 11:35:15', '0000-00-00 00:00:00'),
(1200, 1, '2020-12-28 06:26:07', '0000-00-00 00:00:00'),
(1201, 1, '2020-12-28 11:07:26', '0000-00-00 00:00:00'),
(1202, 17, '2020-12-29 06:05:24', '0000-00-00 00:00:00'),
(1203, 1, '2020-12-29 06:51:12', '0000-00-00 00:00:00'),
(1204, 17, '2020-12-29 07:34:07', '2020-12-29 13:04:07'),
(1205, 1, '2020-12-29 09:57:24', '0000-00-00 00:00:00'),
(1206, 1, '2020-12-30 09:59:37', '0000-00-00 00:00:00'),
(1207, 1, '2020-12-31 05:03:46', '0000-00-00 00:00:00'),
(1208, 17, '2020-12-31 05:12:24', '0000-00-00 00:00:00'),
(1209, 1, '2020-12-31 05:14:20', '0000-00-00 00:00:00'),
(1210, 1, '2020-12-31 05:15:05', '0000-00-00 00:00:00'),
(1211, 15, '2020-12-31 05:18:20', '0000-00-00 00:00:00'),
(1212, 1, '2020-12-31 05:34:29', '0000-00-00 00:00:00'),
(1213, 1, '2021-01-04 08:07:15', '0000-00-00 00:00:00'),
(1214, 1, '2021-01-04 11:00:33', '0000-00-00 00:00:00'),
(1215, 1, '2021-01-07 15:15:06', '0000-00-00 00:00:00'),
(1216, 1, '2021-01-08 12:41:55', '0000-00-00 00:00:00'),
(1217, 1, '2021-01-08 12:54:30', '0000-00-00 00:00:00'),
(1218, 1, '2021-01-09 05:40:15', '0000-00-00 00:00:00'),
(1219, 1, '2021-01-12 11:00:29', '0000-00-00 00:00:00'),
(1220, 17, '2021-01-12 13:20:26', '0000-00-00 00:00:00'),
(1221, 17, '2021-01-12 13:20:53', '0000-00-00 00:00:00'),
(1222, 1, '2021-01-12 13:21:12', '0000-00-00 00:00:00'),
(1223, 17, '2021-01-12 13:23:26', '2021-01-12 18:53:26'),
(1224, 17, '2021-01-12 13:23:32', '0000-00-00 00:00:00'),
(1225, 17, '2021-01-12 13:24:05', '0000-00-00 00:00:00'),
(1226, 1, '2021-01-13 13:22:56', '0000-00-00 00:00:00'),
(1227, 17, '2021-01-13 15:45:50', '0000-00-00 00:00:00'),
(1228, 17, '2021-01-13 15:56:01', '0000-00-00 00:00:00'),
(1229, 17, '2021-01-16 10:26:00', '0000-00-00 00:00:00'),
(1230, 17, '2021-01-18 10:34:18', '0000-00-00 00:00:00'),
(1231, 17, '2021-01-19 05:48:11', '0000-00-00 00:00:00'),
(1232, 17, '2021-01-19 06:17:54', '0000-00-00 00:00:00'),
(1233, 1, '2021-01-19 11:37:55', '0000-00-00 00:00:00'),
(1234, 17, '2021-01-28 08:37:04', '0000-00-00 00:00:00'),
(1235, 1, '2021-01-28 09:06:50', '0000-00-00 00:00:00'),
(1236, 1, '2021-01-29 06:46:07', '0000-00-00 00:00:00'),
(1237, 1, '2021-01-29 07:47:41', '0000-00-00 00:00:00'),
(1238, 1, '2021-02-01 14:49:22', '0000-00-00 00:00:00'),
(1239, 1, '2021-02-03 07:36:00', '0000-00-00 00:00:00'),
(1240, 17, '2021-02-03 12:16:15', '0000-00-00 00:00:00'),
(1241, 1, '2021-02-04 06:54:09', '0000-00-00 00:00:00'),
(1242, 1, '2021-02-04 10:17:33', '0000-00-00 00:00:00'),
(1243, 17, '2021-02-04 12:19:22', '0000-00-00 00:00:00'),
(1244, 17, '2021-02-04 12:21:28', '0000-00-00 00:00:00'),
(1245, 17, '2021-02-04 12:23:12', '0000-00-00 00:00:00'),
(1246, 1, '2021-02-04 12:29:39', '0000-00-00 00:00:00'),
(1247, 17, '2021-02-04 12:35:18', '0000-00-00 00:00:00'),
(1248, 17, '2021-02-04 12:35:22', '0000-00-00 00:00:00'),
(1249, 17, '2021-02-04 12:35:53', '0000-00-00 00:00:00'),
(1250, 17, '2021-02-04 12:36:01', '0000-00-00 00:00:00'),
(1251, 17, '2021-02-04 12:36:30', '0000-00-00 00:00:00'),
(1252, 17, '2021-02-04 12:46:58', '0000-00-00 00:00:00'),
(1253, 26, '2021-02-04 12:53:29', '0000-00-00 00:00:00'),
(1254, 26, '2021-02-04 13:09:22', '0000-00-00 00:00:00'),
(1255, 17, '2021-02-05 04:46:20', '0000-00-00 00:00:00'),
(1256, 17, '2021-02-05 10:36:40', '0000-00-00 00:00:00'),
(1257, 17, '2021-02-06 05:11:07', '0000-00-00 00:00:00'),
(1258, 17, '2021-02-06 09:23:46', '0000-00-00 00:00:00'),
(1259, 17, '2021-02-08 04:55:15', '0000-00-00 00:00:00'),
(1260, 17, '2021-02-09 04:57:53', '0000-00-00 00:00:00'),
(1261, 1, '2021-02-09 06:04:52', '0000-00-00 00:00:00'),
(1262, 1, '2021-02-10 07:57:19', '0000-00-00 00:00:00'),
(1263, 17, '2021-02-13 09:22:51', '0000-00-00 00:00:00'),
(1264, 17, '2021-02-18 05:56:56', '0000-00-00 00:00:00'),
(1265, 1, '2021-02-18 06:35:06', '0000-00-00 00:00:00'),
(1266, 17, '2021-02-19 11:10:55', '0000-00-00 00:00:00'),
(1267, 1, '2021-02-22 05:34:52', '0000-00-00 00:00:00'),
(1268, 17, '2021-03-03 05:49:43', '0000-00-00 00:00:00'),
(1269, 17, '2021-03-03 12:02:23', '0000-00-00 00:00:00'),
(1270, 1, '2021-03-10 07:44:08', '0000-00-00 00:00:00'),
(1271, 17, '2021-03-10 08:56:22', '0000-00-00 00:00:00'),
(1272, 1, '2021-03-12 07:07:36', '0000-00-00 00:00:00'),
(1273, 17, '2021-03-12 12:24:54', '0000-00-00 00:00:00'),
(1274, 17, '2021-03-13 05:11:56', '0000-00-00 00:00:00'),
(1275, 17, '2021-03-13 07:45:02', '0000-00-00 00:00:00'),
(1276, 1, '2021-03-19 06:09:45', '0000-00-00 00:00:00'),
(1277, 1, '2021-03-19 06:23:29', '0000-00-00 00:00:00'),
(1278, 1, '2021-03-22 13:23:38', '0000-00-00 00:00:00'),
(1279, 17, '2021-03-24 07:36:52', '0000-00-00 00:00:00'),
(1280, 17, '2021-03-25 06:21:11', '0000-00-00 00:00:00'),
(1281, 17, '2021-03-26 09:55:16', '0000-00-00 00:00:00'),
(1282, 17, '2021-03-27 05:02:52', '0000-00-00 00:00:00'),
(1283, 17, '2021-03-27 06:53:31', '0000-00-00 00:00:00'),
(1284, 1, '2021-03-29 16:37:07', '0000-00-00 00:00:00'),
(1285, 1, '2021-04-01 05:49:10', '0000-00-00 00:00:00'),
(1286, 17, '2021-04-10 07:29:41', '0000-00-00 00:00:00'),
(1287, 17, '2021-04-10 07:41:48', '0000-00-00 00:00:00'),
(1288, 1, '2021-04-10 07:45:35', '0000-00-00 00:00:00'),
(1289, 1, '2021-04-10 09:06:34', '0000-00-00 00:00:00'),
(1290, 17, '2021-04-19 08:12:26', '0000-00-00 00:00:00'),
(1291, 1, '2021-04-19 11:31:11', '2021-04-19 17:01:11'),
(1292, 1, '2021-04-19 11:44:59', '2021-04-19 17:14:59'),
(1293, 1, '2021-04-19 12:26:04', '0000-00-00 00:00:00'),
(1294, 1, '2021-04-19 13:43:41', '0000-00-00 00:00:00'),
(1295, 1, '2021-04-20 05:39:22', '0000-00-00 00:00:00'),
(1296, 1, '2021-04-20 09:45:01', '0000-00-00 00:00:00'),
(1297, 1, '2021-04-21 07:15:17', '0000-00-00 00:00:00'),
(1298, 17, '2021-04-26 06:26:28', '0000-00-00 00:00:00'),
(1299, 17, '2021-04-26 06:36:10', '0000-00-00 00:00:00'),
(1300, 1, '2021-04-30 12:17:03', '0000-00-00 00:00:00'),
(1301, 1, '2021-05-08 10:53:50', '0000-00-00 00:00:00'),
(1302, 1, '2021-05-08 12:36:20', '0000-00-00 00:00:00'),
(1303, 17, '2021-05-10 02:59:46', '0000-00-00 00:00:00'),
(1304, 1, '2021-05-10 07:58:22', '0000-00-00 00:00:00'),
(1305, 1, '2021-05-11 08:48:56', '0000-00-00 00:00:00'),
(1306, 1, '2021-05-11 12:00:37', '0000-00-00 00:00:00'),
(1307, 1, '2021-05-11 12:14:06', '0000-00-00 00:00:00'),
(1308, 1, '2021-05-11 12:25:31', '0000-00-00 00:00:00'),
(1309, 1, '2021-05-11 14:30:31', '0000-00-00 00:00:00'),
(1310, 1, '2021-05-12 04:15:13', '0000-00-00 00:00:00'),
(1311, 1, '2021-05-12 05:36:07', '0000-00-00 00:00:00');

-- --------------------------------------------------------

--
-- Table structure for table `kr_mailtemplate`
--

CREATE TABLE `kr_mailtemplate` (
  `mtemid` int(11) NOT NULL,
  `masterid` int(11) NOT NULL,
  `masteridcopy` int(11) NOT NULL,
  `mailbcc` varchar(255) NOT NULL,
  `mailsub` varchar(255) NOT NULL,
  `mailcontent` text NOT NULL,
  `mailfooter` text NOT NULL,
  `aftertable` varchar(255) NOT NULL,
  `IsActive` tinyint(1) NOT NULL,
  `userid` int(11) NOT NULL,
  `createdate` datetime NOT NULL,
  `modifieddate` datetime NOT NULL
) ENGINE=InnoDB DEFAULT CHARSET=latin1;

--
-- Dumping data for table `kr_mailtemplate`
--

INSERT INTO `kr_mailtemplate` (`mtemid`, `masterid`, `masteridcopy`, `mailbcc`, `mailsub`, `mailcontent`, `mailfooter`, `aftertable`, `IsActive`, `userid`, `createdate`, `modifieddate`) VALUES
(1, 2, 0, 'kalaivani.pixel@gmail.com', 'Contact Us Form', '<p>Thank you for getting in touch! We will review your query/request and get back to you soon. kk<br></p>', '<p>If you have any queries or concerns, please feel free to email us at support@inbase.in</p>', '', 1, 15, '2019-03-20 15:34:56', '2020-08-26 11:02:23'),
(2, 1, 0, 'kalaivani.pixel@gmail.com', 'Inbase Registration Form', '<span style=\"font-size:12.0pt;font-family:&quot;Times New Roman&quot;,&quot;serif&quot;;\nmso-fareast-font-family:Calibri;mso-fareast-theme-font:minor-latin;mso-ansi-language:\nEN-IN;mso-fareast-language:EN-IN;mso-bidi-language:AR-SA\">Greetings from&nbsp;<a href=\"#\" style=\"color: blue; text-decoration: underline;\">Inbase.com</a><br>\n<br>\nWe take this opportunity to thank you for registering with us.</span><br>', '<p><br></p>\n<p><span style=\"font-size:12.0pt;font-family:&quot;Times New Roman&quot;,&quot;serif&quot;;\nmso-fareast-font-family:Calibri;mso-fareast-theme-font:minor-latin;mso-ansi-language:\nEN-IN;mso-fareast-language:EN-IN;mso-bidi-language:AR-SA\">If you have any\nqueries or concerns, please feel free to email us at&nbsp;<a href=\"mailto:support@inbase.in\" style=\"color: blue; text-decoration: underline;\">support@inbase.in</a></span><br>\n</p>\n<p><br></p>\n<p style=\"margin-right: 0cm; margin-left: 0cm; font-size: 12pt; font-family: &quot;Times New Roman&quot;, &quot;serif&quot;;\">\n Thanks &amp; Regards<br> Team -&nbsp;<a href=\"#\" style=\"color: blue; text-decoration: underline;\">support@inbase.in</a></p><br>\n<p><br></p>', '', 1, 1, '2019-03-20 22:18:15', '2019-09-30 11:09:03'),
(3, 4, 0, 'kalaivani.pixel@gmail.com', 'Verification of forgot password', '<p>We have received a password reset request for your account.</p>\r\n<p>Please click on the link below to change/reset your password.</p>', '<p>Team Inbase</p>\r\n<p>Note: Please ignore this mail if you have not requested for password change/reset.\r\n</p>\r\n<p>If you have any queries or concerns, please feel free to email us at support@inbase.com</p>', '', 1, 1, '2019-03-21 12:15:06', '2019-10-14 16:12:06'),
(4, 3, 0, 'kalaivani.pixel@gmail.com', 'Order Placed: Your order has been placed', '<p style=\"margin:5px 0 0 0;font:12px/16px Arial,sans-serif\"> Thank you for order we are at your comfort always for any assistance email us to order@inbase.com and we will get back at the earliest for order status, please login and check.\r\n    <a href=\"\" style=\"text-decoration:none;color:rgb(0,102,153);font:12px/16px Arial,sans-serif\" target=\"_blank\" rel=\"noreferrer\">Your Orders</a> in inbase.com.</p>', '<p style=\"margin:5px 0 0 0;font:12px/16px Arial,sans-serif\"> For any further assistance visit our Help Page.</p>\r\n<p style=\"margin:5px 0 0 0;font:12px/16px Arial,sans-serif\"> Please Note: You will get regular order process update till the goods are delivered.</p>', '', 1, 1, '2019-03-21 13:39:17', '2019-09-25 13:48:44'),
(5, 5, 0, 'kalaivani.pixel@gmail.com', 'Pending : Your order has been pending.', '', '', '', 1, 1, '2019-03-22 18:49:17', '2019-03-22 18:49:17'),
(6, 6, 0, 'kalaivani.pixel@gmail.com', 'Processing :Your order has been processing.', '<p style=\"margin:5px 0 0 0;font:12px/16px Arial,sans-serif\">We have received your Order # ||order_id||.It is currently under process.We will inform you once the product\r\n    is shipped. </p>', '<table id=\"m_-2797150272624227062m_-2343339325132390023m_4836535370212275732main\" style=\"color: rgb(51, 51, 51); font-family: Arial, sans-serif; font-size: 12px; font-style: normal; font-variant-ligatures: normal; font-variant-caps: normal; font-weight: 400; letter-spacing: normal; orphans: 2; text-align: start; text-indent: 0px; text-transform: none; white-space: normal; widows: 2; word-spacing: 0px; -webkit-text-stroke-width: 0px; background-color: rgb(255, 255, 255); text-decoration-style: initial; text-decoration-color: initial; width: 600px; border-collapse: collapse;\">\r\n    <tbody>\r\n        <tr>\r\n            <td style=\"font-family: Arial, sans-serif; margin: 0px; vertical-align: top; font-size: 12px; line-height: 16px;\">\r\n                <table id=\"m_-2797150272624227062m_-2343339325132390023m_4836535370212275732selfService\" style=\"width: 598px; border-collapse: collapse;\">\r\n                    <tbody>\r\n                        <tr>\r\n                            <td style=\"font-family: Arial, sans-serif; margin: 0px; vertical-align: top; font-size: 12px; line-height: 16px;\">\r\n                                <p style=\"margin: 4px 0px 0px; font: 12px/16px Arial, sans-serif;\">Need to make changes to your order? Visit our<span>&nbsp;</span><a rel=\"noreferrer\" style=\"color: rgb(0, 102, 153); text-decoration: none; font: 12px/16px Arial, sans-serif;\">Help page</a><span>&nbsp;</span>for more information.</p>\r\n                            </td>\r\n                        </tr>\r\n                        \r\n                        <tr>\r\n                            <td style=\"font-family: Arial, sans-serif; margin: 0px; vertical-align: top; font-size: 12px; line-height: 16px;\">\r\n                                <p style=\"margin: 4px 0px 0px; font: 12px/16px Arial, sans-serif;\">Some products have a limited quantity available for purchase. Please see the products Detail Page for the available quantity. Any orders which exceed this quantity will be automatically canceled.</p>\r\n                            </td>\r\n                        </tr>\r\n                    </tbody>\r\n                </table>\r\n            </td>\r\n        </tr>\r\n        <tr>\r\n            <td style=\"font-family: Arial, sans-serif; margin: 0px; vertical-align: top; font-size: 12px; line-height: 16px;\">\r\n                <table id=\"m_-2797150272624227062m_-2343339325132390023m_4836535370212275732closing\" style=\"width: 598px; padding: 0px; border-collapse: collapse;\">\r\n                    <tbody>\r\n                        <tr>\r\n                            <td style=\"font-family: Arial, sans-serif; margin: 0px; vertical-align: top; font-size: 12px; line-height: 16px;\">\r\n                                <p style=\"padding: 0px 0px 20px; border-bottom: 1px solid rgb(234, 234, 234); margin: 10px 0px 0px; font: 12px/16px Arial, sans-serif;\"><br></p>\r\n                            </td>\r\n                        </tr>\r\n                    </tbody>\r\n                </table>\r\n            </td>\r\n        </tr>\r\n    </tbody>\r\n</table>', '', 1, 1, '2019-03-22 18:52:17', '2019-09-25 13:45:40'),
(7, 8, 0, 'kalaivani.pixel@gmail.com', 'Shipped : Your order has been shipped.', '<p style=\"margin:5px 0 0 0;font:12px/16px Arial,sans-serif\"> Your Order # ||order_id|| has been shipped to the address mentioned in the Order. Mode of Delivery is </p>', '<table id=\"m_-2797150272624227062m_-2343339325132390023m_4836535370212275732main\" style=\"color: rgb(51, 51, 51); font-family: Arial, sans-serif; font-size: 12px; font-style: normal; font-variant-ligatures: normal; font-variant-caps: normal; font-weight: 400; letter-spacing: normal; orphans: 2; text-align: start; text-indent: 0px; text-transform: none; white-space: normal; widows: 2; word-spacing: 0px; -webkit-text-stroke-width: 0px; background-color: rgb(255, 255, 255); text-decoration-style: initial; text-decoration-color: initial; width: 600px; border-collapse: collapse;\">\n    <tbody>\n        \n        <tr>\n            <td style=\"font-family: Arial, sans-serif; margin: 0px; vertical-align: top; font-size: 12px; line-height: 16px;\">\n                <table id=\"m_-2797150272624227062m_-2343339325132390023m_4836535370212275732closing\" style=\"width: 598px; padding: 0px; border-collapse: collapse;\">\n                    <tbody>\n                        <tr>\n                            <td style=\"font-family: Arial, sans-serif; margin: 0px; vertical-align: top; font-size: 12px; line-height: 16px;\">\n                                <p style=\"padding: 0px 0px 20px; border-bottom: 1px solid rgb(234, 234, 234); margin: 10px 0px 0px; font: 12px/16px Arial, sans-serif;\">We hope to see you again soon.<span>&nbsp;</span><br>support@inbase.in<br></p>\n                            </td>\n                        </tr>\n                    </tbody>\n                </table>\n            </td>\n        </tr>\n    </tbody>\n</table>', '', 1, 16, '2019-03-22 18:53:25', '2019-05-08 13:30:25'),
(8, 9, 0, 'kalaivani.pixel@gmail.com', 'Canceled : Your order has been cancelled ', '', '', '', 2, 16, '2019-03-22 18:54:14', '2019-04-30 17:01:29'),
(9, 10, 5, 'kalaivani.pixel@gmail.com', 'Returned : Your order has been Returned.', '', '', '', 2, 1, '2019-03-22 18:55:01', '2019-03-22 18:55:01'),
(10, 11, 0, 'kalaivani.pixel@gmail.com', 'Canceled Reversal : Your order has been Canceled Reversal.', '', '', '', 2, 16, '2019-03-22 18:55:57', '2019-04-30 17:01:38'),
(11, 12, 5, 'kalaivani.pixel@gmail.com', 'Refunded : Your order has been Refunded.', '', '', '', 2, 1, '2019-03-22 18:56:48', '2019-03-22 18:56:48'),
(12, 13, 5, 'kalaivani.pixel@gmail.com', 'Denied : Your order has been Denied.', '', '', '', 2, 1, '2019-03-22 18:57:19', '2019-03-22 18:57:19'),
(13, 14, 6, 'kalaivani.pixel@gmail.com', 'Return & Refund  :Your order has been Return & Refund.', '', '', '', 2, 1, '2019-03-22 18:58:25', '2019-03-22 18:58:25'),
(14, 15, 0, 'kalaivani.pixel@gmail.com', 'Delivered : Your order has been Delivered.', '<p style=\"margin:5px 0 0 0;font:12px/16px Arial,sans-serif\"> Your Order # ||order_id|| has been delivered. <br> Thank you for shopping with Inbase. We hope your shopping was a fulfilling experience.    </p>', '<table id=\"m_-2797150272624227062m_-2343339325132390023m_4836535370212275732main\" style=\"color: rgb(51, 51, 51); font-family: Arial, sans-serif; font-size: 12px; font-style: normal; font-variant-ligatures: normal; font-variant-caps: normal; font-weight: 400; letter-spacing: normal; orphans: 2; text-align: start; text-indent: 0px; text-transform: none; white-space: normal; widows: 2; word-spacing: 0px; -webkit-text-stroke-width: 0px; background-color: rgb(255, 255, 255); text-decoration-style: initial; text-decoration-color: initial; width: 600px; border-collapse: collapse;\">\n    <tbody>\n        \n        <tr>\n            <td style=\"font-family: Arial, sans-serif; margin: 0px; vertical-align: top; font-size: 12px; line-height: 16px;\">\n                <table id=\"m_-2797150272624227062m_-2343339325132390023m_4836535370212275732closing\" style=\"width: 598px; padding: 0px; border-collapse: collapse;\">\n                    <tbody>\n                        <tr>\n                            <td style=\"font-family: Arial, sans-serif; margin: 0px; vertical-align: top; font-size: 12px; line-height: 16px;\">\n                                <p style=\"padding: 0px 0px 20px; border-bottom: 1px solid rgb(234, 234, 234); margin: 10px 0px 0px; font: 12px/16px Arial, sans-serif;\">We hope to see you again soon.<span>&nbsp;</span><br>support@inbase.in<br></p>\n                            </td>\n                        </tr>\n                    </tbody>\n                </table>\n            </td>\n        </tr>\n    </tbody>\n</table>', '', 1, 16, '2019-03-22 18:58:54', '2019-05-08 13:36:10'),
(15, 16, 0, 'kalaivani.pixel@gmail.com', 'Subscribe : Your mail has been Subscribed', '<p>Thank you for your subscription.</p>\r\n<p>You will start receiving the latest product updates and offers.</p>\r\n<p>We wish you a wonderful shopping experience!</p>', '<p>If you have any queries or concerns, please feel free to email us at support@inbase.com</p>', '', 1, 16, '2019-04-09 12:13:38', '2019-05-08 13:29:58'),
(16, 17, 0, 'kalaivani.pixel@gmail.com', 'Generate Proforma Invoice', '', '', '', 1, 16, '2019-04-23 14:42:07', '2019-04-23 14:42:07'),
(17, 9, 0, 'kalaivani.pixel@gmail.com', 'Canceled : Your order has been cancelled ', '<p style=\"margin:5px 0 0 0;font:12px/16px Arial,sans-serif\"> As you requested by phone, we have cancelled your Order # ||order_id||.<br>If you have made the payment already, it will be credited back to your bank account soon. Please continue shopping with us!\r\n</p>', '<table id=\"m_-2797150272624227062m_-2343339325132390023m_4836535370212275732main\" style=\"color: rgb(51, 51, 51); font-family: Arial, sans-serif; font-size: 12px; font-style: normal; font-variant-ligatures: normal; font-variant-caps: normal; font-weight: 400; letter-spacing: normal; orphans: 2; text-align: start; text-indent: 0px; text-transform: none; white-space: normal; widows: 2; word-spacing: 0px; -webkit-text-stroke-width: 0px; background-color: rgb(255, 255, 255); text-decoration-style: initial; text-decoration-color: initial; width: 600px; border-collapse: collapse;\">\n    <tbody>\n        \n        <tr>\n            <td style=\"font-family: Arial, sans-serif; margin: 0px; vertical-align: top; font-size: 12px; line-height: 16px;\">\n                <table id=\"m_-2797150272624227062m_-2343339325132390023m_4836535370212275732closing\" style=\"width: 598px; padding: 0px; border-collapse: collapse;\">\n                    <tbody>\n                        <tr>\n                            <td style=\"font-family: Arial, sans-serif; margin: 0px; vertical-align: top; font-size: 12px; line-height: 16px;\">\n                                <p style=\"padding: 0px 0px 20px; border-bottom: 1px solid rgb(234, 234, 234); margin: 10px 0px 0px; font: 12px/16px Arial, sans-serif;\">We hope to see you again soon.<span>&nbsp;</span><br>support@inbase.in<br></p>\n                            </td>\n                        </tr>\n                    </tbody>\n                </table>\n            </td>\n        </tr>\n    </tbody>\n</table>', '', 1, 16, '2019-04-30 19:42:35', '2019-05-08 13:41:14'),
(18, 19, 0, 'kalaivani.pixel@gmail.com', 'Failure: Your order has been Failure', '<p style=\"margin:5px 0 0 0;font:12px/16px Arial,sans-serif\"> We find that you tried placing an order with us. We regret to inform that your order could not be completed. Please review your order and try again.  </p>', '<table id=\"m_-2797150272624227062m_-2343339325132390023m_4836535370212275732main\" style=\"color: rgb(51, 51, 51); font-family: Arial, sans-serif; font-size: 12px; font-style: normal; font-variant-ligatures: normal; font-variant-caps: normal; font-weight: 400; letter-spacing: normal; orphans: 2; text-align: start; text-indent: 0px; text-transform: none; white-space: normal; widows: 2; word-spacing: 0px; -webkit-text-stroke-width: 0px; background-color: rgb(255, 255, 255); text-decoration-style: initial; text-decoration-color: initial; width: 600px; border-collapse: collapse;\">\n    <tbody>\n        \n        <tr>\n            <td style=\"font-family: Arial, sans-serif; margin: 0px; vertical-align: top; font-size: 12px; line-height: 16px;\">\n                <table id=\"m_-2797150272624227062m_-2343339325132390023m_4836535370212275732closing\" style=\"width: 598px; padding: 0px; border-collapse: collapse;\">\n                    <tbody>\n                        <tr>\n                            <td style=\"font-family: Arial, sans-serif; margin: 0px; vertical-align: top; font-size: 12px; line-height: 16px;\">\n                                <p style=\"padding: 0px 0px 20px; border-bottom: 1px solid rgb(234, 234, 234); margin: 10px 0px 0px; font: 12px/16px Arial, sans-serif;\">We hope to see you again soon.<span>&nbsp;</span><br>support@inbase.in<br></p>\n                            </td>\n                        </tr>\n                    </tbody>\n                </table>\n            </td>\n        </tr>\n    </tbody>\n</table>', '', 1, 16, '2019-04-30 19:44:31', '2019-05-08 13:35:34'),
(19, 20, 0, 'kalaivani.pixel@gmail.com', 'Order Success: Your order has been success', '<p style=\"margin:5px 0 0 0;font:12px/16px Arial,sans-serif\"> Thank you for your order. we will send a confirmation when your order ships. Your estimated delivery date is indicated below. If you would like to view the status of your order or make any changes to it, please visit <a href=\"\" style=\"text-decoration:none;color:rgb(0,102,153);font:12px/16px Arial,sans-serif\" target=\"_blank\" rel=\"noreferrer\">Your Orders</a> on Inbase.in. </p>', '<table id=\"m_-2797150272624227062m_-2343339325132390023m_4836535370212275732main\" style=\"color: rgb(51, 51, 51); font-family: Arial, sans-serif; font-size: 12px; font-style: normal; font-variant-ligatures: normal; font-variant-caps: normal; font-weight: 400; letter-spacing: normal; orphans: 2; text-align: start; text-indent: 0px; text-transform: none; white-space: normal; widows: 2; word-spacing: 0px; -webkit-text-stroke-width: 0px; background-color: rgb(255, 255, 255); text-decoration-style: initial; text-decoration-color: initial; width: 600px; border-collapse: collapse;\">\n    <tbody>\n        \n        <tr>\n            <td style=\"font-family: Arial, sans-serif; margin: 0px; vertical-align: top; font-size: 12px; line-height: 16px;\">\n                <table id=\"m_-2797150272624227062m_-2343339325132390023m_4836535370212275732closing\" style=\"width: 598px; padding: 0px; border-collapse: collapse;\">\n                    <tbody>\n                        <tr>\n                            <td style=\"font-family: Arial, sans-serif; margin: 0px; vertical-align: top; font-size: 12px; line-height: 16px;\">\n                                <p style=\"padding: 0px 0px 20px; border-bottom: 1px solid rgb(234, 234, 234); margin: 10px 0px 0px; font: 12px/16px Arial, sans-serif;\">We hope to see you again soon.<span>&nbsp;</span><br>support@inbase.in<br></p>\n                            </td>\n                        </tr>\n                    </tbody>\n                </table>\n            </td>\n        </tr>\n    </tbody>\n</table>', '', 1, 16, '2019-04-30 20:30:45', '2019-05-08 13:35:20'),
(20, 21, 0, 'kalaivani.pixel@gmail.com', 'Individual Dealers Form', '<p>Thanks for contact with us, we will review your brand details and touch with you soon.</p>', '<p>Thanks &amp; Regards</p>\r\n<p>TEAM - Inbase</p>\r\n<p>If you have any queries or concerns, please feel free to email us at support@inbase.com</p>', '', 1, 16, '2019-05-08 15:40:19', '2019-05-08 15:40:29'),
(21, 22, 0, 'kalaivani.pixel@gmail.com', 'Brand Dealers Form', '<p>Thanks for contact with us, we will review your brand details and touch with you soon.</p>', '<p>Thanks &amp; Regards</p>\r\n<p>TEAM - Inbase Team<br></p>\r\n<p>If you have any queries or concerns, please feel free to email us at inbase@inbase.com</p>', '', 1, 15, '2019-05-08 15:41:20', '2020-08-24 18:26:13'),
(22, 4, 0, 'kalaivani.pixel@gmail.com', 'kk', 'kk', 'kk', '', 1, 15, '2020-08-13 11:36:18', '0000-00-00 00:00:00');

-- --------------------------------------------------------

--
-- Table structure for table `kr_mailtemplate_master`
--

CREATE TABLE `kr_mailtemplate_master` (
  `masterid` int(11) NOT NULL,
  `templatename` varchar(255) NOT NULL,
  `isconfirmtable` tinyint(1) NOT NULL,
  `IsActive` tinyint(1) NOT NULL,
  `userid` int(11) NOT NULL,
  `CreatedDate` datetime NOT NULL,
  `ModifiedDate` datetime NOT NULL
) ENGINE=InnoDB DEFAULT CHARSET=latin1;

--
-- Dumping data for table `kr_mailtemplate_master`
--

INSERT INTO `kr_mailtemplate_master` (`masterid`, `templatename`, `isconfirmtable`, `IsActive`, `userid`, `CreatedDate`, `ModifiedDate`) VALUES
(1, 'Register', 0, 1, 16, '2019-03-20 00:00:00', '2019-03-20 00:00:00'),
(2, 'Contactus', 1, 1, 16, '2019-03-20 00:00:00', '2019-03-20 00:00:00'),
(3, 'Orderplaced', 1, 1, 16, '2019-03-20 00:00:00', '2019-03-20 00:00:00'),
(4, 'Forget Password', 0, 1, 16, '2019-03-20 00:00:00', '2019-03-20 00:00:00'),
(5, 'Pending', 0, 1, 16, '2019-03-22 00:00:00', '2019-03-22 00:00:00'),
(6, 'Processing', 0, 1, 16, '2019-03-22 00:00:00', '2019-03-22 00:00:00'),
(7, 'Order_actions', 0, 1, 16, '0000-00-00 00:00:00', '0000-00-00 00:00:00'),
(8, 'Shipped', 0, 1, 16, '0000-00-00 00:00:00', '0000-00-00 00:00:00'),
(9, 'Canceled', 0, 1, 16, '0000-00-00 00:00:00', '0000-00-00 00:00:00'),
(10, 'Returned', 0, 2, 16, '0000-00-00 00:00:00', '0000-00-00 00:00:00'),
(11, 'Canceled Reversal', 0, 2, 16, '0000-00-00 00:00:00', '0000-00-00 00:00:00'),
(12, 'Refunded', 0, 2, 16, '0000-00-00 00:00:00', '0000-00-00 00:00:00'),
(13, 'Denied', 0, 2, 16, '0000-00-00 00:00:00', '0000-00-00 00:00:00'),
(14, 'Return & Refund', 0, 2, 16, '0000-00-00 00:00:00', '0000-00-00 00:00:00'),
(15, 'Delivered', 0, 1, 16, '0000-00-00 00:00:00', '0000-00-00 00:00:00'),
(16, 'Subscribe', 0, 1, 16, '2019-04-09 00:00:00', '2019-04-09 00:00:00'),
(17, 'Proforma Invoice', 0, 1, 16, '2019-04-23 00:00:00', '2019-04-23 00:00:00'),
(18, 'Ordercancell', 0, 1, 16, '2019-04-30 00:00:00', '2019-04-30 00:00:00'),
(19, 'Orderfailure', 0, 1, 16, '2019-04-30 00:00:00', '2019-04-30 00:00:00'),
(20, 'Ordersucess', 0, 1, 16, '2019-04-30 00:00:00', '2019-04-30 00:00:00'),
(21, 'Individual Dealers', 0, 1, 16, '2019-05-08 00:00:00', '2019-05-08 00:00:00'),
(22, 'Brand Dealers', 0, 1, 16, '2019-05-08 00:00:00', '2019-05-08 00:00:00');

-- --------------------------------------------------------

--
-- Table structure for table `kr_manageclient`
--

CREATE TABLE `kr_manageclient` (
  `mcid` int(11) NOT NULL,
  `mcname` varchar(255) NOT NULL,
  `mcimage` varchar(255) NOT NULL,
  `mcurl` varchar(255) NOT NULL,
  `SortingOrder` int(10) NOT NULL DEFAULT '0',
  `IsActive` tinyint(1) NOT NULL,
  `userid` int(11) NOT NULL,
  `CreatedDate` datetime NOT NULL,
  `ModifiedDate` datetime NOT NULL
) ENGINE=InnoDB DEFAULT CHARSET=latin1;

--
-- Dumping data for table `kr_manageclient`
--

INSERT INTO `kr_manageclient` (`mcid`, `mcname`, `mcimage`, `mcurl`, `SortingOrder`, `IsActive`, `userid`, `CreatedDate`, `ModifiedDate`) VALUES
(1, 'Oneplust', '16080418961logo-3.png', 'https://www.oneplus.in/', 3, 0, 1, '2019-01-31 19:27:21', '2021-02-01 18:51:23'),
(2, 'Apple', '16080418287logo-2.png', 'https://www.apple.com/in/iphone/', 2, 0, 1, '2019-01-31 19:28:13', '2021-02-01 18:51:15'),
(3, 'ANNA UNIVERSITY', '155334643594.jpg', '', 0, 2, 456, '2019-01-31 19:28:29', '2020-08-31 17:25:20'),
(4, 'cognizant', '155334671526.jpg', '', 0, 2, 456, '2019-01-31 19:28:47', '2020-08-31 17:25:28'),
(5, 'Apollo', '155334669225.jpg', '', 0, 2, 456, '2019-01-31 19:29:25', '2020-08-31 17:25:23'),
(6, 'FICCI_logo', '155334672927.jpg', '', 0, 2, 456, '2019-01-31 19:29:44', '2020-08-31 17:25:30'),
(7, 'CIT', '155334673958.jpg', '', 0, 2, 456, '2019-01-31 19:30:04', '2020-08-31 17:25:26'),
(8, 'IIT', '155334674939.jpg', '', 0, 2, 456, '2019-01-31 19:30:27', '2020-08-31 17:25:34'),
(9, 'HYUNDAI', '1553346758110.jpg', '', 0, 2, 456, '2019-01-31 19:30:43', '2020-08-31 17:25:32'),
(10, 'AIEMA', '155334638022.jpg', '', 0, 2, 456, '2019-01-31 19:30:57', '2020-08-31 17:25:15'),
(11, 'saf', '', 'dfs', 2, 2, 1, '2019-10-18 13:01:09', '2019-10-18 13:01:29'),
(12, 'Samsung', '16080417833logo-1.png', 'https://www.samsung.com/in/', 1, 0, 1, '2020-08-31 17:35:04', '2021-02-01 18:51:35'),
(13, 'Oppo', '16080419200logo-6.png', 'https://www.oppo.com/in/', 4, 0, 1, '2020-12-15 19:48:40', '2021-02-01 18:51:30'),
(14, 'BGR', '16121856314BGR-Logo.jpg', 'https://www.bgr.in/reviews/inbase-urban-fit-review-apple-watch-design-price-in-india-features-883615/', 1, 1, 1, '2021-02-01 18:50:31', '2021-02-01 18:50:31'),
(15, 'Financial Express', '16121857307Financial-Express-Logo.jpg', 'https://www.financialexpress.com/industry/technology/urban-fit-beep-smartwatch-real-treat-for-fitness-freaks/1898577/', 2, 1, 1, '2021-02-01 18:52:10', '2021-02-01 18:52:10'),
(16, 'NDTV', '16121857961NDTV-Logo.jpg', 'https://gadgets.ndtv.com/videos/a-splash-of-colour-with-gadgets-542543', 3, 1, 1, '2021-02-01 18:53:16', '2021-02-01 18:53:16'),
(17, 'Indulge Express', '16121858465Indian-Express-Indulge-Logo.jpg', 'https://www.indulgexpress.com/tech/2020/oct/02/gadget-boy-review-inbase-urban-lite-28523.html', 4, 1, 1, '2021-02-01 18:54:06', '2021-02-01 18:54:06'),
(18, 'News Bytes', '16121859182News-Byte-Logo.jpg', 'https://www.newsbytesapp.com/news/science/inbase-urban-lite-smartwatch-review-specifications-features-price/story', 5, 1, 1, '2021-02-01 18:55:18', '2021-02-01 18:55:18'),
(19, 'WION News', '16121859494WION-TV-Logo.jpg', 'https://www.wionews.com/technology/invest-in-tech-this-festive-season-heres-a-comprehensive-list-of-what-to-buy-342410', 6, 1, 1, '2021-02-01 18:55:49', '2021-02-01 18:55:49'),
(20, 'Outlook India', '16121859986Outlook-India-Logo.jpg', 'https://www.outlookindia.com/website/story/inbase-launches-a-new-smart-watch/360655', 7, 1, 1, '2021-02-01 18:56:38', '2021-02-01 18:56:38'),
(21, 'Dainik Jagran', '16121860422Dainik-Jagran-Logo.jpg', 'https://www.jagran.com/technology/review-urban-lite-smartwatch-review-decent-package-of-powerful-battery-and-features-20944884.html', 0, 1, 1, '2021-02-01 18:57:22', '2021-02-01 18:57:22'),
(22, 'Digit', '16121865267Digit-Logo.jpg', 'https://www.digit.in/press-release/audio-video/inbase-boom-plus-wireless-speaker-with-ipx6-rating-inbuilt-mic-launched-at-rs-1499-58071.html', 9, 1, 1, '2021-02-01 19:05:26', '2021-02-01 19:05:26'),
(23, 'Dainik Bhaskar', '16121865550Dainik-Bhaskar-Logo.jpg', 'https://www.bhaskar.com/tech-auto/news/inbase-urban-pro-smartwatch-water-resistant-with-smart-touch-features-first-opinion-127851074.html', 10, 1, 1, '2021-02-01 19:05:55', '2021-02-01 19:05:55'),
(24, 'Punjab Kesari', '16121865989Punjab-Kesari-Logo.jpg', 'https://gadget.punjabkesari.in/gadgets/news/inbase-launches-multi-functional-box-for-the-first-time-in-india-1301767', 11, 1, 1, '2021-02-01 19:06:38', '2021-02-01 19:06:38'),
(25, 'Mobile Indian', '16121866360The-Mobile-Indian-Logo.jpg', 'https://www.themobileindian.com/news/inbase-launches-boom-plus-wireless-speaker-in-india-34632', 12, 1, 1, '2021-02-01 19:07:16', '2021-02-01 19:07:16'),
(26, 'My Mobile', '16121866658My-Mobile-Logo.jpg', 'https://www.mymobileindia.com/infocus/inbase-boom-plus-wireless-speaker-launched-rs-1499-india', 13, 1, 1, '2021-02-01 19:07:45', '2021-02-01 19:07:45');

-- --------------------------------------------------------

--
-- Table structure for table `kr_managetieup`
--

CREATE TABLE `kr_managetieup` (
  `tieupid` int(11) NOT NULL,
  `tieupname` varchar(255) NOT NULL,
  `tieupimage` varchar(255) NOT NULL,
  `tieupurl` varchar(255) NOT NULL,
  `SortingOrder` int(10) NOT NULL DEFAULT '0',
  `IsActive` tinyint(1) NOT NULL,
  `userid` int(11) NOT NULL,
  `CreatedDate` datetime NOT NULL,
  `ModifiedDate` datetime NOT NULL
) ENGINE=InnoDB DEFAULT CHARSET=latin1;

--
-- Dumping data for table `kr_managetieup`
--

INSERT INTO `kr_managetieup` (`tieupid`, `tieupname`, `tieupimage`, `tieupurl`, `SortingOrder`, `IsActive`, `userid`, `CreatedDate`, `ModifiedDate`) VALUES
(1, 'brandstieup', '15489987598Ovation.png', '', 0, 2, 1, '2019-02-01 10:55:59', '2019-03-23 13:38:51'),
(2, 'rererer1503', '', '', 0, 2, 16, '2019-03-15 11:58:25', '2019-03-15 11:58:37'),
(3, 'bharat', '155377314571.jpg', 'brands/bharat', 1, 1, 1, '2019-03-23 14:47:59', '2019-10-18 12:59:40'),
(4, 'cross', '155377313643.jpg', 'brands/cross', 0, 1, 16, '2019-03-23 14:48:47', '2019-03-28 11:38:56'),
(5, 'godrej', '155377315252.jpg', 'brands/godrej', 0, 1, 16, '2019-03-23 14:49:06', '2019-03-28 11:39:12'),
(6, 'Jaipan', '1553773165519.jpg', 'brands/jaipan', 0, 1, 16, '2019-03-23 14:49:22', '2019-03-28 11:39:25'),
(7, 'Jaipur Watch', '1553773204218.jpg', 'brands/jaipur-watch', 0, 1, 16, '2019-03-23 14:49:38', '2019-03-28 11:40:04'),
(8, 'kangaro-logo', '1553773216817.jpg', 'brands/kangaro-logo', 0, 1, 16, '2019-03-23 14:50:01', '2019-03-28 11:40:16'),
(9, 'Kores', '1553773234816.jpg', 'brands/kores', 0, 1, 16, '2019-03-23 14:51:00', '2019-03-28 11:40:34'),
(10, 'Milton', '1553773246315.jpg', 'brands/milton', 0, 1, 16, '2019-03-23 14:51:17', '2019-03-28 11:40:46'),
(11, 'Nightingale', '1553773265214.jpg', 'brands/nightingale', 0, 1, 16, '2019-03-23 14:51:38', '2019-03-28 11:41:05'),
(12, 'PA Logo with Eagle', '1553773280913.jpg', 'brands/pa-logo-with-eagle', 0, 1, 16, '2019-03-23 14:52:17', '2019-03-28 11:41:20'),
(13, 'Samsung', '1553773289112.jpg', 'brands/samsung', 0, 1, 16, '2019-03-23 14:52:40', '2019-03-28 11:41:29'),
(14, 'Sheaffer', '1553773300111.jpg', 'brands/sheaffer', 0, 1, 16, '2019-03-23 14:52:55', '2019-03-28 11:41:40'),
(15, 'Sonata', '1553773314610.jpg', 'brands/sonata', 0, 1, 16, '2019-03-23 14:53:13', '2019-03-28 11:41:54'),
(16, 'Sony', '155377333429.jpg', 'brands/sony', 0, 1, 16, '2019-03-23 14:53:32', '2019-03-28 11:42:14'),
(17, 'Swiss', '155377335958.jpg', 'beta/brands/swiss', 0, 1, 16, '2019-03-23 14:53:52', '2019-03-28 11:42:39'),
(18, 'Targus', '155377337527.jpg', 'brands/targus', 0, 1, 16, '2019-03-23 14:54:10', '2019-03-28 11:42:55'),
(19, 'Titan', '155377338596.jpg', 'brands/titan', 0, 1, 16, '2019-03-23 14:54:27', '2019-03-28 11:43:05'),
(20, 'VIP', '155377339315.jpg', 'brands/vip', 0, 1, 16, '2019-03-23 14:54:45', '2019-03-28 11:43:13'),
(21, 'wildcraft', '155377340174.jpg', '', 0, 0, 1, '2019-03-23 14:55:01', '2019-03-28 18:52:07'),
(22, 'dfssf', '', '', 33, 2, 1, '2019-10-18 13:01:49', '2019-10-18 13:02:05');

-- --------------------------------------------------------

--
-- Table structure for table `kr_manage_memberof`
--

CREATE TABLE `kr_manage_memberof` (
  `memberid` int(11) NOT NULL,
  `membername` varchar(255) NOT NULL,
  `memberimage` varchar(255) NOT NULL,
  `memberurl` varchar(255) NOT NULL,
  `SortingOrder` int(10) NOT NULL DEFAULT '0',
  `IsActive` tinyint(1) NOT NULL,
  `userid` int(11) NOT NULL,
  `CreatedDate` datetime NOT NULL,
  `ModifiedDate` datetime NOT NULL
) ENGINE=InnoDB DEFAULT CHARSET=latin1;

--
-- Dumping data for table `kr_manage_memberof`
--

INSERT INTO `kr_manage_memberof` (`memberid`, `membername`, `memberimage`, `memberurl`, `SortingOrder`, `IsActive`, `userid`, `CreatedDate`, `ModifiedDate`) VALUES
(1, 'memberof1', '15490182430Award-&-Personalization-Association.png', '', 6, 1, 16, '2019-02-01 16:20:43', '2019-02-01 16:20:43'),
(2, 'memberof2', '15490182559GJC.png', '', 4, 1, 16, '2019-02-01 16:20:55', '2019-02-01 16:20:55'),
(3, 'memberof3', '15490182693Jito.png', '', 3, 1, 16, '2019-02-01 16:21:09', '2019-02-01 16:21:09'),
(4, 'memberof4', '15490182868mma.png', '', 1, 1, 16, '2019-02-01 16:21:26', '2019-02-01 16:21:26'),
(5, 'memberof5', '15490182998Rai.png', '', 5, 1, 16, '2019-02-01 16:21:39', '2019-02-01 16:21:39'),
(6, 'memberof6', '15490183155Rotary.png', '', 2, 1, 16, '2019-02-01 16:21:55', '2019-02-01 16:21:55'),
(7, 'memberof7', '15490183276TUV.png', '', 0, 2, 1, '2019-02-01 16:22:07', '2019-03-28 18:51:53'),
(8, 'fgfgfgfg1503', '', '', 0, 2, 16, '2019-03-15 11:58:05', '2019-03-15 11:58:09');

-- --------------------------------------------------------

--
-- Table structure for table `kr_manufacturer`
--

CREATE TABLE `kr_manufacturer` (
  `manufacturerId` int(11) NOT NULL,
  `parentId` int(11) NOT NULL,
  `manucode` varchar(400) NOT NULL,
  `manufacturerName` varchar(50) DEFAULT NULL,
  `description` varchar(100) DEFAULT NULL,
  `manufactImage` varchar(256) DEFAULT NULL,
  `metatitle` varchar(500) NOT NULL,
  `metadesc` varchar(500) NOT NULL,
  `metakeyword` varchar(500) NOT NULL,
  `sortingOrder` tinyint(1) DEFAULT NULL,
  `IsActive` tinyint(1) NOT NULL,
  `UserId` int(11) NOT NULL,
  `createdDate` datetime NOT NULL,
  `modifiedDate` datetime NOT NULL
) ENGINE=InnoDB DEFAULT CHARSET=latin1;

--
-- Dumping data for table `kr_manufacturer`
--

INSERT INTO `kr_manufacturer` (`manufacturerId`, `parentId`, `manucode`, `manufacturerName`, `description`, `manufactImage`, `metatitle`, `metadesc`, `metakeyword`, `sortingOrder`, `IsActive`, `UserId`, `createdDate`, `modifiedDate`) VALUES
(1, 0, 'kk_1_1_1', 'kk', 'kk', '159791383051594869970815936936753skin-care.png', 'kk', 'kk', 'k', 3, 1, 17, '2018-12-06 14:03:02', '2021-05-10 08:30:23');

-- --------------------------------------------------------

--
-- Table structure for table `kr_mastertables`
--

CREATE TABLE `kr_mastertables` (
  `MasterId` int(11) NOT NULL,
  `tablesname` varchar(100) NOT NULL,
  `displayname` varchar(100) NOT NULL,
  `ColumnName` varchar(500) NOT NULL,
  `ValueCoumn` varchar(100) NOT NULL,
  `defaultvalue` int(11) DEFAULT NULL,
  `IsActive` int(11) NOT NULL DEFAULT '1',
  `UserId` int(11) NOT NULL DEFAULT '1',
  `CreatedDate` datetime NOT NULL,
  `ModifiedDate` datetime NOT NULL
) ENGINE=InnoDB DEFAULT CHARSET=latin1;

--
-- Dumping data for table `kr_mastertables`
--

INSERT INTO `kr_mastertables` (`MasterId`, `tablesname`, `displayname`, `ColumnName`, `ValueCoumn`, `defaultvalue`, `IsActive`, `UserId`, `CreatedDate`, `ModifiedDate`) VALUES
(1, 'country', 'country', 'countryname', 'countryid', 1, 1, 1, '2019-02-05 00:00:00', '2019-02-05 00:00:00'),
(2, 'state', 'state', 'statename', 'stateid', 0, 1, 1, '2019-02-05 00:00:00', '2019-02-05 00:00:00');

-- --------------------------------------------------------

--
-- Table structure for table `kr_menus`
--

CREATE TABLE `kr_menus` (
  `MenuId` int(11) NOT NULL,
  `MenuName` varchar(50) NOT NULL,
  `Description` varchar(100) DEFAULT NULL,
  `IsActive` tinyint(1) NOT NULL DEFAULT '1',
  `SortingOrder` int(11) NOT NULL,
  `UserId` int(11) NOT NULL,
  `moduleicon` varchar(255) NOT NULL,
  `Parent` int(11) NOT NULL,
  `CreatedDate` datetime(6) NOT NULL,
  `ModifiedDate` datetime(6) NOT NULL
) ENGINE=InnoDB DEFAULT CHARSET=latin1;

--
-- Dumping data for table `kr_menus`
--

INSERT INTO `kr_menus` (`MenuId`, `MenuName`, `Description`, `IsActive`, `SortingOrder`, `UserId`, `moduleicon`, `Parent`, `CreatedDate`, `ModifiedDate`) VALUES
(1, 'User Settings', 'Admin Settings desc', 1, 1, 15, 'flaticon-user-group', 0, '2016-03-08 11:14:03.000000', '2020-08-26 13:14:15.000000'),
(2, 'Masters', 'Masters desc', 1, 2, 7, 'flaticon-saas', 0, '2016-03-08 15:57:30.000000', '2016-05-05 00:00:00.000000'),
(3, 'Banner', 'Banner', 1, 6, 15, 'flaticon-crop-1', 0, '2016-03-08 16:39:16.000000', '2020-08-26 11:04:06.000000'),
(4, 'testmenu2', 'fsdfsdf', 2, 4, 15, 'flaticon-menu-4', 0, '2016-03-09 21:03:19.000000', '2020-08-11 17:11:14.000000'),
(5, 'Configurations', 'Configurations desc', 1, 3, 15, 'flaticon-setting-line', 0, '2016-03-14 12:39:06.000000', '2020-08-26 11:04:14.000000'),
(6, 'Skill Test Configuration', 'Skill Test Configuration', 2, 5, 1, 'flaticon-setting-line', 0, '2016-03-14 15:23:55.000000', '2019-04-04 11:13:32.000000'),
(7, 'Manage Attribute', 'Manage Attribute', 1, 5, 2, 'flaticon-menu-circle-line', 0, '2016-03-24 11:29:18.000000', '2018-11-12 11:47:27.000000'),
(8, 'Approvals', 'Approvals', 1, 6, 22, 'flaticon-menu-4', 0, '2016-03-28 17:01:48.000000', '2018-12-14 11:20:10.000000'),
(9, 'Shipping', 'Shipping', 1, 4, 15, 'flaticon-luggage', 0, '2016-04-16 16:02:55.000000', '2020-08-26 11:04:31.000000'),
(10, 'test1', '', 2, 1, 7, 'flaticon-menu-4', 0, '2016-04-16 16:04:54.000000', '2016-04-16 00:00:00.000000'),
(11, 'Offer Management', 'Offer Management', 1, 8, 15, 'flaticon-notes-3', 0, '2016-04-22 12:55:37.000000', '2020-08-26 11:04:41.000000'),
(12, 'Catalog', 'Categories and Products', 1, 7, 15, 'flaticon-note-1', 0, '2016-04-22 13:21:59.000000', '2020-08-26 11:04:47.000000'),
(14, 'Product Management', 'Product Management', 2, 20, 1, 'flaticon-menu-4', 0, '2016-04-28 10:31:29.000000', '2018-12-07 12:43:24.000000'),
(15, 'Customers', 'manage registered customers and add a new customers', 1, 9, 15, 'flaticon-user-1', 0, '2016-04-28 10:32:48.000000', '2020-08-26 11:04:52.000000'),
(16, 'CMS Management', 'CMS Management', 1, 7, 1, 'flaticon-document-fill', 0, '2016-04-30 15:52:58.000000', '2020-12-12 12:32:19.000000'),
(17, 'Test menu', 'test menu', 2, 1, 7, 'flaticon-menu-4', 0, '2016-05-05 10:41:58.000000', '2016-05-05 00:00:00.000000'),
(18, 'Test Menu', 'test', 1, 1, 15, 'flaticon-menu-4', 0, '2016-05-05 11:08:26.000000', '2020-08-26 11:18:05.000000'),
(19, 'Test Menu 2', 'testing', 2, 0, 7, 'flaticon-menu-4', 0, '2016-05-05 12:11:53.000000', '2016-05-05 00:00:00.000000'),
(20, 'SMS', 'manage sms gateway', 0, 12, 1, 'flaticon-menu-4', 0, '2016-05-06 11:12:32.000000', '2019-04-04 11:13:38.000000'),
(21, 'Bulk Upload', '', 1, 21, 15, 'flaticon-file-upload-line', 0, '2016-05-07 14:32:26.000000', '2020-08-31 12:36:20.000000'),
(22, 'Order Management', 'Order Management', 1, 10, 15, 'flaticon-cart-2', 0, '2016-05-09 11:51:26.000000', '2020-08-26 11:05:07.000000'),
(23, 'Return Management', 'Return Management', 0, 9, 15, 'flaticon-menu-4', 0, '2016-05-17 12:16:31.000000', '2020-08-11 14:08:29.000000'),
(24, 'Manifest Management', 'Manifest Management', 0, 11, 1, 'flaticon-menu-4', 0, '2016-05-19 10:26:59.000000', '2019-04-04 11:15:00.000000'),
(25, 'Payment Gateway', '', 1, 11, 15, 'flaticon-wallet', 0, '2016-05-19 11:35:21.000000', '2020-08-26 13:03:54.000000'),
(26, 'yut', 'utyutykkkkkkkkkkkkk', 2, 1, 8, 'flaticon-menu-4', 0, '2016-05-19 15:56:54.000000', '2016-05-19 00:00:00.000000'),
(27, 'Review Management', 'Review Management', 0, 10, 1, 'flaticon-menu-4', 0, '2016-05-20 15:32:28.000000', '2019-04-04 11:13:26.000000'),
(28, 'Reports', 'Reports', 1, 22, 456, 'flaticon-bar-chart-2', 0, '2016-05-24 10:00:08.000000', '2020-09-01 18:19:12.000000'),
(29, 'test', 'tetww', 2, 24, 15, 'flaticon-menu-4', 0, '2018-11-05 18:30:42.000000', '2020-08-11 14:06:12.000000'),
(30, 'test new', 'reeer', 2, 25, 15, 'flaticon-menu-4', 0, '2018-11-05 21:50:31.000000', '2020-08-11 13:56:08.000000'),
(31, 'New Test Menu', 'Lorem ipsum dolor sit amet, ea summo iudico legere mel, sit an ludus pertinax, suas eirmod an nam. C', 2, 4, 22, 'flaticon-menu-4', 0, '2018-12-14 11:09:23.000000', '2018-12-14 11:14:47.000000'),
(32, 'New Test Menus', 'New Test MenuNew Test Menu', 2, 4, 22, 'flaticon-menu-4', 0, '2018-12-14 11:13:56.000000', '2018-12-14 11:15:03.000000'),
(33, 'testmenu15034', 'desd', 2, 123, 16, 'flaticon-menu-4', 0, '2019-03-15 11:41:19.000000', '2019-03-15 11:42:13.000000'),
(34, 'Enquire', 'Enquire', 1, 12, 15, 'flaticon-notes-6', 0, '2019-04-05 18:26:34.000000', '2020-08-26 13:21:37.000000'),
(35, 'Testing kalai', '', 0, 1, 1, 'flaticon-saass', 0, '0000-00-00 00:00:00.000000', '2020-12-22 16:46:12.000000'),
(36, 'kk', '', 2, 1, 1, 'jkhlk', 0, '0000-00-00 00:00:00.000000', '0000-00-00 00:00:00.000000');

-- --------------------------------------------------------

--
-- Table structure for table `kr_modulemenus`
--

CREATE TABLE `kr_modulemenus` (
  `ModuleMenuId` int(11) NOT NULL,
  `ModuleId` int(11) NOT NULL,
  `MenuId` int(11) DEFAULT NULL,
  `SortingOrder` int(11) DEFAULT '0',
  `UserId` int(11) DEFAULT NULL,
  `IsActive` tinyint(1) NOT NULL DEFAULT '1'
) ENGINE=InnoDB DEFAULT CHARSET=latin1;

--
-- Dumping data for table `kr_modulemenus`
--

INSERT INTO `kr_modulemenus` (`ModuleMenuId`, `ModuleId`, `MenuId`, `SortingOrder`, `UserId`, `IsActive`) VALUES
(1, 1, 1, 1, 2, 1),
(2, 2, 1, 2, 2, 1),
(3, 3, 1, 3, 2, 1),
(4, 4, 1, 5, 2, 1),
(5, 5, 1, 4, 2, 1),
(6, 6, 1, 7, 2, 1),
(7, 6, 2, 0, 1, 0),
(8, 7, 2, 5, 1, 1),
(9, 8, 2, 6, 1, 1),
(10, 9, 2, 7, 1, 1),
(11, 10, 2, 0, 1, 0),
(12, 11, 2, 8, 1, 1),
(13, 12, 2, 9, 1, 1),
(14, 13, 2, 11, 1, 0),
(15, 14, 2, 8, 1, 0),
(16, 15, 2, 8, 1, 0),
(17, 16, 2, 9, 1, 0),
(18, 17, 2, 14, 1, 1),
(19, 18, 3, 1, 456, 1),
(20, 19, 3, 2, 456, 0),
(21, 20, 5, 2, 8, 1),
(22, 21, 5, 3, 8, 1),
(23, 22, 6, 0, 2, 1),
(24, 23, 6, 0, 2, 1),
(25, 24, 5, 3, 8, 0),
(26, 25, 5, 4, 8, 1),
(27, 26, 6, 0, 2, 1),
(28, 27, 5, 5, 8, 1),
(29, 28, 5, 6, 8, 1),
(30, 29, 2, 11, 1, 0),
(31, 30, 2, 2, 1, 1),
(32, 31, 8, 0, 7, 1),
(33, 32, 8, 0, 7, 1),
(34, 33, 2, 12, 1, 0),
(35, 34, 2, 13, 1, 0),
(36, 35, 8, 0, 7, 1),
(37, 36, 3, 3, 456, 0),
(38, 32, 9, 0, 16, 0),
(39, 35, 9, 0, 16, 0),
(40, 36, 9, 0, 16, 0),
(41, 7, 8, 0, 7, 0),
(42, 37, 12, 1, 1, 1),
(43, 38, 11, 0, 22, 1),
(44, 39, 2, 4, 1, 1),
(45, 40, 1, 0, 2, 1),
(46, 41, 2, 1, 1, 1),
(47, 42, 2, 10, 1, 1),
(48, 43, 13, 0, 1, 1),
(49, 44, 2, 9, 1, 1),
(50, 45, 9, 1, 16, 1),
(51, 46, 15, 3, 16, 1),
(52, 47, 14, 0, 5, 1),
(53, 48, 15, 2, 16, 1),
(54, 49, 15, 1, 16, 1),
(55, 50, 2, 3, 1, 1),
(56, 51, 16, 1, 16, 1),
(57, 52, 16, 2, 16, 1),
(58, 53, 16, 3, 16, 1),
(59, 54, 9, 2, 16, 1),
(60, 55, 9, 3, 16, 1),
(61, 56, 9, 4, 16, 0),
(62, 58, 5, 0, 8, 1),
(63, 38, 17, 0, 7, 1),
(64, 59, 18, 0, 7, 1),
(65, 38, 18, 0, 7, 1),
(66, 21, 19, 0, 7, 1),
(67, 28, 19, 0, 7, 1),
(68, 38, 19, 0, 7, 1),
(69, 60, 20, 1, 4, 1),
(70, 61, 21, 0, 4, 1),
(71, 42, 22, 0, 1, 0),
(72, 62, 22, 1, 1, 1),
(73, 63, 21, 1, 4, 1),
(74, 64, 23, 0, 5, 1),
(75, 65, 11, 1, 22, 1),
(76, 66, 21, 2, 4, 1),
(77, 67, 24, 0, 5, 1),
(78, 68, 25, 0, 4, 1),
(79, 69, 2, 9, 1, 0),
(80, 70, 27, 0, 1, 1),
(81, 71, 16, 4, 16, 1),
(82, 72, 28, 1, 1, 1),
(83, 73, 28, 2, 1, 1),
(84, 74, 28, 3, 1, 1),
(85, 75, 28, 4, 1, 0),
(86, 76, 28, 5, 1, 1),
(91, 77, 7, 0, 1, 0),
(92, 78, 7, 0, 1, 0),
(93, 47, 12, 2, 1, 1),
(94, 14, 27, 0, 1, 1),
(95, 81, 7, 0, 1, 1),
(96, 83, 12, 3, 1, 1),
(97, 84, 28, 0, 1, 0),
(98, 85, 28, 0, 1, 0),
(99, 86, 7, 0, 1, 0),
(100, 99, 7, 0, 1, 0),
(101, 79, 2, 12, 1, 0),
(102, 80, 2, 13, 1, 0),
(103, 100, 2, 15, 1, 0),
(104, 106, 2, 16, 1, 0),
(105, 107, 2, 17, 1, 0),
(106, 110, 16, 5, 16, 0),
(107, 111, 16, 6, 16, 0),
(108, 112, 9, 3, 16, 0),
(109, 113, 9, 2, 16, 0),
(110, 117, 28, 0, 1, 0),
(111, 117, 2, 10, 1, 1),
(112, 84, 34, 0, 1, 1),
(113, 85, 34, 0, 1, 0),
(114, 106, 34, 0, 1, 0),
(115, 107, 34, 0, 1, 0),
(116, 108, 34, 1, 1, 1),
(117, 109, 34, 2, 1, 1),
(118, 110, 34, 3, 1, 1),
(119, 111, 34, 4, 1, 1),
(120, 79, 3, 3, 456, 1),
(121, 80, 3, 0, 456, 0),
(122, 100, 3, 0, 456, 0),
(123, 118, 28, 0, 1, 0),
(124, 118, 34, 5, 1, 1),
(125, 119, 34, 0, 1, 1),
(126, 120, 9, 0, 16, 1),
(127, 122, 15, 4, 16, 1),
(128, 123, 15, 6, 16, 1),
(129, 124, 15, 5, 16, 1),
(130, 125, 12, 4, 1, 1),
(131, 96, 7, 0, 1, 1),
(132, 1, 36, 0, 15, 1),
(133, 2, 36, 0, 15, 1),
(134, 3, 36, 0, 15, 1),
(135, 41, 12, 5, 1, 1),
(136, 130, 35, 0, 15, 1),
(137, 135, 3, 2, 456, 1),
(138, 136, 22, 2, 1, 1),
(139, 141, 12, 6, 1, 1);

-- --------------------------------------------------------

--
-- Table structure for table `kr_modules`
--

CREATE TABLE `kr_modules` (
  `ModuleId` int(11) NOT NULL,
  `ModuleName` varchar(100) NOT NULL,
  `Description` varchar(200) NOT NULL,
  `ModulePath` varchar(510) DEFAULT NULL,
  `IsActive` tinyint(1) NOT NULL DEFAULT '1',
  `CreatedDate` datetime NOT NULL,
  `ModifiedDate` datetime NOT NULL,
  `UserId` int(11) NOT NULL,
  `SortingOrder` int(11) NOT NULL
) ENGINE=InnoDB DEFAULT CHARSET=latin1;

--
-- Dumping data for table `kr_modules`
--

INSERT INTO `kr_modules` (`ModuleId`, `ModuleName`, `Description`, `ModulePath`, `IsActive`, `CreatedDate`, `ModifiedDate`, `UserId`, `SortingOrder`) VALUES
(1, 'Menu', 'Manage Menu', 'menu_mng.php', 1, '2016-03-08 11:17:26', '2020-08-26 15:45:44', 15, 0),
(2, 'Modules', 'Manage Modules', 'module_mng.php', 1, '2016-03-08 16:07:28', '2016-05-05 00:00:00', 7, 0),
(3, 'Module menu', 'Module menu', 'modulemenu_mng.php', 1, '2016-03-08 18:16:38', '0000-00-00 00:00:00', 2, 0),
(4, 'Permission info', 'Permission Info', 'permissioninfo_mng.php', 1, '2016-03-08 18:19:37', '0000-00-00 00:00:00', 2, 0),
(5, 'Roles Info', 'Role Info', 'roleinfo_mng.php', 1, '2016-03-08 18:20:14', '0000-00-00 00:00:00', 2, 0),
(6, 'User Info', 'User info', 'userinfo_mng.php', 1, '2016-03-08 18:20:36', '2016-05-05 00:00:00', 7, 0),
(7, 'Manage Country', 'Manage Country ', 'country_mng.php', 1, '2016-03-09 16:39:57', '2016-05-05 00:00:00', 7, 0),
(8, 'Manage State', 'Manage State', 'state_mng.php', 1, '2016-03-09 16:40:40', '0000-00-00 00:00:00', 1, 0),
(9, 'Manage City', 'Manage City', 'city_mng.php', 1, '2016-03-09 16:41:10', '0000-00-00 00:00:00', 1, 0),
(10, 'Manage Area', 'Manage Area', 'area_mng.php', 2, '2016-03-09 16:41:32', '2018-12-07 12:35:39', 1, 0),
(11, 'Manage Postcode', 'Manage Postcode', 'postcode_mng.php', 1, '2016-03-09 16:41:59', '0000-00-00 00:00:00', 1, 0),
(12, 'Manage Currency', 'Manage Currency', 'currency_mng.php', 0, '2016-03-10 13:07:22', '2021-05-11 17:31:13', 1, 0),
(13, 'Manage Language', 'Manage Langauge', 'language_mng.php', 1, '2016-03-10 13:08:22', '0000-00-00 00:00:00', 2, 0),
(14, 'Review Parameter', 'Review Parameter', 'reviewpara_mng.php', 0, '2016-03-10 14:00:44', '2021-05-11 17:31:29', 1, 0),
(15, 'Manage Department', 'Manage Department', 'department_mng.php', 2, '2016-03-10 14:01:44', '2016-04-22 00:00:00', 1, 0),
(16, 'Manage Skills', 'Manage Skills', 'skills_mng.php', 2, '2016-03-10 15:16:31', '2018-12-07 12:37:11', 1, 0),
(17, 'Manage Project Type', 'Manage Project Type', 'projecttype_mng.php', 0, '2016-03-11 13:05:47', '2021-01-12 19:06:53', 1, 0),
(18, 'Manage Banners', 'Manage Banners', 'banners_mng.php', 1, '2016-03-11 14:24:36', '0000-00-00 00:00:00', 1, 0),
(19, 'News & Event Management', 'News & Event Management', 'newsevent_mng.php', 1, '2016-03-14 10:18:31', '2020-08-12 13:25:51', 1, 0),
(20, 'Manage Add-ons', 'Manage Add-ons', 'postingaddon_mng.php', 2, '2016-03-14 12:52:11', '2018-12-07 12:35:18', 1, 0),
(21, 'Manage Add-ons Bids', 'Manage Add-ons Bids', 'bidsaddon_mng.php', 2, '2016-03-14 15:00:36', '2018-12-07 12:35:28', 1, 0),
(22, 'Skill Test Bidding configuration', ' Skill Test Bidding configuration', 'bidconfig_mng.php', 2, '2016-03-14 15:26:17', '2016-04-22 00:00:00', 8, 0),
(23, 'Manage Question Bank', 'Question Bank', 'questbank_mng.php', 2, '2016-03-14 16:31:49', '2016-04-22 00:00:00', 8, 0),
(24, 'Manage CA Commission', 'Manage CA Commission', 'cacommission_mng.php', 2, '2016-03-14 18:23:25', '2016-04-22 00:00:00', 8, 0),
(25, 'Reward Conversion Ratio', 'Reward Conversion Ratio', 'rewardconv_mng.php', 2, '2016-03-15 11:02:38', '2018-12-07 12:38:18', 1, 0),
(26, 'Set Skill Set', 'Set Skill Set', 'setskillset_mng.php', 2, '2016-03-15 13:47:32', '2018-12-07 12:38:44', 1, 0),
(27, 'Project Bidding Configuration', 'Project Bidding Configuration', 'projecttbidconfig_mng.php', 2, '2016-03-15 14:21:59', '2018-12-07 12:37:58', 1, 0),
(28, 'Manage Bids Earning', 'Manage Bids Earning', 'bidsearning_mng.php', 2, '2016-03-15 17:00:22', '2018-12-07 12:35:47', 1, 0),
(29, 'Canned Emails', 'Canned Emails', 'cannedemails_mng.php', 0, '2016-03-16 10:24:35', '2018-12-07 12:34:34', 1, 0),
(30, 'Manage Attribute', 'Attribute Value Master', 'attributes_mng.php', 1, '2016-03-24 11:30:02', '2020-08-26 18:17:28', 15, 0),
(37, 'Category', 'Category', 'category_mng.php', 1, '2016-04-22 13:22:37', '2016-04-22 00:00:00', 8, 0),
(38, 'Coupon Management', 'Coupon Management', 'coupons_mng.php', 1, '2016-04-22 15:47:59', '2016-05-05 00:00:00', 7, 0),
(39, 'Attribute Group Master', 'Attribute Group Master', 'attributegroup_mng.php', 1, '2016-04-23 11:51:40', '2020-08-26 18:17:39', 15, 0),
(40, 'Manage Image Configuration', 'Manage Image Configuration', 'imagesetting_mng.php', 0, '2016-04-23 17:39:33', '2018-12-07 12:36:37', 1, 0),
(41, 'Manage Brands', 'Manage Manufacturer', 'manufacturer_mng.php', 1, '2016-04-26 14:59:12', '2020-12-15 14:49:46', 1, 0),
(42, 'Manage Order Status', 'Manage Order Status', 'orderstatus_mng.php', 1, '2016-04-26 18:02:47', '0000-00-00 00:00:00', 1, 0),
(43, 'Module K', 'Module K', 'Module K', 2, '2016-04-27 11:36:04', '2016-04-27 00:00:00', 8, 0),
(44, 'Tax Master', 'Tax Master', 'taxmaster_mng.php', 1, '2016-04-27 13:24:24', '2018-12-17 10:42:21', 22, 0),
(45, 'Shipping Methods', 'Shipping Methods', 'shipping_mng.php', 1, '2016-04-27 17:21:12', '2016-05-03 00:00:00', 8, 0),
(46, 'Individual Customers', 'Individual Customers', 'customers_mng.php?cusid=MQ==', 1, '2016-04-28 10:33:36', '2021-01-29 13:09:51', 1, 0),
(47, 'Manage Product', 'Manage Product', 'product_mng.php', 1, '2016-04-28 10:35:10', '0000-00-00 00:00:00', 5, 0),
(48, 'Customer Groups', 'Customer Groups', 'customergroups_mng.php', 1, '2016-04-28 10:36:02', '0000-00-00 00:00:00', 4, 0),
(49, 'Custom Fields', 'Custom Fields', 'customfields_mng.php', 1, '2016-04-28 17:42:52', '2016-05-05 00:00:00', 7, 0),
(50, 'Map Group & Attributes', 'Manage Attributes', 'attributesmap_mng.php', 1, '2016-04-30 11:45:40', '2020-08-26 18:17:46', 15, 0),
(51, 'Page Management', 'Page Management', 'page_mng.php', 1, '2016-04-30 15:54:49', '0000-00-00 00:00:00', 2, 0),
(52, 'Block Management', 'Block Management', 'block_mng.php', 0, '2016-04-30 15:55:20', '2021-05-11 17:31:57', 1, 0),
(53, 'Front Menu Management', 'Front Menu Management', 'frontmenu_mng.php', 1, '2016-04-30 15:56:05', '0000-00-00 00:00:00', 2, 0),
(54, 'Manage Flat Rate Shipping', 'Manage Flat Rate Shipping', 'shippingflat_mng.php', 2, '2016-05-03 12:39:27', '2020-08-17 12:08:45', 15, 0),
(55, 'Manage Free Shipping', 'Manage Free Shipping', 'shippingfree_mng.php', 2, '2016-05-03 15:42:31', '2020-08-17 12:08:54', 15, 0),
(56, 'Price Based Shipping', 'Price Based Shipping', 'shippingprice_mng.php', 0, '2016-05-03 16:20:50', '2020-08-26 11:06:38', 15, 0),
(57, 'CMS Management', 'CMS Management', 'cmsmodule_mng.php', 1, '2016-05-04 11:42:24', '0000-00-00 00:00:00', 8, 0),
(58, 'Store Configuration', 'Store Configuration', 'configuration_mng.php', 1, '2016-05-04 17:27:55', '2016-05-05 00:00:00', 8, 0),
(59, 'Test module', 'Test module', 'test', 2, '2016-05-05 12:07:15', '2016-05-09 00:00:00', 7, 0),
(60, 'Manage SMS', 'Magage SMS Gateway', 'smsgateway_mng.php', 1, '2016-05-06 11:13:19', '0000-00-00 00:00:00', 4, 0),
(61, 'Product XLS Upload', 'Product XLS  Upload', 'bulkproductdownload_mng.php', 1, '2016-05-07 14:32:55', '2019-04-04 11:12:04', 1, 0),
(62, 'Manage Orders', 'Manage Orders', 'orders_mng.php', 1, '2016-05-09 12:08:10', '2019-04-08 16:07:54', 1, 0),
(63, 'Product CSV Download', 'Product CSV Download', 'bulkproductdownload_mng.php', 0, '2016-05-09 16:20:34', '2019-04-04 11:11:50', 1, 0),
(64, 'Manage Return', 'Manage Return', 'return_mng.php', 1, '2016-05-17 12:20:21', '2016-05-17 00:00:00', 5, 0),
(65, 'Discount Management', 'Discount Management', 'discount_mng.php', 1, '2016-05-18 10:46:14', '0000-00-00 00:00:00', 8, 0),
(66, 'Product Approval', 'Product Approval', 'productapproval_mng.php', 0, '2016-05-18 11:10:52', '2018-12-07 12:37:45', 1, 0),
(67, 'Manage Manifest', 'Manage Manifest', 'manifest_mng.php', 1, '2016-05-19 10:27:21', '0000-00-00 00:00:00', 5, 0),
(68, 'Manage Payment Gateway', 'Manage Payment Gateway', 'paymentgateway_mng.php', 1, '2016-05-19 11:35:57', '0000-00-00 00:00:00', 4, 0),
(69, 'Review Parameters', 'Review Parameters', 'reviewparams_mng.php', 1, '2016-05-20 13:13:30', '0000-00-00 00:00:00', 8, 0),
(70, 'Customer Reviews', 'Customer Reviews', 'customerprodreview_mng.php', 1, '2016-05-20 15:33:29', '0000-00-00 00:00:00', 8, 0),
(71, 'CMS Form Builder', 'CMS Form Builder', 'formbuilder_mng.php', 0, '2016-05-20 15:37:10', '2020-12-12 13:28:49', 16, 0),
(72, 'Sale Report', 'Sale Report', 'salereports_mng.php', 1, '2016-05-24 10:08:28', '0000-00-00 00:00:00', 2, 0),
(73, 'Ordered Products', 'Ordered Products', 'orderedproductsreport_mng.php', 1, '2016-05-27 15:32:58', '0000-00-00 00:00:00', 8, 0),
(74, 'Low Stock Products', 'Low Stock Products', 'lowstockproductsreport_mng.php', 1, '2016-05-27 18:31:13', '0000-00-00 00:00:00', 8, 0),
(75, 'Carted Items', 'Carted Items', 'carteditems_mng.php', 0, '2016-05-28 12:11:45', '2018-12-07 12:34:47', 1, 0),
(76, 'Customers Orders', 'Customers Orders', 'customerordersreport_mng.php', 1, '2016-05-28 16:17:12', '0000-00-00 00:00:00', 8, 0),
(77, 'RAM', 'RAM', 'attributevalue_mng.php?attid=MQ==', 2, '2018-11-09 00:00:00', '2019-01-18 20:24:29', 1, 0),
(78, 'Item Origin', 'Item Origin', 'attributevalue_mng.php?attid=Mg==', 2, '2018-11-09 00:00:00', '2019-01-31 15:58:04', 1, 0),
(79, 'Manage Client', 'Manage Client', 'manageclient_mng.php', 1, '2018-12-04 19:29:01', '2018-12-04 19:29:01', 16, 0),
(80, 'Manage Member of', 'Manage Member of', 'managememberof_mng.php', 0, '2018-12-04 19:30:32', '2021-05-11 17:34:56', 1, 0),
(81, 'Branding Options', 'Branding Options', 'attributevalue_mng.php?attid=NA==', 0, '2018-12-10 00:00:00', '2020-08-26 15:25:35', 15, 0),
(82, 'test', 'test', 'attributevalue_mng.php?attid=Mw==', 2, '2018-12-10 00:00:00', '2020-08-12 13:25:57', 1, 0),
(83, 'Manage Product Approval', 'Manage Product Approval', 'productapproval_mng.php', 1, '2018-12-11 11:29:14', '2018-12-11 11:29:14', 16, 0),
(84, 'Enquiry Forms', 'Enquiry Forms', 'rpt_formbuilder.php?formid=MQ== ', 1, '2018-12-12 19:41:36', '2018-12-13 20:44:26', 16, 0),
(85, 'Contact form ', 'Contact form ', 'rpt_formbuilder.php?formid=Mg==', 1, '2018-12-13 19:08:34', '2018-12-13 19:08:34', 16, 0),
(86, 'Attributemodel', 'Attributemodel', 'attributevalue_mng.php?attid=Ng==', 2, '2018-12-13 20:21:09', '2018-12-13 20:25:42', 16, 0),
(87, 'testmodelss', 'testmodelss', 'attributevalue_mng.php?attid=Nw= ', 1, '2018-12-13 20:26:59', '2018-12-13 20:43:34', 16, 0),
(88, 'testmodell', 'testmodell', 'attributevalue_mng.php?attid=OA==', 2, '2018-12-13 20:59:52', '2018-12-17 12:24:10', 22, 0),
(89, 'jptest', 'jptest', 'attributevalue_mng.php?attid=OQ==', 2, '2018-12-14 20:13:57', '2019-01-18 20:23:49', 1, 0),
(90, 'Description', 'Description', 'attributevalue_mng.php?attid=MTA=', 2, '2018-12-17 12:06:14', '2019-01-18 20:24:01', 1, 0),
(91, 'Specification', 'Specification', 'attributevalue_mng.php?attid=MTE=', 2, '2018-12-17 12:06:38', '2019-01-18 20:24:24', 1, 0),
(92, 'Colors', 'Colors', 'attributevalue_mng.php?attid=MTI=', 0, '2018-12-17 12:07:43', '2018-12-17 12:08:38', 22, 0),
(94, 'Color', 'Color', 'attributevalue_mng.php?attid=MTQ=', 0, '2018-12-17 12:11:21', '2018-12-17 12:11:21', 22, 0),
(96, 'Colours', 'Colours', 'attributevalue_mng.php?attid=MjA=', 1, '2018-12-17 12:17:02', '2021-02-04 00:00:00', 1, 0),
(98, 'Size ( L x W x H )', 'Size ( L x W x H )', 'attributevalue_mng.php?attid=MTg=', 1, '2018-12-17 12:23:33', '2021-02-04 00:00:00', 1, 0),
(99, 'Frames', 'Frames', 'attributevalue_mng.php?attid=MTk=', 2, '2018-12-18 12:07:56', '2019-01-18 20:24:35', 1, 0),
(100, 'Manage Tieup', 'managetieup', 'managetieup_mng.php', 1, '2018-12-18 12:48:34', '2018-12-18 12:48:34', 16, 0),
(101, 'testcheckbox18', 'testcheckbox18', 'attributevalue_mng.php?attid=MjA=', 0, '2018-12-18 13:42:48', '2021-05-11 17:34:32', 1, 0),
(102, 'Weight', 'Weight', 'attributevalue_mng.php?attid=NQ==', 1, '2018-12-19 00:00:00', '2021-02-04 00:00:00', 1, 0),
(103, 'testmodels', 'testmodels', 'attributevalue_mng.php?attid=Nw==', 2, '2018-12-19 00:00:00', '2019-01-18 20:24:07', 1, 0),
(104, 'Gender', 'Gender', 'attributevalue_mng.php?attid=MTc=', 2, '2018-12-19 00:00:00', '2019-01-18 20:23:54', 1, 0),
(105, 'Base for Divine Idol', 'Base for Divine Idol', 'attributevalue_mng.php?attid=MjE=', 2, '2019-01-31 15:59:47', '2020-08-24 18:31:51', 15, 0),
(106, 'Dealer Individual', 'dearindividual', 'dealerindividual_mng.php', 0, '2019-02-02 16:22:29', '2019-04-05 19:27:07', 1, 0),
(107, 'Dealer brand', 'dealerbrand', 'dealerbrand_mng.php', 0, '2019-02-02 16:40:18', '2019-04-05 19:27:35', 1, 0),
(108, 'Individual Dealer', 'Individual Dealer', 'rpt_formbuilder.php?formid=Mw==', 0, '2019-02-02 18:07:48', '2020-08-26 13:50:48', 15, 0),
(109, 'Brand Dealer', 'Brand Dealer', 'rpt_formbuilder.php?formid=NA==', 0, '2019-02-02 18:08:02', '2020-08-26 13:50:40', 15, 0),
(110, 'Dealers Individual ', 'dealer Individual ', 'fbmanagementdisplay_mng.php?tablename=individual_dealer', 0, '2019-02-07 21:17:49', '2020-08-26 13:51:05', 15, 0),
(111, 'Dealers Brand', 'dealer brand', 'fbmanagementdisplay_mng.php?tablename=brand_dealer', 0, '2019-02-07 21:19:25', '2020-08-26 13:51:09', 15, 0),
(112, 'Flat rate', 'Flat rate', 'shippingflat_mng.php', 2, '2019-02-13 12:49:38', '2019-02-13 12:54:02', 16, 0),
(113, 'Own Vehicle', 'Own Vehicle', 'shippingfree_mng.php', 2, '2019-02-13 12:50:25', '2019-02-13 12:54:09', 16, 0),
(114, 'testmodule15034', 'des5', 'pathr', 2, '2019-03-15 11:42:44', '2019-03-15 11:43:13', 16, 0),
(115, 'test1503', 'test1503', 'attributevalue_mng.php?attid=MjI=', 2, '2019-03-15 11:48:27', '2019-03-15 11:48:46', 16, 0),
(116, 'formtitle', 'dfgfgfg', 'rpt_formbuilder.php?formid=NQ==', 2, '2019-03-15 12:38:30', '2019-03-15 12:40:00', 16, 0),
(117, 'Mail Template', 'Mail Template', 'mailtemplate_mng.php', 1, '2019-03-29 11:29:47', '2019-03-29 11:29:47', 1, 0),
(118, 'Contact Us ', 'Manage Contact Us ', 'contactus_mng.php', 1, '2019-04-05 19:30:04', '2019-04-05 19:30:04', 16, 0),
(119, 'Gift Voucher', 'Gift Voucher', 'giftvoucher_mng.php', 0, '2019-04-08 21:25:55', '2020-08-26 13:50:25', 15, 0),
(120, 'Manage Air Rate Shipping', 'Manage Air Rate Shipping', 'shippingflatair_mng.php', 0, '2019-04-10 18:37:46', '2020-08-26 16:28:59', 15, 0),
(121, 'Delivery / Availability', 'Delivery / Availability', 'attributevalue_mng.php?attid=MjM=', 2, '2019-04-11 16:37:28', '2020-08-24 18:31:57', 15, 0),
(122, 'Business Customer', 'Business Customer', 'customers_mng.php?cusid=Mg==', 0, '2019-04-22 18:49:17', '2021-05-11 17:34:12', 1, 0),
(123, 'Subscribe', 'Subscribe', 'subscribe_mng.php', 1, '2019-04-22 18:52:14', '2019-04-22 18:52:14', 16, 0),
(124, 'Business Customer Approval', 'Business Customer Approval', 'businesscustomerapproval_mng.php', 0, '2019-04-22 18:54:16', '2021-05-11 17:33:51', 1, 0),
(125, 'Homepage Slider', 'Homepage Slider', 'homepageslider_mng.php', 1, '2019-06-07 17:57:56', '2019-06-07 17:57:56', 1, 0),
(126, 'Size (L X W X H) inchs', 'Size (L X W X H) inchs', 'attributevalue_mng.php?attid=MjQ=', 1, '2019-10-18 18:38:54', '2020-08-25 00:00:00', 15, 0),
(127, 'Pre - Order Availability', 'Pre - Order Availability', 'attributevalue_mng.php?attid=MjU=', 2, '2020-03-16 16:35:06', '2020-08-24 18:32:00', 15, 0),
(128, 'Material Type', 'Material Type', 'attributevalue_mng.php?attid=MjY=', 1, '2020-03-16 18:29:43', '2020-08-25 00:00:00', 15, 0),
(129, 'Testing kk', 'Testing kk', 'testk', 2, '2020-08-12 12:43:30', '2020-08-12 12:43:58', 1, 0),
(130, 'Kalai Test', 'Kalai Test', 'attributevalue_mng.php?attid=Mjg=', 0, '2020-08-13 13:29:06', '2021-05-11 17:33:24', 1, 0),
(132, 'ssd', 'ssd', 'attributevalue_mng.php?attid=Mjk=', 2, '2020-08-13 13:35:40', '2020-08-13 13:36:02', 4, 0),
(133, 'p', 'p', 'attributevalue_mng.php?attid=MzA=', 2, '2020-08-28 16:06:17', '2020-08-28 16:06:22', 15, 0),
(134, 'k', 'k', 'attributevalue_mng.php?attid=MzE=', 0, '2020-08-31 16:16:49', '2021-05-11 17:33:04', 1, 0),
(135, 'Manage Videos', 'Manage Videos', 'videos_mng.php', 1, '2020-08-31 16:38:04', '2020-08-31 17:22:29', 456, 0),
(136, 'AWB Import/Export', 'AWB Import/Export', 'orderexportimport.php', 1, '2020-09-02 18:36:20', '0000-00-00 00:00:00', 1, 0),
(138, 'Audio Specifications', 'Audio Specifications', 'attributevalue_mng.php?attid=MzM=', 0, '2020-12-14 15:00:43', '2021-05-11 17:32:45', 1, 0),
(139, 'Control and Connection Specifications', 'Control and Connection Specifications', 'attributevalue_mng.php?attid=MzQ=', 0, '2020-12-14 15:00:51', '2021-05-11 17:32:34', 1, 0),
(140, 'Video', 'Video', 'attributevalue_mng.php?attid=MzU=', 1, '2020-12-15 17:21:12', '2021-02-04 00:00:00', 1, 0),
(141, 'Home Slider Category', 'Home Slider Category', 'homepageslidercat_mng.php', 1, '2020-12-16 12:01:37', '0000-00-00 00:00:00', 1, 0),
(142, 'General Specifications', 'General Specifications', 'attributevalue_mng.php?attid=MzI=', 0, '2020-12-18 00:00:00', '2021-05-11 17:32:13', 1, 0),
(143, 'Testdata', 'Testdata', 'attributevalue_mng.php?attid=MzY=', 1, '2021-05-12 11:28:52', '2021-05-12 11:28:52', 1, 0);

-- --------------------------------------------------------

--
-- Table structure for table `kr_m_attributes`
--

CREATE TABLE `kr_m_attributes` (
  `attributeid` int(11) NOT NULL,
  `attributename` varchar(500) NOT NULL,
  `attributecode` varchar(50) DEFAULT NULL,
  `data_type` varchar(100) NOT NULL,
  `attribute_type` varchar(15) NOT NULL,
  `IsActive` int(11) DEFAULT NULL,
  `unitdisplay` tinyint(1) NOT NULL,
  `iconsdisplay` tinyint(1) NOT NULL,
  `UserId` int(11) DEFAULT NULL,
  `parent_id` int(11) NOT NULL,
  `lang_id` int(11) NOT NULL,
  `CreatedDate` datetime DEFAULT NULL,
  `ModifiedDate` datetime DEFAULT NULL,
  `sortingOrder` int(5) DEFAULT NULL
) ENGINE=InnoDB DEFAULT CHARSET=latin1;

--
-- Dumping data for table `kr_m_attributes`
--

INSERT INTO `kr_m_attributes` (`attributeid`, `attributename`, `attributecode`, `data_type`, `attribute_type`, `IsActive`, `unitdisplay`, `iconsdisplay`, `UserId`, `parent_id`, `lang_id`, `CreatedDate`, `ModifiedDate`, `sortingOrder`) VALUES
(1, 'RAM', 'Material', 'text', 'dropdown', 2, 1, 1, 1, 0, 0, '2018-10-30 13:05:17', '2018-12-19 12:00:52', NULL),
(2, 'Item Origin', 'Item Origin', 'text', 'dropdown', 2, 0, 0, 1, 0, 0, '2018-10-30 13:05:20', '2018-12-17 17:48:27', NULL),
(3, 'test', 'test', 'text', 'text', 2, 0, 0, 1, 0, 0, '2018-11-08 15:01:39', '2018-11-08 15:02:03', NULL),
(4, 'Branding Options', 'Branding Options', 'text', 'dropdown', 0, 1, 1, 1, 0, 0, '2018-12-10 12:14:40', '2020-12-12 18:09:33', NULL),
(5, 'Weight', 'Weight', 'text', 'text', 1, 0, 0, 1, 0, 0, '2018-12-13 13:17:52', '2018-12-17 12:27:09', NULL),
(6, 'Attributemodels', 'Attributemodel', 'text', 'text', 2, 0, 0, 16, 0, 0, '2018-12-13 20:21:09', '2018-12-13 20:23:16', NULL),
(7, 'testmodels', 'testmodel', 'text', 'text', 2, 0, 0, 1, 0, 0, '2018-12-13 20:26:59', '2018-12-13 20:59:00', NULL),
(8, 'testmodell', 'testmodelllll', 'text', 'text', 2, 0, 0, 22, 0, 0, '2018-12-13 20:59:52', '2018-12-13 21:00:12', NULL),
(9, 'jptest', 'jptest', 'text', 'radio', 2, 0, 0, 1, 0, 0, '2018-12-14 20:13:57', '2018-12-14 20:13:57', NULL),
(10, 'Description', 'Description', 'text', 'text', 2, 0, 0, 1, 0, 0, '2018-12-17 12:06:14', '2018-12-17 12:06:14', NULL),
(11, 'Specification', 'Specification', 'text', 'textarea', 2, 0, 0, 1, 0, 0, '2018-12-17 12:06:38', '2018-12-17 17:15:56', NULL),
(17, 'Gender', 'Colors', 'text', 'radio', 2, 0, 0, 1, 0, 0, '2018-12-17 12:22:09', '2018-12-17 18:26:06', NULL),
(18, 'Size ( L x W x H )', 'Size', 'text', 'text', 1, 0, 0, 1, 0, 0, '2018-12-17 12:23:33', '2019-10-21 17:13:08', NULL),
(19, 'Frames', 'Frames', 'text', 'dropdown', 2, 0, 0, 1, 0, 0, '2018-12-18 12:07:56', '2018-12-18 12:07:56', NULL),
(20, 'Colours', 'testcheckbox18', 'text', 'dropdown', 1, 1, 1, 1, 0, 0, '2018-12-18 13:42:48', '2021-02-04 18:58:18', NULL),
(21, 'Base for Divine Idol', 'Base for Divine Idol', 'text', 'dropdown', 2, 1, 0, 15, 0, 0, '2019-01-31 15:59:47', '2019-01-31 15:59:47', NULL),
(22, 'test1503', 'test1503', 'text', 'text', 2, 0, 0, 16, 0, 0, '2019-03-15 11:48:27', '2019-03-15 11:48:42', NULL),
(23, 'Delivery / Availability', 'Delivery / Availability', 'text', 'dropdown', 2, 1, 0, 15, 0, 0, '2019-04-11 16:37:28', '2019-04-12 18:09:27', NULL),
(24, 'Size (L X W X H) inchs', 'Size ( L x W x H ) inchs', 'text', 'dropdown', 0, 0, 0, 1, 0, 0, '2019-10-18 18:38:54', '2020-12-12 15:48:13', NULL),
(25, 'Pre - Order Availability', 'Pre - Order Availability', 'text', 'dropdown', 2, 0, 0, 15, 0, 0, '2020-03-16 16:35:06', '2020-03-16 16:35:06', NULL),
(26, 'Material Type', 'Material Type', 'text', 'dropdown', 0, 0, 0, 1, 0, 0, '2020-03-16 18:29:43', '2020-12-12 15:48:37', NULL),
(27, 'Kalai Test', 'Kalai Test', 'text', 'multiselect', 2, 1, 1, 4, 0, 0, '2020-08-13 13:29:06', '2020-08-13 13:29:06', NULL),
(28, 'Kalai Test', 'Kalai Test', 'text', 'multiselect', 0, 1, 1, 1, 0, 0, '2020-08-13 13:32:48', '2020-08-13 13:33:59', NULL),
(29, 'ssd', 'ssd', 'number', 'radio', 2, 1, 1, 4, 0, 0, '2020-08-13 13:35:40', '2020-08-13 13:35:40', NULL),
(30, 'p', 'p', '', 'text', 2, 0, 0, 15, 0, 0, '2020-08-28 16:06:17', '2020-08-28 16:06:17', NULL),
(31, 'k', 'k', '', 'textarea', 0, 0, 0, 1, 0, 0, '2020-08-31 16:16:49', '2020-08-31 16:16:49', NULL),
(32, 'General Specifications', 'Specification', '', 'textarea', 1, 0, 0, 1, 0, 0, '2020-12-14 14:57:07', '2020-12-14 15:00:27', NULL),
(33, 'Audio Specifications', 'Audio Specifications', '', 'textarea', 1, 0, 0, 1, 0, 0, '2020-12-14 15:00:43', '2020-12-14 15:00:43', NULL),
(34, 'Control and Connection Specifications', 'Control and Connection Specifications', '', 'textarea', 1, 0, 0, 1, 0, 0, '2020-12-14 15:00:51', '2020-12-14 15:00:51', NULL),
(35, 'Video', 'video', '', 'textarea', 1, 0, 0, 1, 0, 0, '2020-12-15 17:21:12', '2020-12-15 17:21:12', NULL),
(36, 'Testdata', 'Testdata', 'text', 'dropdown', 1, 0, 0, 1, 0, 1, '2021-05-12 11:28:52', '2021-05-12 12:42:59', NULL),
(37, 'Testdata', 'Testdata', 'text', 'dropdown', 1, 0, 0, 1, 36, 2, '2021-05-12 11:28:52', '2021-05-12 12:42:59', NULL),
(38, 'Testdata', 'Testdata', 'text', 'dropdown', 1, 0, 0, 1, 36, 3, '2021-05-12 11:28:52', '2021-05-12 11:28:52', NULL);

-- --------------------------------------------------------

--
-- Table structure for table `kr_m_elements`
--

CREATE TABLE `kr_m_elements` (
  `elementid` int(11) NOT NULL,
  `elementname` varchar(500) NOT NULL,
  `element_type` int(11) NOT NULL COMMENT '1- single 2- multiple 3- datetime 4 - select multiple options',
  `IsActive` int(11) NOT NULL,
  `UserId` int(11) NOT NULL,
  `created` timestamp NOT NULL DEFAULT CURRENT_TIMESTAMP ON UPDATE CURRENT_TIMESTAMP
) ENGINE=InnoDB DEFAULT CHARSET=latin1;

--
-- Dumping data for table `kr_m_elements`
--

INSERT INTO `kr_m_elements` (`elementid`, `elementname`, `element_type`, `IsActive`, `UserId`, `created`) VALUES
(1, 'TextBox', 1, 1, 1, '2016-04-28 11:59:11'),
(2, 'TextArea', 1, 1, 1, '2016-04-28 11:59:11'),
(3, 'Dropdown', 2, 1, 1, '2016-04-28 11:59:59'),
(4, 'Checkbox', 2, 1, 1, '2016-04-28 11:59:59'),
(5, 'DateFormat', 3, 1, 1, '2016-04-28 12:02:45'),
(6, 'Radio button', 2, 1, 1, '2016-04-30 05:21:48'),
(7, 'Multi Select', 4, 1, 1, '2016-04-30 05:22:32'),
(8, 'File', 1, 1, 16, '2018-12-14 06:15:25'),
(9, 'Master Table', 1, 1, 1, '2019-02-05 06:10:30');

-- --------------------------------------------------------

--
-- Table structure for table `kr_m_paymentgateway`
--

CREATE TABLE `kr_m_paymentgateway` (
  `pg_id` int(11) NOT NULL,
  `pg_code` varchar(255) NOT NULL,
  `IsActive` int(11) NOT NULL,
  `UserId` int(11) NOT NULL
) ENGINE=InnoDB DEFAULT CHARSET=latin1;

-- --------------------------------------------------------

--
-- Table structure for table `kr_news_events`
--

CREATE TABLE `kr_news_events` (
  `newseventid` int(11) NOT NULL,
  `eventtitle` varchar(255) NOT NULL,
  `eventsslug` varchar(22) NOT NULL,
  `startson` datetime NOT NULL,
  `endson` datetime NOT NULL,
  `description` varchar(255) NOT NULL,
  `IsActive` tinyint(1) DEFAULT NULL,
  `userid` int(11) DEFAULT NULL,
  `CreatedDate` datetime NOT NULL,
  `ModifiedDate` datetime NOT NULL
) ENGINE=InnoDB DEFAULT CHARSET=latin1;

-- --------------------------------------------------------

--
-- Table structure for table `kr_orders`
--

CREATE TABLE `kr_orders` (
  `order_id` int(11) NOT NULL,
  `order_type` int(11) NOT NULL COMMENT ' 1- Login checkout ; 2- Guest checkout ',
  `order_reference` varchar(128) NOT NULL,
  `hsncode` varchar(255) NOT NULL,
  `invoice_no` int(11) NOT NULL DEFAULT '0',
  `invoice_prefix` varchar(26) NOT NULL,
  `customer_id` int(11) NOT NULL DEFAULT '0',
  `customer_group_id` int(11) NOT NULL DEFAULT '0',
  `firstname` varchar(32) NOT NULL,
  `lastname` varchar(32) NOT NULL,
  `email` varchar(96) NOT NULL,
  `telephone` varchar(32) NOT NULL,
  `custom_field` text NOT NULL,
  `payment_company` varchar(40) NOT NULL,
  `payment_address_1` varchar(128) NOT NULL,
  `payment_address_2` varchar(128) NOT NULL,
  `payment_city` varchar(128) NOT NULL,
  `payment_postcode` varchar(10) NOT NULL,
  `payment_country` varchar(128) NOT NULL,
  `payment_country_id` int(11) NOT NULL,
  `payment_State` varchar(128) NOT NULL,
  `paymentStateId` int(11) NOT NULL,
  `payment_telephone` varchar(128) NOT NULL,
  `payment_landmark` varchar(255) NOT NULL,
  `payment_method` varchar(128) NOT NULL,
  `payment_code` varchar(128) NOT NULL,
  `payment_gstno` varchar(24) NOT NULL,
  `shipping_firstname` varchar(32) NOT NULL,
  `shipping_lastname` varchar(32) NOT NULL,
  `shipping_telephone` varchar(32) DEFAULT NULL,
  `shipping_landmark` varchar(255) NOT NULL,
  `shipping_address_1` varchar(128) NOT NULL,
  `shipping_address_2` varchar(128) NOT NULL,
  `shipping_city` varchar(128) NOT NULL,
  `shipping_postcode` varchar(10) NOT NULL,
  `shipping_country` varchar(128) NOT NULL,
  `shipping_country_id` int(11) NOT NULL,
  `shipping_state` varchar(128) NOT NULL,
  `shipping_state_id` int(11) NOT NULL,
  `shipping_method` varchar(500) NOT NULL,
  `shipping_code` varchar(128) NOT NULL,
  `shipping_gstno` varchar(24) NOT NULL,
  `comment` text NOT NULL,
  `order_status_id` int(11) NOT NULL DEFAULT '0',
  `commission` decimal(15,4) NOT NULL,
  `isgift` tinyint(1) UNSIGNED NOT NULL DEFAULT '0',
  `gift_message` text,
  `coupon_code` varchar(255) DEFAULT NULL COMMENT 'Coupon Code',
  `total_discounts` decimal(20,6) NOT NULL DEFAULT '0.000000',
  `total_discounts_tax_incl` decimal(20,6) NOT NULL DEFAULT '0.000000',
  `total_discounts_tax_excl` decimal(20,6) NOT NULL DEFAULT '0.000000',
  `total_paid` decimal(20,6) NOT NULL DEFAULT '0.000000',
  `total_paid_tax_incl` decimal(20,6) NOT NULL DEFAULT '0.000000',
  `total_paid_tax_excl` decimal(20,6) NOT NULL DEFAULT '0.000000',
  `total` decimal(15,4) NOT NULL DEFAULT '0.0000',
  `total_products` int(11) NOT NULL DEFAULT '0',
  `total_products_wt` decimal(20,6) NOT NULL DEFAULT '0.000000',
  `total_shipping` decimal(20,6) NOT NULL DEFAULT '0.000000',
  `total_shipping_tax_incl` decimal(20,6) NOT NULL DEFAULT '0.000000',
  `total_shipping_tax_excl` decimal(20,6) NOT NULL DEFAULT '0.000000',
  `order_currency_code` varchar(128) NOT NULL DEFAULT 'INR',
  `order_currency_id` int(11) NOT NULL DEFAULT '1',
  `order_default_currency_code` varchar(128) NOT NULL DEFAULT 'INR',
  `order_default_currency_id` int(11) NOT NULL DEFAULT '1',
  `currency_conversion` decimal(15,8) NOT NULL DEFAULT '1.00000000',
  `cart_total` decimal(20,2) NOT NULL,
  `coupon_discount` decimal(20,2) NOT NULL,
  `couponcode` varchar(255) NOT NULL,
  `coupontitle` varchar(255) NOT NULL,
  `discount_slab` decimal(20,2) NOT NULL,
  `discounttitle` varchar(255) NOT NULL,
  `shippint_cost` decimal(20,2) NOT NULL,
  `schippingcode` varchar(255) NOT NULL,
  `shippingtitle` varchar(255) NOT NULL,
  `grand_total` decimal(20,2) NOT NULL,
  `ip` varchar(40) NOT NULL,
  `UserId` int(11) NOT NULL,
  `IsActive` int(11) NOT NULL,
  `date_added` datetime NOT NULL,
  `date_modified` datetime NOT NULL,
  `awbno` varchar(1000) DEFAULT NULL,
  `awb_status` varchar(150) DEFAULT NULL,
  `pickup_date` datetime DEFAULT NULL
) ENGINE=MyISAM DEFAULT CHARSET=utf8;

-- --------------------------------------------------------

--
-- Table structure for table `kr_orders_customtool_images`
--

CREATE TABLE `kr_orders_customtool_images` (
  `order_product_img_id` int(11) NOT NULL,
  `order_id` int(11) NOT NULL,
  `order_product_id` int(11) NOT NULL,
  `customsimgpath` varchar(500) DEFAULT NULL,
  `IsActive` int(11) NOT NULL,
  `CreatedDate` datetime NOT NULL,
  `ModifiedDate` datetime NOT NULL
) ENGINE=MyISAM DEFAULT CHARSET=utf8;

-- --------------------------------------------------------

--
-- Table structure for table `kr_orders_history`
--

CREATE TABLE `kr_orders_history` (
  `order_history_id` int(11) NOT NULL,
  `order_id` int(11) NOT NULL,
  `current_status_id` int(11) NOT NULL,
  `changed_status_id` int(11) NOT NULL,
  `Comment` int(11) NOT NULL,
  `userId` int(11) NOT NULL,
  `IsActive` int(11) NOT NULL,
  `Createddate` datetime NOT NULL,
  `ModifiedDate` datetime NOT NULL
) ENGINE=MyISAM DEFAULT CHARSET=utf8;

-- --------------------------------------------------------

--
-- Table structure for table `kr_orders_products`
--

CREATE TABLE `kr_orders_products` (
  `order_product_id` int(11) NOT NULL,
  `order_id` int(11) NOT NULL,
  `product_id` int(11) NOT NULL,
  `product_name` varchar(250) NOT NULL,
  `product_images` varchar(500) NOT NULL,
  `product_sku` varchar(250) NOT NULL,
  `product_qty` int(11) NOT NULL,
  `product_price` decimal(15,4) NOT NULL DEFAULT '0.0000',
  `product_price_incltax` decimal(15,4) NOT NULL DEFAULT '0.0000',
  `product_price_excltax` decimal(15,4) NOT NULL DEFAULT '0.0000',
  `tax_type` varchar(11) NOT NULL,
  `tax_value` float(11,2) NOT NULL,
  `tax_name` varchar(250) NOT NULL,
  `is_returned` tinyint(1) NOT NULL,
  `returned_qty` int(11) NOT NULL,
  `order_currency_code` varchar(128) DEFAULT NULL,
  `order_currency_id` int(11) DEFAULT NULL,
  `order_default_currency_code` varchar(128) DEFAULT NULL,
  `order_default_currency_id` int(11) DEFAULT NULL,
  `IsCustomtool` int(1) NOT NULL,
  `CustomtoolImg` varchar(300) NOT NULL,
  `prod_attr_price` decimal(15,4) NOT NULL,
  `prod_sub_total` decimal(15,4) NOT NULL,
  `IsActive` tinyint(4) NOT NULL,
  `currency_conversion` decimal(15,8) DEFAULT NULL,
  `CreatedDate` datetime NOT NULL,
  `ModifiedDate` datetime NOT NULL
) ENGINE=MyISAM DEFAULT CHARSET=utf8;

-- --------------------------------------------------------

--
-- Table structure for table `kr_orders_products_attribute`
--

CREATE TABLE `kr_orders_products_attribute` (
  `order_product_attr_id` int(11) NOT NULL,
  `order_id` int(11) NOT NULL,
  `order_product_id` int(11) NOT NULL,
  `Attribute_id` int(11) NOT NULL,
  `Attribute_Code` varchar(250) NOT NULL,
  `Attribute_Name` varchar(250) NOT NULL,
  `Attribute_value_id` int(11) DEFAULT NULL,
  `Attribute_value_name` varchar(250) NOT NULL,
  `Attribute_price` varchar(250) NOT NULL,
  `IsActive` tinyint(1) NOT NULL,
  `CreatedDate` datetime NOT NULL,
  `ModifiedDate` datetime NOT NULL
) ENGINE=MyISAM DEFAULT CHARSET=utf8;

-- --------------------------------------------------------

--
-- Table structure for table `kr_order_rtrn_products`
--

CREATE TABLE `kr_order_rtrn_products` (
  `order_rtrn_id` int(11) NOT NULL,
  `order_id` int(11) NOT NULL,
  `product_id` int(11) NOT NULL,
  `product_name` varchar(500) NOT NULL,
  `product_sku` varchar(500) NOT NULL,
  `product_unitprice` decimal(15,2) NOT NULL,
  `return_qty` int(11) NOT NULL,
  `return_discount` decimal(15,2) NOT NULL,
  `return_comment` text NOT NULL,
  `return_date` timestamp NOT NULL DEFAULT CURRENT_TIMESTAMP ON UPDATE CURRENT_TIMESTAMP,
  `return_order` int(11) NOT NULL,
  `rawbno` varchar(25) DEFAULT NULL,
  `rawbstatus` varchar(25) DEFAULT NULL,
  `tokenno` varchar(15) DEFAULT NULL,
  `IsActive` tinyint(1) NOT NULL,
  `createddate` datetime NOT NULL,
  `modifieddate` datetime NOT NULL
) ENGINE=InnoDB DEFAULT CHARSET=latin1;

-- --------------------------------------------------------

--
-- Table structure for table `kr_order_status`
--

CREATE TABLE `kr_order_status` (
  `order_statusId` int(11) NOT NULL,
  `order_statusName` varchar(100) NOT NULL,
  `order_statusDescription` varchar(200) NOT NULL,
  `IsActive` tinyint(1) NOT NULL DEFAULT '1',
  `classname` varchar(255) NOT NULL DEFAULT 'primary',
  `createdDate` datetime NOT NULL,
  `modifiedDate` datetime NOT NULL,
  `UserId` int(11) DEFAULT NULL,
  `sortingOrder` int(11) DEFAULT NULL
) ENGINE=InnoDB DEFAULT CHARSET=latin1;

--
-- Dumping data for table `kr_order_status`
--

INSERT INTO `kr_order_status` (`order_statusId`, `order_statusName`, `order_statusDescription`, `IsActive`, `classname`, `createdDate`, `modifiedDate`, `UserId`, `sortingOrder`) VALUES
(1, 'Pending', 'Order has been placed', 1, 'primary', '2016-04-26 18:22:55', '2020-08-13 13:48:51', 4, 1),
(2, 'Processing', 'Order Placed to Processing', 1, 'warning', '2016-04-26 18:24:31', '2016-05-03 00:00:00', 6, 2),
(3, 'Shipped', '3rd Party Shipping Initiated', 1, 'success', '2016-04-26 18:25:11', '2018-12-17 12:34:09', 22, 3),
(4, 'Complete', 'Ordered', 2, 'primary', '2016-04-26 18:25:25', '2016-04-26 00:00:00', 1, 4),
(5, 'Canceled', 'Order has been Canceled', 1, 'danger', '2016-05-03 16:15:01', '0000-00-00 00:00:00', 6, 4),
(6, 'Returned', 'Order Denied', 2, 'primary', '2016-05-03 16:15:38', '0000-00-00 00:00:00', 6, 5),
(7, 'Canceled Reversal', 'Order not delivered due to non availability', 2, 'danger', '2016-05-03 16:16:00', '0000-00-00 00:00:00', 6, 6),
(8, 'Failed', 'Order Canceled Due to payment not received', 2, 'danger', '2016-05-09 12:20:52', '2016-05-09 00:00:00', 7, 0),
(9, 'Refunded', 'Refunded', 2, 'warning', '2016-05-25 00:00:00', '2016-05-25 00:00:00', 1, 9),
(10, 'Denied', 'Returned', 2, 'danger', '2016-05-30 00:00:00', '2016-05-30 00:00:00', 1, 10),
(13, 'Return & Refund', 'Return & Refund', 2, 'primary', '2018-12-17 12:30:11', '2018-12-17 12:33:38', 22, 1),
(14, 'Delivered', 'Order Delivered', 1, 'success', '2019-03-15 11:49:15', '2019-03-15 11:49:36', 16, 23),
(15, 'sdf', 'dsf', 2, 'primary', '2020-12-22 16:08:06', '2020-12-22 16:08:12', 1, 5);

-- --------------------------------------------------------

--
-- Table structure for table `kr_password_verification`
--

CREATE TABLE `kr_password_verification` (
  `passverid` int(11) NOT NULL,
  `cus_groupid` int(11) NOT NULL,
  `customerid` int(11) NOT NULL,
  `passverification` varchar(255) NOT NULL,
  `IsActive` tinyint(1) NOT NULL,
  `createddate` datetime NOT NULL,
  `modifieddate` datetime NOT NULL
) ENGINE=InnoDB DEFAULT CHARSET=latin1;

--
-- Dumping data for table `kr_password_verification`
--

INSERT INTO `kr_password_verification` (`passverid`, `cus_groupid`, `customerid`, `passverification`, `IsActive`, `createddate`, `modifieddate`) VALUES
(1, 1, 5, 'teFRozhL1550227311', 1, '2019-02-15 04:11:51', '2019-02-15 04:11:51'),
(2, 1, 5, 'Goqrb9yr1550227406', 1, '2019-02-15 04:13:26', '2019-02-15 04:13:26'),
(3, 1, 5, 'Bcaz4t7S1550227415', 1, '2019-02-15 04:13:35', '2019-02-15 04:13:35'),
(4, 1, 5, 'TCOCiO3i1550227420', 1, '2019-02-15 04:13:40', '2019-02-15 04:13:40'),
(5, 1, 5, 'r5T4WSFW1550227528', 1, '2019-02-15 04:15:28', '2019-02-15 04:15:28'),
(6, 1, 5, 'jMBkCqff1550228260', 1, '2019-02-15 04:27:40', '2019-02-15 04:27:40'),
(7, 1, 1, 'Wi6DM9rk1553756396', 1, '2019-03-28 12:29:56', '2019-03-28 12:29:56'),
(8, 1, 1, '738uaO6a1553756460', 1, '2019-03-28 12:31:00', '2019-03-28 12:31:00'),
(9, 1, 1, 'PHdNFvhX1553756524', 1, '2019-03-28 12:32:04', '2019-03-28 12:32:04'),
(10, 1, 1, '9IuWwLLY1553757052', 1, '2019-03-28 12:40:52', '2019-03-28 12:40:52'),
(11, 1, 1, 'e6XXrIC21553757116', 1, '2019-03-28 12:41:56', '2019-03-28 12:41:56'),
(12, 1, 1, '1EWgyJPF1553757180', 1, '2019-03-28 12:43:00', '2019-03-28 12:43:00'),
(13, 1, 17, 'fEtvXWWO1553857040', 1, '2019-03-29 04:27:20', '2019-03-29 04:27:20'),
(14, 1, 17, 'XWTyc3MQ1553857054', 1, '2019-03-29 04:27:34', '2019-03-29 04:27:34'),
(15, 1, 17, 'NQtq7hiy1553858090', 1, '2019-03-29 04:44:50', '2019-03-29 04:44:50'),
(16, 1, 17, 'yIACEKte1553858101', 1, '2019-03-29 04:45:01', '2019-03-29 04:45:01'),
(17, 1, 17, 'aie1uMcz1553858155', 1, '2019-03-29 04:45:55', '2019-03-29 04:45:55'),
(18, 1, 17, '3ZY8VVi91553858186', 1, '2019-03-29 04:46:26', '2019-03-29 04:46:26'),
(19, 1, 17, 'Tq4aMNz71553858420', 1, '2019-03-29 04:50:20', '2019-03-29 04:50:20'),
(20, 1, 17, 's92AiGIc1553858682', 1, '2019-03-29 04:54:42', '2019-03-29 04:54:42'),
(21, 1, 21, 'YtCMyQyV1554380169', 1, '2019-04-04 05:46:09', '2019-04-04 05:46:09'),
(22, 1, 17, 'JNIOt7Ms1554386854', 1, '2019-04-04 07:37:34', '2019-04-04 07:37:34'),
(23, 1, 1, 'AZ2s3UW41554448764', 1, '2019-04-05 12:49:24', '2019-04-05 12:49:24'),
(24, 2, 31, 'JUcdW7zr1557213762', 1, '2019-05-07 12:52:42', '2019-05-07 12:52:42'),
(25, 1, 53, 'vrf5cvkh1571049429', 1, '2019-10-14 16:07:08', '2019-10-14 16:07:08'),
(26, 1, 35, '3CqNVohP1571384420', 1, '2019-10-18 13:10:20', '2019-10-18 13:10:20'),
(27, 1, 35, 'SWlqzLR61571662058', 1, '2019-10-21 18:17:38', '2019-10-21 18:17:38'),
(28, 1, 60, 'dnwhvjG91571952744', 1, '2019-10-25 03:02:24', '2019-10-25 03:02:24'),
(29, 1, 60, 'AqvF0t2Z1571953318', 1, '2019-10-25 03:11:58', '2019-10-25 03:11:58'),
(30, 1, 58, '38KOGO2Q1584354470', 1, '2020-03-16 15:57:50', '2020-03-16 15:57:50');

-- --------------------------------------------------------

--
-- Table structure for table `kr_paymentgateway_det`
--

CREATE TABLE `kr_paymentgateway_det` (
  `pg_det_id` int(11) NOT NULL,
  `pg_id` int(11) NOT NULL,
  `title` varchar(500) DEFAULT NULL,
  `pay_code` varchar(150) DEFAULT NULL,
  `orderstatus` int(11) DEFAULT NULL,
  `custom_groupid` varchar(255) NOT NULL,
  `min_amt` decimal(10,0) DEFAULT NULL,
  `max_amt` decimal(10,0) DEFAULT NULL,
  `exclude_countries` text,
  `exclude_categories` text,
  `sortingorder` int(11) DEFAULT NULL,
  `IsActive` int(11) NOT NULL,
  `merchant_id` text,
  `encrypt_key` text,
  `access_code` text,
  `acc_id` text,
  `secret_key` text,
  `userId` int(11) DEFAULT NULL,
  `createdDate` datetime DEFAULT NULL,
  `modifiedDate` datetime NOT NULL
) ENGINE=InnoDB DEFAULT CHARSET=latin1;

--
-- Dumping data for table `kr_paymentgateway_det`
--

INSERT INTO `kr_paymentgateway_det` (`pg_det_id`, `pg_id`, `title`, `pay_code`, `orderstatus`, `custom_groupid`, `min_amt`, `max_amt`, `exclude_countries`, `exclude_categories`, `sortingorder`, `IsActive`, `merchant_id`, `encrypt_key`, `access_code`, `acc_id`, `secret_key`, `userId`, `createdDate`, `modifiedDate`) VALUES
(1, 1, 'Offline', 'COD', 1, '', 1, 100000000, '', '', 0, 1, '', '', '', '', '', 15, '0000-00-00 00:00:00', '2020-08-26 13:01:03'),
(2, 2, 'CCAvenue Payment', 'CCAV', 2, '1,2,12', 2, 100000000, '', '', 1, 1, '213759', 'ECC91CE4AFC2D4E141C411B390D45172', 'AVWA86GG43AS01AWSA', '', '', 15, '0000-00-00 00:00:00', '2020-08-26 13:15:37'),
(3, 4, 'PayU Money', 'PAYU', 2, '1,2', 2, 100000000, '', '', 1, 1, 'J3Mr5cuH', '', '', '', '', 15, '0000-00-00 00:00:00', '2020-08-26 13:15:37'),
(4, 5, 'RAZOR PAY', 'RAZORPAY', 2, '1,2', 2, 100000000, '', '', 1, 1, '', 'rzp_live_1BBJZmtnNP4cWC', 'NHkc0Zgkh86j3IOKPXVbuzda', '', 'xEefT3CZTga87hijNR9RjxjM', 15, '0000-00-00 00:00:00', '2020-08-26 13:15:37');

-- --------------------------------------------------------

--
-- Table structure for table `kr_payment_master`
--

CREATE TABLE `kr_payment_master` (
  `pmasterid` int(11) NOT NULL,
  `paymentname` varchar(255) NOT NULL,
  `IsActive` tinyint(1) NOT NULL,
  `createddate` datetime NOT NULL,
  `modifieddate` datetime NOT NULL
) ENGINE=InnoDB DEFAULT CHARSET=latin1;

--
-- Dumping data for table `kr_payment_master`
--

INSERT INTO `kr_payment_master` (`pmasterid`, `paymentname`, `IsActive`, `createddate`, `modifieddate`) VALUES
(1, 'COD', 0, '2018-12-11 00:00:00', '2018-12-11 00:00:00'),
(2, 'CCAvenue', 0, '2018-12-11 00:00:00', '2018-12-11 00:00:00'),
(3, 'EBS', 0, '2018-12-11 00:00:00', '2018-12-11 00:00:00'),
(4, 'PayU', 0, '2018-12-11 00:00:00', '2018-12-11 00:00:00'),
(5, 'Razor Pay', 1, '2018-12-11 00:00:00', '2018-12-11 00:00:00');

-- --------------------------------------------------------

--
-- Table structure for table `kr_pdt_bulk_approval`
--

CREATE TABLE `kr_pdt_bulk_approval` (
  `sno` bigint(20) NOT NULL,
  `product_name` varchar(255) NOT NULL,
  `description` text NOT NULL,
  `longdescription` text NOT NULL,
  `metaname` text NOT NULL,
  `metadescription` text NOT NULL,
  `metakeyword` text NOT NULL,
  `sku` varchar(255) NOT NULL,
  `quantity` int(11) NOT NULL,
  `minquantity` int(11) NOT NULL DEFAULT '0',
  `price` int(11) NOT NULL,
  `taxname` varchar(500) NOT NULL,
  `IsActive` int(11) NOT NULL DEFAULT '0',
  `userid` int(11) NOT NULL
) ENGINE=InnoDB DEFAULT CHARSET=latin1;

-- --------------------------------------------------------

--
-- Table structure for table `kr_pincode`
--

CREATE TABLE `kr_pincode` (
  `pincodeid` int(11) NOT NULL,
  `cityid` int(11) NOT NULL,
  `areaid` int(11) NOT NULL,
  `pincode` varchar(255) NOT NULL,
  `IsActive` int(11) NOT NULL,
  `UserId` int(11) NOT NULL,
  `CreatedDate` timestamp NOT NULL DEFAULT CURRENT_TIMESTAMP ON UPDATE CURRENT_TIMESTAMP,
  `ModifiedDate` datetime NOT NULL
) ENGINE=InnoDB DEFAULT CHARSET=latin1;

--
-- Dumping data for table `kr_pincode`
--

INSERT INTO `kr_pincode` (`pincodeid`, `cityid`, `areaid`, `pincode`, `IsActive`, `UserId`, `CreatedDate`, `ModifiedDate`) VALUES
(1, 21, 0, '600080', 1, 1, '2020-12-22 10:48:42', '2020-12-22 16:18:42');

-- --------------------------------------------------------

--
-- Table structure for table `kr_product`
--

CREATE TABLE `kr_product` (
  `product_id` int(11) NOT NULL,
  `dropdown_id` varchar(255) NOT NULL,
  `product_name` varchar(255) NOT NULL,
  `description` text NOT NULL,
  `longdescription` text NOT NULL,
  `metaname` text NOT NULL,
  `metadescription` text NOT NULL,
  `metakeyword` text NOT NULL,
  `model` varchar(255) NOT NULL,
  `sku` varchar(255) NOT NULL,
  `product_url` varchar(500) NOT NULL,
  `quantity` int(11) DEFAULT '0',
  `configqua` tinyint(1) DEFAULT '0',
  `minquantity` int(11) DEFAULT '0',
  `isquaincrease` int(11) DEFAULT '0',
  `price` decimal(11,2) DEFAULT '0.00',
  `specialprice` decimal(11,2) DEFAULT '0.00',
  `spl_fromdate` datetime DEFAULT NULL,
  `spl_todate` datetime DEFAULT NULL,
  `isnewproduct` tinyint(1) NOT NULL DEFAULT '0',
  `isfeaturedproduct` tinyint(1) NOT NULL DEFAULT '0',
  `newprod_fromdate` datetime DEFAULT NULL,
  `newprod_todate` datetime DEFAULT NULL,
  `attributeMapId` int(11) DEFAULT '0',
  `taxId` int(11) DEFAULT '0',
  `manufacturerId` int(11) DEFAULT '0',
  `related_products` varchar(500) NOT NULL,
  `suggested_products` varchar(500) NOT NULL,
  `soldout` tinyint(1) NOT NULL DEFAULT '0',
  `iscustomized` tinyint(1) NOT NULL,
  `uploadecustomizedimg` varchar(255) NOT NULL,
  `chkpvatt` tinyint(1) NOT NULL DEFAULT '0',
  `displayinhome` tinyint(1) NOT NULL,
  `isfeatured` int(11) NOT NULL,
  `IsActive` tinyint(1) NOT NULL DEFAULT '0',
  `created_date` datetime DEFAULT NULL,
  `modified_date` datetime DEFAULT NULL,
  `userid` int(11) DEFAULT '0'
) ENGINE=InnoDB DEFAULT CHARSET=latin1;

--
-- Dumping data for table `kr_product`
--

INSERT INTO `kr_product` (`product_id`, `dropdown_id`, `product_name`, `description`, `longdescription`, `metaname`, `metadescription`, `metakeyword`, `model`, `sku`, `product_url`, `quantity`, `configqua`, `minquantity`, `isquaincrease`, `price`, `specialprice`, `spl_fromdate`, `spl_todate`, `isnewproduct`, `isfeaturedproduct`, `newprod_fromdate`, `newprod_todate`, `attributeMapId`, `taxId`, `manufacturerId`, `related_products`, `suggested_products`, `soldout`, `iscustomized`, `uploadecustomizedimg`, `chkpvatt`, `displayinhome`, `isfeatured`, `IsActive`, `created_date`, `modified_date`, `userid`) VALUES
(1, '35,91', 'Desktop Stand', '    Made of high quality premium aluminum, it\'s sturdy and stable to use.\r\n    Intense black color adds elite to the work station.\r\n    Adjustable cell-phone stands offer hands-free convenience and a comfortable user experience.\r\n    Universal design fits all kinds of phones and tablets up to 8.0, to watch videos and play games at your convenience.\r\n    Multi-angle view can be adjusted 360 degrees; holds phones vertically or horizontally for portrait or landscape view.\r\n    Silicon pads for non-slip purpose; lightweight yet solid and protective.', 'Enjoy a comfortable, custom viewing angle and hands-free convenience with this Inbase Desktop Stand Phone Holder for all kinds of phones and tablets up to 8.0. It offers a lightweight design with a durable aluminum and Polycarbonate body for long-lasting strength and performance. The design also includes slip-resistant silicone pads, which help protect your phone and keep it in place, even when making touch-screen selections. The stands multi-angle design helps ensure comfortable screen viewing, whether following instructions, video chatting with friends, or watching movies at 360 degree experience. Place your smartphone vertically or horizontally on the stand for portrait- or landscape-viewing options. Either way, the versatile stand securely cradles the phone.', '', '', '', '', 'ib-001', 'desktop-stand-ib-001', 0, 0, 1, 0, 799.00, 0.00, '2021-02-19 00:00:00', '2021-02-19 00:00:00', 0, 0, '0000-00-00 00:00:00', '0000-00-00 00:00:00', 0, 7, 0, '', '', 0, 0, '', 0, 1, 0, 1, '2021-02-04 13:07:39', '2021-04-20 17:06:01', 1),
(2, '35', 'Universal Bike Mount', '360 ROTATION AND TILT FREEDOM - simply adjust and secure your phone to any angle and position that suits your preference and enjoy the comfort of your ride!\r\nMOUNT/UNMOUNT PHONE IN SECONDS - This bike phone mount is super reliable and easy to use. Keep your hands on the handlebar +100 to SAFENESS!\r\nStable & secure - Automatic lock design with one-way rotatable gear prevents your device from falling, resilient support corners and high quality foam protection are able to catch your phone firmly without any scratches and prevent your phone from shaking while travelling.\r\nEasy Installation: Convenient tool-free installation makes it easy to mount to any Bike Handlebar, only need to locate and lock nuts.\r\nUniversal Compatibility: Works with virtually any iPhone, Android smartphones', 'When you need navigation to find your way or simply the melody of a favorite song to pass the miles, the Inbase universal bike mount is a must have. Mount any cell phone to any bicycle, motorcycle, scooter or any handlebars. No tools for installation required. Works well with any protective cases. Quickly and easily mount and unmount your phone or device. With this bike mount makes your phone or other devices stay close to your hands and easy to get it when driving.', '', '', '', '', 'ib-002', 'universal-bike-mount-ib-002', 0, 0, 1, 0, 599.00, 0.00, '2021-02-05 00:00:00', '2021-02-05 00:00:00', 0, 0, '0000-00-00 00:00:00', '0000-00-00 00:00:00', 0, 7, 0, '', '', 0, 0, '', 0, 0, 0, 1, '2021-02-04 13:07:39', '2021-02-05 16:35:16', 17),
(3, '35', 'Robotic Arm Holder', '360 ROTATION AND TILT FREE360 ROTATION AND TILT FREEDOM - Simply adjust and secure your phone to any angle and position that suits your preference and enjoy the comfort of your ride!\nMOUNT/UNMOUNT PHONE IN SECONDS - This robotic arm holder phone mount is super reliable and easy to use. Keep your hands on the handlebar +100 to SAFENESS!\nStable & Secure - Automatic lock design with one-way rotatable gear prevents your device from falling, resilient support corners and high quality foam protection are able to catch your phone firmly without any scratches and prevent your phone from shaking and wobbling.\nEasy Installation: Convenient tool-free installation makes it easy to use.\nDOM - Simply adjust and secure your phone to any angle and position that suits your preference and enjoy the comfort of your ride!', 'When you need navigation to find your way, or simply the melody of a favorite song to pass the miles, the Inbase robotic arm holder is a must have. The mount keeps your phone handy and allows you to ride smoothly. Enjoy comfortable and safe rides with your phone at hand like never before. Mount any cell phone to your cars, no tools for installation required. Works well with any protective cases. Quickly and easily mount and unmount your phone or device. With this arm holder makes your phone or other devices stay close to your hands and easy to get it when driving. Free your hands - Perfect for Reading, Movie & Video watching in car and anywhere. Sturdy and Comfortable - 360 Degree Rotation Flexible, Ultra Stable, No Shaking, Hold Your Phone Firmly In Place, With Soft Sponge. To meet the multi-angle vision, 360-degree design, multi-position adjustable angle, free rotation to meet different visual needs.', '', '', '', '', 'ib-003', 'IB_003', 0, 0, 1, 0, 799.00, 0.00, NULL, NULL, 0, 0, NULL, NULL, 0, 7, 0, '', '', 0, 0, '', 0, 0, 0, 1, '2021-02-04 13:07:39', '2021-02-04 13:07:39', 1),
(4, '35,36,39,92', 'Urban Fit', '\"1.Full Touch Screen\r\n2.90 mins Full Charge\r\n3.Up to 7 Days Run Time\r\n4.15 Days Standby\r\n5.IP68 Waterproof\r\n6.Heart Rate Sensor\r\n7.Call and Message Notifications\r\n8.Easy Swappable Straps\r\n9.8 Sports Modes\r\n\"', 'An urban Fit smart watch comes with superlight and impact resistant polycarbonate steel watch case. Its now available in 3 latest and flamboyant swappable strap colors that you can swap it in a blink. Urban fit watches offer a full touch screen with curved display and powerful features with no buttons. International standard rating of IP68 offers resistant to submersion up to depth 1.5m for 30 minutes maximum. It is designed with multi-sport mode, one touch camera control, pedometer, GP from mobile, music control and call & SMS notification.', '', '', '', '', 'ib-004', 'urban-fit-ib-004', 0, 0, 1, 0, 4999.00, 0.00, '2021-02-05 00:00:00', '2021-02-05 00:00:00', 0, 0, '0000-00-00 00:00:00', '0000-00-00 00:00:00', 0, 7, 0, '', '', 0, 0, '', 0, 0, 0, 1, '2021-02-04 13:07:39', '2021-02-05 18:11:50', 17),
(5, '35,36', 'Earphone M5', '1. Frequency range  20hz -20000Khz\r\n2.Sensitivity 40db +/- 5db\r\n3. Impedance  10mm\r\n4.Connector type 3.5mm\r\n5.Cable length  120cm +/- 5cm\r\n6. Cable material  TPE round wire\r\n7. Driver size  10mm\r\n8.Hands Free Call - Yes\r\n9.In-ear - Yes', 'Get ready to redefine music experience and utility with the inbase in-Ear headphone M5. Designed with TPE durable wire and additional Noise cancellation feature made this earphone standout among the rest. Special combination of stereo bass effect with HD mic makes this product perfect for music lovers. Inbase M5 is compatible with almost every device that carries a 3.5mm slot.', '', '', '', '', 'ib-005', 'earphone-m5-ib-005', 0, 0, 1, 0, 299.00, 0.00, '2021-03-27 00:00:00', '2021-03-27 00:00:00', 0, 0, '0000-00-00 00:00:00', '0000-00-00 00:00:00', 0, 7, 0, '', '', 0, 0, '', 0, 0, 0, 1, '2021-02-04 13:07:39', '2021-03-27 10:43:15', 17),
(6, '35', 'TURBO Power Bank 10000 Mah', '1. No of input ports - 2\r\n2. No of output ports  2\r\n3. Output 1  DC 5V 2.1 A\r\n4. Output 2  DC 5V 2.1A\r\n5. Total output  - DC 5V 2.4A max\r\n6. Type of Input  MICRO/TYPE C\r\n7. Capacity  10000 MAH\r\n8. Cell Type  Li polymer \r\n9. No of charging cycle  500+\r\n10. Total Output power  2.1A\r\n11. LED indicator  yes', 'Inbase Turbo Power bank 10000mAh gives 2.4Amp fast charging and inbuilt superior quality industrial grade materials and premium internal circuit to ensure full protection for your valuable devices against over-current. Dual outputs and input ports give two -way fast charging. Its the perfect partner whenever, and wherever you need to charge. A super-high 10000 mAh capacity with two high speed type C ports is all contained in a single power bank. LED indicator displays can accurately keep track of remaining power, input and output status. Compatible with all C type Smartphones, tablets, MP3 players, cameras, hard drives, e-readers, external batteries, handheld game consoles.', '', '', '', '', 'ib-006', 'turbo-power-bank-10000-mah-ib-006', 0, 0, 1, 0, 1499.00, 0.00, '2021-02-05 00:00:00', '2021-02-05 00:00:00', 0, 0, '0000-00-00 00:00:00', '0000-00-00 00:00:00', 0, 7, 0, '', '', 0, 0, '', 0, 0, 0, 1, '2021-02-04 13:07:39', '2021-02-05 17:19:51', 17),
(7, '36', 'PD + QC Home Charger', '1. No of charging ports - 2\r\n2. Charging pins- Micro /Type C\r\n3. Input power 100V  240 V\r\n4. Output - 5V/3.0A\r\n5. Power  18W\r\n6. Cable length  1Meter\r\n7.Folding Plug & LED Indicator\r\n8.Supports All Mobiles & Tablet', 'Inbase Rapid Quick charger is engineered to refuel devices up to four times faster than any conventional charging. Perfect for all your charging needs. 2.4A helps to get stable circuit flow. Made with superior quality industrial grade materials and premium internal circuit to ensure full protection for your valuable devices against over-current. PD + QC travel charger allows convenient charging of all types of Micro USB connecting devices at full speed. USB ports are Smart Charging Enabled with an enhanced fast charging mode. Compatible with all types of Micro USB connecting mobiles and tablets.', '', '', '', '', 'ib-007', 'pd-qc-home-charger-ib-007', 0, 0, 1, 0, 1999.00, 0.00, '2021-02-05 00:00:00', '2021-02-05 00:00:00', 0, 0, '0000-00-00 00:00:00', '0000-00-00 00:00:00', 0, 7, 0, '', '', 0, 0, '', 0, 0, 0, 1, '2021-02-04 13:07:39', '2021-02-05 17:21:17', 17),
(8, '36', 'Wireless Charger for iWatch', '1. Material  ABS +PC\r\n2. Interface  USB \r\n3. Input  5V\r\n4. Output  2W MAX\r\n5. Strong magnetic charging Module\r\n6. Universal compatibility for apple watches series\r\n7.Light weight & Compact design', 'Portable Wireless Charger offers fast charging to your iwatch, which is compact and lightweight. The wireless charger can charge your watch anytime and anywhere, which is very convenient for travel or outdoor; which makes it one of the must-have accessories for iWatch 1/2/3/4/5. It has Magnetic adsorption charging design for fast and convenient charging, also Built-in upgraded smart chip for additional protection. A Compact iwatch charger with unique design also offers you great confidence in the techniques and user experience of the product. No need to worry about compatibility or safety issues.', '', '', '', '', 'ib-008', 'wireless-charger-for-iwatch-ib-008', 0, 0, 1, 0, 1499.00, 0.00, '2021-02-05 00:00:00', '2021-02-05 00:00:00', 0, 0, '0000-00-00 00:00:00', '0000-00-00 00:00:00', 0, 7, 0, '', '', 0, 0, '', 0, 0, 0, 1, '2021-02-04 13:07:39', '2021-02-05 17:26:10', 17),
(9, '33,34,35,39,93', 'Boom Lite', 'Enjoy Crystal clear call and rock solid music with Inbase Boom Pro Max Speaker. Designed with a specially designed Graphene Coated Driver with a driver size of 57 mm and Output Power of 5Watts*2, the tough speaker is also IPX68 certified which allows you to take it with you for your outdoor pool parties. With a playtime of 6 hours on a single charge, the speaker takes 4 hours to fully charge. The tough speaker comes with Bluetooth version V4.2 and TWS feature ensuring streamlined wireless connectivity', 'Inbase Boom Lite speaker is ergonomically designed and engineered for greater clarity, sound and offers big beats on the go. With long lasting battery and play time up to 5 hours on a single charge makes it stand out from the rest. It has a Unique TWS function which enables users to connect to an additional speaker to make the sound Stereo. The workmanship of this speaker has twice the impact with multiple connectivity modes as Bluetooth v4.2, FM & SD card slot. The body is constructed of durable materials, which offers all around withstanding protection. Inbase Boom lite speakers are the perfect for any indoor and outdoor activities.', '', '', '', '', 'ib-009', 'boom-lite-ib-009', 0, 0, 1, 0, 1499.00, 0.00, '2021-04-10 00:00:00', '2021-04-10 00:00:00', 0, 1, '0000-00-00 00:00:00', '0000-00-00 00:00:00', 0, 7, 0, '', '', 0, 0, '', 0, 0, 0, 1, '2021-02-04 13:07:39', '2021-04-10 15:04:59', 1),
(10, '36', 'Type C Cable - Charge and Sync - White 1.2M', '1. Compatibility  Type C supporting devices\r\n2. Connector type  Type C\r\n3. Reversible  No\r\n4. Connector - 1\r\n5. Cable type  Round\r\n6. Cable Length  1.2 meter\r\n7. Cable Material  Carbon fiber material\r\n8. Power Output  2.4A\r\n9. Cable speed  480 mbps\r\n10. Tangle free cord - Yes\r\n11. Insulation material  Copper core', 'Enjoy charger time up to 10% faster than most standard alternatives and 480 Mbps data transfer via USB 2.4Amp. Pure copper core cable material provides safe high speed charge and stable data transmission at very high speed. Equipped with a versatile micro-USB connector, this cable is compatible with a wide variety of devices. Compatible with Smartphones, tablets, MP3 players, cameras, hard drives, e-readers, external batteries, handheld game consoles from brands including Redmi, Vivo, Oppo, Samsung, HTC, Motorola, Nexus, Nokia, LG, HP, Sony, Blackberry and all other C port connecting devices.', '', '', '', '', 'ib-010', 'type-c-cable-charge-and-sync-white-12m-ib-010', 0, 0, 1, 0, 599.00, 0.00, '2021-02-05 00:00:00', '2021-02-05 00:00:00', 0, 0, '0000-00-00 00:00:00', '0000-00-00 00:00:00', 0, 7, 0, '', '', 0, 0, '', 0, 0, 0, 1, '2021-02-04 13:07:39', '2021-02-05 16:28:51', 17),
(11, '36', 'Lightning Cable - Charge and Sync - White 1.2M', '1. Compatibility  Lightning supporting devices\r\n2. Connector type  Lightning\r\n3. Reversible  No\r\n4. Connector - 1\r\n5. Cable type  Round\r\n6. Cable Length  1.2 meter\r\n7. Cable Material  Carbon fiber material\r\n8. Power Output  2.4A\r\n9. Cable speed  480 mbps\r\n10. Tangle free cord - Yes\r\n11. Insulation material  Copper core', 'Enjoy charger time up to 10% faster than most standard alternatives and 480 Mbps data transfer via USB 2.4Amp. Pure copper core cable material provides safe high speed charge and stable data transmission at very high speed. Equipped with a versatile micro-USB connector, this cable is compatible with a wide variety of devices. Compatible with all Lightning-enabled devices that support iOS 10 or later, including iPod Touch, iPad and iPhone', '', '', '', '', 'ib-011', 'lightning-cable-charge-and-sync-white-12m-ib-011', 0, 0, 1, 0, 599.00, 0.00, '2021-02-05 00:00:00', '2021-02-05 00:00:00', 0, 0, '0000-00-00 00:00:00', '0000-00-00 00:00:00', 0, 7, 0, '', '', 0, 0, '', 0, 0, 0, 1, '2021-02-04 13:07:39', '2021-02-05 16:29:19', 17),
(12, '33', '3 in 1 Cable - Fast Charge 5A Short Cable 20CM', '1. Connector type  Lightning, Type c , Micro USB\r\n2. Connector  3\r\n3. Cable type  Round \r\n4. Cable Length  20 cm\r\n5. Wire Material  Nylon braided\r\n6. Output  5.A\r\n7. Cable speed  480 mbps\r\n8. Tangle free cord  Yes\r\n9. Core  copper core', 'Enjoy charger time up to 10% faster than most standard alternatives and 480 Mbps data transfer via USB 3.1Amp. Kevlar Fibers reinforce the inner wiring for added strength, abrasion-resistant, nylon forms a tough outer jacket and highly flexible insulation minimizes damage from friction. Equipped with a versatile micro-USB to lightning connector, this cable is compatible with a wide variety of devices. Compatible with all Lightning connecting devices includes iPhone, iPad and iPod Models:- iPhone XS, iPhone XS Max, iPhone XR, iPhone X, iPhone 8, iPhone 8 Plus, iPhone 7, iPhone 7 Plus, iPhone 6s, iPhone 6s Plus, iPhone 6, iPhone 6 Plus, iPhone SE, iPhone 5s, iPhone 5c, iPhone 5, iPad Pro 10.5-inch, iPad (6th Generation), iPad mini 4, iPad Pro 12.9-inch (2nd Generation), iPad Pro 12.9-inch (1st Generation), iPad Pro 9.7-inch, iPad (5th Generation), iPad mini 3, iPad mini 2, iPad mini, iPad Air 2, iPad Air, iPod touch (6th Generation), iPod touch 5th Generation, iPod nano 7th Generation.', '', '', '', '', 'ib-012', '3-in-1-cable-fast-charge-5a-short-cable-20cm-ib-012', 0, 0, 1, 0, 599.00, 0.00, '2021-02-05 00:00:00', '2021-02-05 00:00:00', 0, 0, '0000-00-00 00:00:00', '0000-00-00 00:00:00', 0, 7, 0, '', '', 0, 0, '', 0, 0, 0, 1, '2021-02-04 13:07:39', '2021-02-05 16:29:50', 17),
(13, '35', 'Aux Cable', '1. Cable length  1.2 meter\r\n2. Cable speed  480 Mbps\r\n3. Connector type one  3.5mm\r\n4. Connector type two  3.5mm\r\n5. Cable type  Nylon braided\r\n6. Connector material  Gold plated plug', 'Inbase 3.5mm male to male Aux cable fits all digital devices with standard 3.5mm aux ports. Gold plated plug, it better matches the connection device. Anti  jamming, it provides fast conduction of audio signal. Made of high quality enameled pure copper wire which gives high fidelity, stable transmission, pure sound quality and incredibly durable lasts a lot longer than other AUX cables. Universal compatible with both input (phone, tablets, computers and MP3) and output devices (speakers, car and headphones).', '', '', '', '', 'ib-013', 'aux-cable-ib-013', 0, 0, 1, 0, 499.00, 0.00, '2021-02-05 00:00:00', '2021-02-05 00:00:00', 0, 0, '0000-00-00 00:00:00', '0000-00-00 00:00:00', 0, 7, 0, '', '', 0, 0, '', 0, 0, 0, 1, '2021-02-04 13:07:39', '2021-02-05 16:24:00', 17),
(14, '35', 'Multi Funtional Box', 'Inbase Special Edition Multifunctional Box - Multi Data Cables (Micro USB, Lightning, Type C), Card Slot, Sim Kit and Phone Cradle.\r\n1.Must have for travelers                                                                        \r\n2.Up to 3A fast charging C to C cable                                                               \r\n3. Contains Sim ejector pin\r\n4. Phone cradle & sim kit\r\n5. Multi cable 4 in 1', 'Built-in Card Reader - Not only can the memory card be read,but also USB and Type-C and all at once\r\nPhone Cradle - It can be convereted as mobile stand so you can watch movies and have fun.\r\nWireless Charging - It is widely supported and even possible in the stand mode.\r\nEasy to Carry - Your best charging partner.', '', '', '', '', 'ib-014', 'multi-funtional-box-ib-014', 0, 0, 1, 0, 1299.00, 0.00, '2021-02-05 00:00:00', '2021-02-05 00:00:00', 0, 0, '0000-00-00 00:00:00', '0000-00-00 00:00:00', 0, 7, 0, '', '', 0, 0, '', 0, 0, 0, 1, '2021-02-04 13:07:39', '2021-02-05 16:30:13', 17),
(15, '35', 'Nylon Braided Dual Side Micro cable 1.0M', '1. Compatibility  Micro USB supported devices\r\n2. Connector type  Micro USB \r\n3. Reversible - Yes\r\n4. Cable type  Flat \r\n5. Cable Length  1 meter\r\n5. Cable Material  Nylon braided\r\n6. Power Output  2.1A\r\n7. Cable speed  480 mbps\r\n8. Tangle free cord  Yes\r\n9. Cable Core  copper core', 'Enjoy charger time up to 10% faster than most standard alternatives and 480 Mbps data transfer via USB 2.4Amp. Pure nylon braided cable material and pure copper core provides safe high speed charge and stable data transmission at very high speed. Equipped with a versatile micro-USB connector, this cable is compatible with a wide variety of devices. Compatible with Smartphones, tablets, MP3 players, cameras, hard drives, e-readers, external batteries, handheld game consoles from brands including Redmi, Vivo, Oppo, Samsung, HTC, Motorola, Nexus, Nokia, LG, HP, Sony, Blackberry and all other Micro-USB connecting devices..\r\nFeatures\r\n HIGH PERFORMANCE: Excellent pull resistance and flexibility make it more durable than standard cables.\r\n NYLON BRAIDED CABLE: Premium nylon braided cable adds additional durability and withstand 10000+ bending test.\r\n CABLE LENGTH: 1 Meter with reliable structure and comes with reversible pin.\r\n FAST SYNC AND CHARGE: Quick Data Transmission at 480 Mbps and Fast Charging up to 2.4A', '', '', '', '', 'ib-015', 'nylon-braided-dual-side-micro-cable-10m-ib-015', 0, 0, 1, 0, 599.00, 0.00, '2021-02-08 00:00:00', '2021-02-08 00:00:00', 0, 0, '0000-00-00 00:00:00', '0000-00-00 00:00:00', 0, 7, 0, '', '', 0, 0, '', 0, 0, 0, 1, '2021-02-04 13:07:39', '2021-02-08 14:38:22', 17),
(16, '36', 'Charge and Sync Micro Cable - White 1.2M', '1. Compatibility  Micro USB supporting devices\r\n2. Connector type  Micro USB\r\n3. Reversible  No\r\n4. Connector - 1\r\n5. Cable type  Round\r\n6. Cable Length  1.2 meter\r\n7. Cable Material  Carbon fiber material\r\n8. Power Output  2.4A\r\n9. Cable speed  480 mbps\r\n10. Tangle free cord - Yes\r\n11. Insulation material  Copper core', 'Enjoy charger time up to 10% faster than most standard alternatives and 480 Mbps data transfer via USB 2.4Amp. Pure copper core cable material provides safe high speed charge and stable data transmission at very high speed. Equipped with a versatile micro-USB connector, this cable is compatible with a wide variety of devices. Compatible with Smartphones, tablets, MP3 players, cameras, hard drives, e-readers, external batteries, handheld game consoles from brands including Redmi, Vivo, Oppo, Samsung, HTC, Motorola, Nexus, Nokia, LG, HP, Sony, Blackberry and all other Micro-USB connecting devices.\r\nFeatures\r\nHIGH PERFORMANCE: Excellent pull resistance and flexibility make it more durable than standard cables.\r\nPURE COPPER CORE: Up to 10X stronger than ordinary cables.\r\nCABLE LENGTH: 1.2 Meter with reliable structure.\r\nFAST SYNC AND CHARGE: Quick Data Transmission at 480 Mbps and Fast Charging up to 2.4A\r\nVOLTAGE RESISTANCE: Specially designed of high voltage resistance.', '', '', '', '', 'ib-016', 'charge-and-sync-micro-cable-white-12m-ib-016', 0, 0, 1, 0, 249.00, 0.00, '2021-02-05 00:00:00', '2021-02-05 00:00:00', 0, 0, '0000-00-00 00:00:00', '0000-00-00 00:00:00', 0, 7, 0, '', '', 0, 0, '', 0, 0, 0, 1, '2021-02-04 13:07:39', '2021-02-05 16:30:31', 17),
(17, '35', 'Nylon Braided Micro Cable 1.2M', '1. Compatibility  Micro USB supporting devices\r\n2. Connector type  Micro USB\r\n3. Reversible  No\r\n4. Connector  1\r\n5. Cable type  Round \r\n6. Cable Length  1.2 meter\r\n7. Cable Material  Nylon braided\r\n8. Power Output  2.4A\r\n9. Cable speed  480 mbps\r\n10. Tangle free cord - Yes\r\n11. Cable Core  Copper', 'Enjoy charger time up to 10% faster than most standard alternatives and 480 Mbps data transfer via USB 2.4Amp. Pure nylon braided cable material provides safe high speed charge and stable data transmission at very high speed. Equipped with a versatile micro-USB connector, this cable is compatible with a wide variety of devices. Compatible with Smartphones, tablets, MP3 players, cameras, hard drives, e-readers, external batteries, handheld game consoles from brands including Redmi, Vivo, Oppo, Samsung, HTC, Motorola, Nexus, Nokia, LG, HP, Sony, Blackberry and all other Micro-USB connecting devices.\r\nFeatures\r\n       HIGH PERFORMANCE: Excellent pull resistance and flexibility make it more durable than standard cables.\r\n       NYLON BRAIDED CABLE: Premium nylon braided cable adds additional durability and withstand 10000+ bending test.\r\n       CABLE LENGTH: 1.2 Meter with reliable structure.\r\n       FAST SYNC AND CHARGE: Quick Data Transmission at 480 Mbps and Fast Charging up to 2.4A\r\n       INCLUDED: Inbase Nylon Braided 1.2 Meter Micro USB Cable with Shielding and Fast Charging Up to 2.4 Amp', '', '', '', '', 'ib-017', 'nylon-braided-micro-cable-12m-ib-017', 0, 0, 1, 0, 399.00, 0.00, '2021-02-05 00:00:00', '2021-02-05 00:00:00', 0, 0, '0000-00-00 00:00:00', '0000-00-00 00:00:00', 0, 7, 0, '', '', 0, 0, '', 0, 0, 0, 1, '2021-02-04 13:07:39', '2021-02-05 16:30:53', 17),
(18, '35', 'Nylon Braided  Micro Cable - 2.0M', '\"1. Compatibility  Micro USB supporting devices\r\n2. Connector type  Micro USB\r\n3. Reversible  No\r\n4. Connector  1\r\n5. Cable type  Round \r\n6. Cable Length  2 meter\r\n7. Cable Material  Nylon braided\r\n8. Power Output  2.4A\r\n9. Cable speed  480 mbps\r\n10. Tangle free cord - Yes\r\n11. Cable Core  Copper \r\n\"', 'Enjoy charger time up to 10% faster than most standard alternatives and 480 Mbps data transfer via USB 2.4Amp. Pure nylon braided cable material and pure copper core provides safe high speed charge and stable data transmission at very high speed. Equipped with a versatile micro-USB connector, this cable is compatible with a wide variety of devices. Compatible with Smartphones, tablets, MP3 players, cameras, hard drives, e-readers, external batteries, handheld game consoles from brands including Redmi, Vivo, Oppo, Samsung, HTC, Motorola, Nexus, Nokia, LG, HP, Sony, Blackberry and all other Micro-USB connecting devices..\r\nFeatures\r\n       HIGH PERFORMANCE: Excellent pull resistance and flexibility make it more durable than standard cables.\r\n       NYLON BRAIDED CABLE: Premium nylon braided cable adds additional durability and withstand 10000+ bending test.\r\n       CABLE LENGTH: 2 Meter with reliable structure.\r\n       FAST SYNC AND CHARGE: Quick Data Transmission at 480 Mbps and Fast Charging up to 2.4A\r\n       INCLUDED: Inbase Nylon Braided 2 Meter Micro USB Cable with Shielding and Fast Charging Up to 2.4 Amp', '', '', '', '', 'ib-018', 'nylon-braided-micro-cable-20m-ib-018', 0, 0, 1, 0, 499.00, 0.00, '2021-02-05 00:00:00', '2021-02-05 00:00:00', 0, 0, '0000-00-00 00:00:00', '0000-00-00 00:00:00', 0, 7, 0, '', '', 0, 0, '', 0, 0, 0, 1, '2021-02-04 13:07:39', '2021-02-05 16:31:12', 17),
(19, '36', 'Charge and Sync Micro Cable Box Packing  - 20CM', '\"1. Compatibility  Micro USB supporting devices\r\n2. Connector type  Micro USB\r\n3. Reversible  No\r\n4. Connector  1\r\n5. Cable type  Round \r\n6. Cable Length  25 cm\r\n7. Cable Material  Copper fiber\r\n8. Power Output  2.4A\r\n9. Cable speed  480 mbps\r\n10. Tangle free cord - Yes\r\n11. Insulation material  Copper core\r\n\"', 'Enjoy charger time up to 10% faster than most standard alternatives and 480 Mbps data transfer via USB 2.4Amp. Pure copper core provides safe high speed charge and stable data transmission at very high speed. Portability 25cm ideal length for travel and tangle free design significantly enhances the interference protection to cope with any outdoor activities. Compatible with Smartphones, tablets, MP3 players, cameras, hard drives, e-readers, external batteries, handheld game consoles from brands including Redmi, Vivo, Oppo, Samsung, HTC, Motorola, Nexus, Nokia, LG, HP, Sony, Blackberry and all other Micro-USB connecting devices.\r\nFeatures\r\n       HIGH PERFORMANCE: Excellent pull resistance and flexibility make it more durable than standard cables. Sync and charge simultaneously at fast speeds.\r\n       CABLE LENGTH: 25 cm with reliable structure, optimized for use with portable power bank, multi USB ports power adapter etc.\r\n       FAST SYNC AND CHARGE: Quick Data Transmission at 480 Mbps and Fast Charging up to 2.4A', '', '', '', '', 'ib-019', 'charge-and-sync-micro-cable-box-packing-20cm-ib-019', 0, 0, 1, 0, 149.00, 0.00, '2021-02-05 00:00:00', '2021-02-05 00:00:00', 0, 0, '0000-00-00 00:00:00', '0000-00-00 00:00:00', 0, 7, 0, '', '', 0, 0, '', 0, 0, 0, 1, '2021-02-04 13:07:39', '2021-02-05 16:31:37', 17),
(20, '36', 'Charge and Sync Micro Cable Poly Packing 20CM', '\"1. Compatibility  Micro USB supporting devices\r\n2. Connector type  Micro USB\r\n3. Reversible  No\r\n4. Connector  1\r\n5. Cable type  Round \r\n6. Cable Length  25 cm\r\n7. Cable Material  Copper fiber\r\n8. Power Output  2.4A\r\n9. Cable speed  480 mbps\r\n10. Tangle free cord - Yes\r\n11. Insulation material  Copper core\r\n\"', 'Enjoy charger time up to 10% faster than most standard alternatives and 480 Mbps data transfer via USB 2.4Amp. Pure copper core provides safe high speed charge and stable data transmission at very high speed. Portability 25cm ideal length for travel and tangle free design significantly enhances the interference protection to cope with any outdoor activities. Compatible with Smartphones, tablets, MP3 players, cameras, hard drives, e-readers, external batteries, handheld game consoles from brands including Redmi, Vivo, Oppo, Samsung, HTC, Motorola, Nexus, Nokia, LG, HP, Sony, Blackberry and all other Micro-USB connecting devices.\r\nFeatures\r\n       HIGH PERFORMANCE: Excellent pull resistance and flexibility make it more durable than standard cables. Sync and charge simultaneously at fast speeds.\r\n       CABLE LENGTH: 25 cm with reliable structure, optimized for use with portable power bank, multi USB ports power adapter etc.\r\n       FAST SYNC AND CHARGE: Quick Data Transmission at 480 Mbps and Fast Charging up to 2.4A', '', '', '', '', 'ib-020', 'charge-and-sync-micro-cable-poly-packing-20cm-ib-020', 0, 0, 1, 0, 99.00, 0.00, '2021-02-05 00:00:00', '2021-02-05 00:00:00', 0, 0, '0000-00-00 00:00:00', '0000-00-00 00:00:00', 0, 7, 0, '', '', 0, 0, '', 0, 0, 0, 1, '2021-02-04 13:07:39', '2021-02-05 16:31:55', 17),
(21, '33,34,93', 'Turbo Fast Charge Micro Cable - 1.2M', '\"1. Compatibility  Micro USB supporting devices\r\n2. Connector type  Micro USB\r\n3. Reversible  No\r\n4. Connector  1\r\n5. Cable type  Round \r\n6. Cable Length  1.2 meter\r\n7. Cable Material  nylon braided\r\n8. Power Output  2.4A\r\n9. Cable speed  480 mbps\r\n10. Tangle free cord - Yes\r\n\"', 'Enjoy charger time up to 50% faster than most standard alternatives and data transfer via USB 2.1Amp. High quality nylon braided material cable provides safe high speed charge and stable data transmission at very high speed. Metal Casing cable not only ensures the safety of the connected device but also ensures reliable charging and high speed data transmission. Equipped with a versatile Micro USB connector, this cable is compatible with a wide variety of devices. Compatible with smartphones, tablets, MP3 players, cameras, hard drives, e-readers, external batteries, handheld game consoles from all the brands and all other Micro USB connecting devices.\r\nFeatures\r\n       HIGH PERFORMANCE: Excellent pull resistance and flexibility make it more durable than standard cables.\r\n       NYLON BRAIDED CABLE: Premium nylon braided cable adds additional durability and withstand 10000+ bending test.\r\n       CABLE LENGTH: 1.2 Meter with reliable structure.\r\n       CABLE DURABILITY: Cadmium free, Injection molding enhanced the strength and efficiency of the cable. Metal casing prevents breakage and reliability while being flexible enough to bend your cable.\r\n       FAST SYNC AND CHARGE: Quick Data Transmission Fast Charging up to 2.1A', '', '', '', '', 'ib-021', 'turbo-fast-charge-micro-cable-12m-ib-021', 0, 0, 1, 0, 599.00, 0.00, '2021-02-08 00:00:00', '2021-02-08 00:00:00', 0, 0, '0000-00-00 00:00:00', '0000-00-00 00:00:00', 0, 7, 0, '', '', 0, 0, '', 0, 0, 0, 1, '2021-02-04 13:07:39', '2021-02-08 14:34:52', 17),
(22, '35', 'Ultra Tough Auto Disconnect Series Micro Cable - 1.2M', '\"1. Compatibility  Micro USB supporting devices\r\n2. Connector type  Micro USB\r\n3. Reversible  No\r\n4. Connector  1\r\n5. Cable type  Round \r\n6. Cable Length  1.2 meter\r\n7. Cable Material  nylon braided\r\n8. Power Output  2.4A\r\n9. Cable speed  480 mbps\r\n10. Tangle free cord  Yes\r\n11. Special feature  It shows led indication when the devices fully charged\r\n\"', 'Enjoy charger time up to 10 times faster than most standard alternatives and data transfer via USB 2.1Amp. High quality pure copper core cable provides safe fast charging and stable data transmission at very high speed. Copper core cable not only ensures the safety of the connected device but also ensures reliable charging, voltage resistance and high speed data transmission. Surface dent design maintains the best matching with the connector. Equipped with a versatile Micro USB connector, this cable is compatible with a wide variety of devices. Compatible with Smartphones, tablets, MP3 players, cameras, hard drives, e-readers, external batteries, handheld game consoles from all the brands and all other Micro USB connecting devices.\r\nFeatures\r\n       HIGH PERFORMANCE: Excellent pull resistance and flexibility make it more durable than standard cables.\r\n       COPPER CABLE: Pure Copper core adds additional durability, reliability, ductility to the cable and withstands 10000+ bending test.\r\n       CABLE LENGTH: 1.2 Meter with reliable structure.\r\n       FAST SYNC AND CHARGE: Quick Data Transmission Fast Charging up to 2.1A', '', '', '', '', 'ib-022', 'ultra-tough-auto-disconnect-series-micro-cable-12m-ib-022', 0, 0, 1, 0, 799.00, 0.00, '2021-02-05 00:00:00', '2021-02-05 00:00:00', 0, 0, '0000-00-00 00:00:00', '0000-00-00 00:00:00', 0, 7, 0, '', '', 0, 0, '', 0, 0, 0, 1, '2021-02-04 13:07:39', '2021-02-05 16:32:31', 17),
(23, '35,93', 'Ultra Tough Denim Series Micro Cable -1.2M', '\"1. Compatibility  Micro USB supporting devices\r\n2. Connector type  Micro USB\r\n3. Reversible  No\r\n4. Connector  1\r\n5. Cable type  Round \r\n6. Cable Length  1.2 meter\r\n7. Cable Material  Denim \r\n8. Power Output  2.4A\r\n9. Cable speed  480 mbps\r\n10. Tangle free cord  Yes\r\n\"', 'Enjoy charger time up to 10% faster than most standard alternatives and 480 Mbps data transfer via USB 2.4Amp. Ultra Tough Cable Denim Braided cable material provides safe high speed charge and stable data transmission at very high speed. Designed with a tough Denim Braiding mechanism, our cables are highly durable, long-lasting and have a sleek design to exhibit the style. Equipped with a versatile micro-USB connector, this cable is compatible with a wide variety of devices. Compatible with Smartphones, tablets, MP3 players, cameras, hard drives, e-readers, external batteries, handheld game consoles from brands including Redmi, Vivo, Oppo, Samsung, HTC, Motorola, Nexus, Nokia, LG, HP, Sony, Blackberry and all other Micro-USB connecting devices.\r\nFeaturess\r\n       HIGH PERFORMANCE: Excellent pull resistance and flexibility make it more durable than standard cables.\r\n       DENIM BRAIDED CABLE: Denim Braided cable adds additional durability and withstand 10000+ bending test.\r\n       CABLE LENGTH: 1.2 Meter with reliable structure.\r\n       FAST SYNC AND CHARGE: Quick Data Transmission at 480 Mbps and Fast Charging up to 2.4A\r\n       INCLUDED: Inbase Denim Braided 1.2 Meter Micro USB Cable with Shielding and Fast Charging Up to 2.4 Amp', '', '', '', '', 'ib-023', 'ultra-tough-denim-series-micro-cable-12m-ib-023', 0, 0, 1, 0, 499.00, 0.00, '2021-02-05 00:00:00', '2021-02-05 00:00:00', 0, 0, '0000-00-00 00:00:00', '0000-00-00 00:00:00', 0, 7, 0, '', '', 0, 0, '', 0, 0, 0, 1, '2021-02-04 13:07:39', '2021-02-05 16:32:53', 17),
(24, '35', 'Ultra Tough Fish Net Braided Series Micro Cable 1.5M', '\"1. Compatibility  Micro USB supporting devices\r\n2. Connector type  Micro USB\r\n3. Reversible  No\r\n4. Connector  1\r\n5. Cable type  Round \r\n6. Cable Length  1.5 meter\r\n7. Cable Material  Fishnet braided\r\n8. Power Output  2.4A\r\n9. Cable speed  480 mbps\r\n10. Tangle free cord  Yes\r\n\"', 'Enjoy charger time up to 10% faster than most standard alternatives and 480 Mbps data transfer via USB 2.4Amp. Ultra Tough Metal Braided Fishnet cable material provides safe high speed charge and stable data transmission at very high speed. Designed with a tough Metal Braiding fishnet mechanism, our cables are highly durable, long-lasting and have a sleek design to exhibit the style. Equipped with a versatile micro-USB connector, this cable is compatible with a wide variety of devices. Compatible with Smartphones, tablets, MP3 players, cameras, hard drives, e-readers, external batteries, handheld game consoles from brands including Redmi, Vivo, Oppo, Samsung, HTC, Motorola, Nexus, Nokia, LG, HP, Sony, Blackberry and all other Micro-USB connecting devices.\r\n\r\nFeatures\r\n       HIGH PERFORMANCE: Excellent pull resistance and flexibility make it more durable than standard cables.\r\n       DENIM BRAIDED CABLE: Metal Braided Fishnet cable adds additional durability and withstand 10000+ bending test.\r\n       CABLE LENGTH: 1.2 Meter with reliable structure.\r\n       FAST SYNC AND CHARGE: Quick Data Transmission at 480 Mbps and Fast Charging up to 2.4A\r\n       INCLUDED: Inbase Metal Braided Fishnet 1.2 Meter Micro USB Cable with Shielding and Fast Charging Up to 2.4 Amp', '', '', '', '', 'ib-024', 'ultra-tough-fish-net-braided-series-micro-cable-15m-ib-024', 0, 0, 1, 0, 499.00, 0.00, '2021-02-05 00:00:00', '2021-02-05 00:00:00', 0, 0, '0000-00-00 00:00:00', '0000-00-00 00:00:00', 0, 7, 0, '', '', 0, 0, '', 0, 0, 0, 1, '2021-02-04 13:07:39', '2021-02-05 16:33:11', 17),
(25, '94', 'Ultra Tough Leather Series Micro Cable 1.2M', '\"1. Compatibility  Micro USB supporting devices\r\n2. Connector type  Micro USB\r\n3. Reversible  No\r\n4. Connector  1\r\n5. Cable type  Round \r\n6. Cable Length  1.2 meter\r\n7. Cable Material  Tough leather\r\n8. Power Output  2.4A\r\n9. Cable speed  480 mbps\r\n10. Tangle free cord  Yes\r\n\"', 'Enjoy charger time up to 10% faster than most standard alternatives and 480 Mbps data transfer via USB 2.4Amp. Designed with a tough Braiding mechanism with PU Leather, this cable is super strong, efficient and premium looking at the same time. Cable has been designed to survive against heavy wear and tear with dual cross binding braiding process and using pure copper core for fast charging. Equipped with a versatile micro-USB connector, this cable is compatible with a wide variety of devices. Compatible with Smartphones, tablets, MP3 players, cameras, hard drives, e-readers, external batteries, handheld game consoles from brands including Redmi, Vivo, Oppo, Samsung, HTC, Motorola, Nexus, Nokia, LG, HP, Sony, Blackberry and all other Micro-USB connecting devices.\r\nFeatures\r\n       HIGH PERFORMANCE: Excellent pull resistance and flexibility make it more durable than standard cables.\r\n       LEATHER BRAIDED CABLE: Premium PU leather braided cable adds additional durability and withstand 10000+ bending test.\r\n       CABLE LENGTH: 1.2 Meter with reliable structure.\r\n       FAST SYNC AND CHARGE: Quick Data Transmission at 480 Mbps and Fast Charging up to 2.4A\r\n       INCLUDED: Inbase leather Braided 1.2 Meter Micro USB Cable with Shielding and Fast Charging Up to 2.4 Amp', '', '', '', '', 'ib-025', 'ultra-tough-leather-series-micro-cable-12m-ib-025', 0, 0, 1, 0, 499.00, 0.00, '2021-02-05 00:00:00', '2021-02-05 00:00:00', 0, 0, '0000-00-00 00:00:00', '0000-00-00 00:00:00', 0, 7, 0, '', '', 0, 0, '', 0, 0, 0, 1, '2021-02-04 13:07:39', '2021-02-05 16:33:29', 17),
(26, '35,91', 'Ultra Tough Metal Series Micro Cable-  1.2M', '\"1. Compatibility  Micro USB supporting devices\r\n2. Connector type  Micro USB\r\n3. Reversible  No\r\n4. Connector  1\r\n5. Cable type  Round \r\n6. Cable Length  1.2 meter\r\n7. Cable Material  Tough Metal\r\n8. Power Output  2.4A\r\n9. Cable speed  480 mbps\r\n10. Tangle free cord  Yes\r\n\"', 'Enjoy charger time up to 10% faster than most standard alternatives and 480 Mbps data transfer via USB 2.4Amp. Metal braided cable material provides safe high speed charge and stable data transmission at very high speed. Cable has been designed to survive against heavy wear and tear with dual cross binding braiding process and using pure copper core for fast charging. Equipped with a versatile micro-USB connector, this cable is compatible with a wide variety of devices. Compatible with Smartphones, tablets, MP3 players, cameras, hard drives, e-readers, external batteries, handheld game consoles from brands including Redmi, Vivo, Oppo, Samsung, HTC, Motorola, Nexus, Nokia, LG, HP, Sony, Blackberry and all other Micro-USB connecting devices.\r\nFeatures\r\n       HIGH PERFORMANCE: Excellent pull resistance and flexibility make it more durable than standard cables.\r\n       METAL BRAIDED CABLE: Premium metal braided cable adds additional durability and withstand 10000+ bending test.\r\n       CABLE LENGTH: 1.2 Meter with reliable structure.\r\n       FAST SYNC AND CHARGE: Quick data transmission at 480 Mbps and fast charging up to 2.4A\r\n       INCLUDED: Inbase metal braided 1.2 meter micro USB cable with shielding and fast charging up to 2.4 Amp.', '', '', '', '', 'ib-026', 'ultra-tough-metal-series-micro-cable-12m-ib-026', 0, 0, 1, 0, 499.00, 0.00, '2021-02-05 00:00:00', '2021-02-05 00:00:00', 0, 0, '0000-00-00 00:00:00', '0000-00-00 00:00:00', 0, 7, 0, '', '', 0, 0, '', 0, 0, 0, 1, '2021-02-04 13:07:39', '2021-02-05 16:33:57', 17),
(27, '33,35', 'Zinc Alloy Fast Charge Micro Cable -   1.2M', '\"1. Compatibility  Micro USB supporting devices\r\n2. Connector type  Micro USB\r\n3. Reversible  No\r\n4. Connector  1\r\n5. Cable type  Flat\r\n6. Cable Length  1.2 meter\r\n7. Cable Material  TPU material\r\n8. Power Output  2.4A\r\n9. Cable speed  480 mbps\r\n10. Cable core  Zinc alloy\r\n11. Tangle free cord  Yes\r\n12. Special feature  comes with LED indicator\r\n\"', 'Enjoy charger time up to 50% faster than most standard alternatives and data transfer via USB 2.1Amp. High quality TPU material cable provides safe high speed charge and stable data transmission at very high speed. Equipped with a versatile micro-USB connector, this cable is compatible with a wide variety of devices. LED indicator cable compatible with Smartphones, tablets, MP3 players, cameras, hard drives, e-readers, external batteries, handheld game consoles from all the brands and all other Micro-USB connecting devices.\r\nFeatures\r\n       HIGH PERFORMANCE: Excellent pull resistance and flexibility make it more durable than standard cables.\r\n       CABLE DURABILITY: Aluminium alloy+TPU cable with anti-oxidation and corrosion resistance adds additional durability and withstand 10000+ bending test.\r\n       FAST SYNC AND CHARGE: Quick Data Transmission Fast Charging up to 2.1A.', '', '', '', '', 'ib-027', 'zinc-alloy-fast-charge-micro-cable-12m-ib-027', 0, 0, 1, 0, 999.00, 0.00, '2021-02-05 00:00:00', '2021-02-05 00:00:00', 0, 0, '0000-00-00 00:00:00', '0000-00-00 00:00:00', 0, 7, 0, '', '', 0, 0, '', 0, 0, 0, 1, '2021-02-04 13:07:39', '2021-02-05 16:34:20', 17),
(28, '36', 'Type C - C Cable - Charger and Sync 18W Short Cable 20CM', '\"1. 1. Compatibility  Type C supporting devices\r\n2. Connector type  Type C\r\n3. Reversible  No\r\n4. Connector - 1\r\n5. Cable type  Round\r\n6. Cable Length  25cm\r\n7. Cable Material  Carbon fiber material\r\n8. Power Output  18W\r\n9. Cable speed  480 mbps\r\n10. Tangle free cord - Yes\r\n11. Insulation material  Copper core\r\n\"', '\"1.Super-Fast up to 18W Fast Charging Power Delivery (PD) Function\r\n2.Work flawlessly with the USB -C Power Delivery High Speed Charging Protocol \r\n3.Wide compatibility with Phones, Tablets and Laptops \r\n4.5X More Durable, 5000+ Bend cycles \r\n\"', '', '', '', '', 'ib-028', 'type-c-c-cable-charger-and-sync-18w-short-cable-20cm-ib-028', 0, 0, 1, 0, 499.00, 0.00, '2021-02-05 00:00:00', '2021-02-05 00:00:00', 0, 0, '0000-00-00 00:00:00', '0000-00-00 00:00:00', 0, 7, 0, '', '', 0, 0, '', 0, 0, 0, 1, '2021-02-04 13:07:39', '2021-02-05 16:34:40', 17),
(29, '35', 'Type C - L Cable - MFI Certified Powerline 1.5M', '1. Compatibility  Lightning ports supporting devices\r\n2. Connector type  Lightning \r\n3. Reversible  No\r\n4. Connector - 1\r\n5. Cable type  Round\r\n6. Cable Length  1.5 meter\r\n7. Cable Material  Nylon braided material\r\n8. Power Output  18W\r\n9. Cable speed  480 mbps\r\n10. Tangle free cord - Yes\r\n11. Core material  Kevlar core\r\n2. 12. MFI certified', 'Enjoy charger time up to 10% faster than most standard alternatives and 480 Mbps data transfer via USB 3.1Amp. Kevlar Fibers reinforce the inner wiring for added strength, abrasion-resistant, nylon forms a tough outer jacket and highly flexible insulation minimizes damage from friction. Equipped with a versatile Type- C to lightning connector, this cable is compatible with a wide variety of devices. Compatible with all Lightning connecting devices includes iPhone, iPad and iPod Models:- iPhone XS, iPhone XS Max, iPhone XR, iPhone X, iPhone 8, iPhone 8 Plus, iPhone 7, iPhone 7 Plus, iPhone 6s, iPhone 6s Plus, iPhone 6, iPhone 6 Plus, iPhone SE, iPhone 5s, iPhone 5c, iPhone 5, iPad Pro 10.5-inch, iPad (6th Generation), iPad mini 4, iPad Pro 12.9-inch (2nd Generation), iPad Pro 12.9-inch (1st Generation), iPad Pro 9.7-inch, iPad (5th Generation), iPad mini 3, iPad mini 2, iPad mini, iPad Air 2, iPad Air, iPod touch (6th Generation), iPod touch 5th Generation, iPod nano 7th Generation.\r\nFeatures\r\n       HIGH PERFORMANCE: Excellent pull resistance and flexibility make it more durable than standard cables.\r\n       BETTER MATERIAL: Tough nylon exterior, toughened Kevlar fiber core and laser-welded connectors equip Powered with superior toughness from end-to-end.\r\n       SUPER STRONG: Flexible & Durable cable undergoing 35000+ rounds of 180 degree cable bend tests.\r\n       CABLE LENGTH: 1.2 Meter with reliable structure.\r\n       FAST SYNC AND CHARGE: Quick Data Transmission at 480 Mbps and Fast Charging up to 3.1A\r\n       INCLUDED: Inbase Type-C to Lightning - 1.2 Meter MFI Cable with Shielding and Fast Charging Up to 3.1 Amp', '', '', '', '', 'ib-029', 'type-c-l-cable-mfi-certified-powerline-15m-ib-029', 0, 0, 1, 0, 999.00, 0.00, '2021-02-05 00:00:00', '2021-02-05 00:00:00', 0, 0, '0000-00-00 00:00:00', '0000-00-00 00:00:00', 0, 7, 0, '', '', 0, 0, '', 0, 0, 0, 1, '2021-02-04 13:07:39', '2021-02-05 16:35:01', 17),
(30, '35', 'Nylon Braided Type C Cable 1.2M', '\"1. Compatibility  Type c supporting devices\r\n2. Connector type  Type C\r\n3. Reversible  No\r\n4. Connector  1\r\n5. Cable type  Round \r\n6. Cable Length  1.2 meter\r\n7. Cable Material  Nylon braided\r\n8. Power Output  2.4A\r\n9. Cable speed  480 mbps\r\n10. Tangle free cord - Yes\r\n11. Cable Core  Copper \r\n\"', 'Enjoy charger time up to 10% faster than most standard alternatives and 480 Mbps data transfer via USB 2.4Amp. Nylon braided cable material provides safe high speed charge and stable data transmission at very high speed. Equipped with a versatile Type-C connector, this cable is compatible with a wide variety of devices. Compatible with Smartphones, tablets, MP3 players, cameras, hard drives, e-readers, external batteries, handheld game consoles from brands including Redmi, Vivo, Oppo, Samsung, HTC, Motorola, Nexus, Nokia, LG, HP, Sony, Blackberry and all other Type-C connecting devices.\r\nFeatures\r\n       HIGH PERFORMANCE: Excellent pull resistance and flexibility make it more durable than standard cables.\r\n       NYLON BRAIDED CABLE: Premium nylon braided cable adds additional durability and withstand 10000+ bending test.\r\n       CABLE LENGTH: 1.2 Meter with reliable structure.\r\n       FAST SYNC AND CHARGE: Quick Data Transmission at 480 Mbps and Fast Charging up to 2.4A\r\n       INCLUDED: Inbase Nylon Braided 1.2 Meter Type-C Cable with Shielding and Fast Charging Up to 2.4 Amp', '', '', '', '', 'ib-030', 'nylon-braided-type-c-cable-12m-ib-030', 0, 0, 1, 0, 699.00, 0.00, '2021-02-05 00:00:00', '2021-02-05 00:00:00', 0, 0, '0000-00-00 00:00:00', '0000-00-00 00:00:00', 0, 7, 0, '', '', 0, 0, '', 0, 0, 0, 1, '2021-02-04 13:07:39', '2021-02-05 16:35:35', 17);
INSERT INTO `kr_product` (`product_id`, `dropdown_id`, `product_name`, `description`, `longdescription`, `metaname`, `metadescription`, `metakeyword`, `model`, `sku`, `product_url`, `quantity`, `configqua`, `minquantity`, `isquaincrease`, `price`, `specialprice`, `spl_fromdate`, `spl_todate`, `isnewproduct`, `isfeaturedproduct`, `newprod_fromdate`, `newprod_todate`, `attributeMapId`, `taxId`, `manufacturerId`, `related_products`, `suggested_products`, `soldout`, `iscustomized`, `uploadecustomizedimg`, `chkpvatt`, `displayinhome`, `isfeatured`, `IsActive`, `created_date`, `modified_date`, `userid`) VALUES
(31, '35', 'Nylon Braided Type C Cable - 2.0M', '\"1. Compatibility  Type c supporting devices\r\n2. Connector type  Type C\r\n3. Reversible  No\r\n4. Connector  1\r\n5. Cable type  Round \r\n6. Cable Length  2 meter\r\n7. Cable Material  Nylon braided\r\n8. Power Output  2.4A\r\n9. Cable speed  480 mbps\r\n10. Tangle free cord - Yes\r\n11. Cable Core  Copper \r\n\"', 'Enjoy charger time up to 10% faster than most standard alternatives and 480 Mbps data transfer via USB 2.4Amp. Nylon braided cable material provides safe high speed charge and stable data transmission at very high speed. Equipped with a versatile Type-C connector, this cable is compatible with a wide variety of devices. Compatible with Smartphones, tablets, MP3 players, cameras, hard drives, e-readers, external batteries, handheld game consoles from brands including Redmi, Vivo, Oppo, Samsung, HTC, Motorola, Nexus, Nokia, LG, HP, Sony, Blackberry and all other Type-C connecting devices.\r\nFeatures\r\n       HIGH PERFORMANCE: Excellent pull resistance and flexibility make it more durable than standard cables.\r\n       NYLON BRAIDED CABLE: Premium nylon braided cable adds additional durability and withstand 10000+ bending test.\r\n       CABLE L', '', '', '', '', 'ib-031', 'nylon-braided-type-c-cable-20m-ib-031', 0, 0, 1, 0, 799.00, 0.00, '2021-02-05 00:00:00', '2021-02-05 00:00:00', 0, 0, '0000-00-00 00:00:00', '0000-00-00 00:00:00', 0, 7, 0, '', '', 0, 0, '', 0, 0, 0, 1, '2021-02-04 13:07:39', '2021-02-05 16:35:53', 17),
(32, '36', 'Type C - C Cable - Charge and Sync 60W Fast Cable - White 1.2M', '\"1. Compatibility  Type c supporting devices\r\n2. Connector type  Type C\r\n3. Reversible  No\r\n4. Connector  1\r\n5. Cable type  Round \r\n6. Cable Length  1.2 meter\r\n7. Cable Material  TPU material\r\n8. Power Output  60W\r\n9. Cable speed  480 mbps\r\n10. Tangle free cord - Yes\r\n11. Cable Core  Copper \r\n\"', 'Inbase Type C - Type C 60W Fast Charging PD & QC Cable support PD (power delivery) 60W, support high-speed fast charging of laptops. Support QC3.0 fast charge high speed protocol, high current smooth output and let the device quickly fully charged. Pure Copper core to ensure 2.4a Fast Charging Speed and Stable Current flow. Equipped with a versatile Type C connector, this cable is compatible with a wide variety of devices.\r\nFeatures\r\nHIGH PERFORMANCE: Excellent pull resistance and flexibility make it more durable than standard cables.\r\nCABLE DURABILITY: Up to 5X stronger than ordinary cables and sustain up to 5000+ bends.\r\nCOMPATIBILITY: Functional with any charging adaptor, multi-port charging station or power bank. Data Sync and Rapid Charging for all Type C connectivity devices.\r\nFAST SYNC AND CHARGE: Quick Data Transmission at 480 Mbps and Fast Charging up to 60W.\r\nVOLTAGE RESISTANCE: Specially designed of high voltage resistance.', '', '', '', '', 'ib-032', 'type-c-c-cable-charge-and-sync-60w-fast-cable-white-12m-ib-032', 0, 0, 1, 0, 899.00, 0.00, '2021-02-05 00:00:00', '2021-02-05 00:00:00', 0, 0, '0000-00-00 00:00:00', '0000-00-00 00:00:00', 0, 7, 0, '', '', 0, 0, '', 0, 0, 0, 1, '2021-02-04 13:07:39', '2021-02-05 16:36:12', 17),
(33, '36', 'Charge and Sync Type C Cable Box Packing - 20CM', '\"1. Compatibility  Type C supporting devices\r\n2. Connector type  Type C\r\n3. Reversible  No\r\n4. Connector  1\r\n5. Cable type  Round\r\n6. Cable Length  25cm\r\n7. Cable Material  TPU material\r\n8. Power Output  2.4A\r\n9. Cable speed  480 mbps\r\n10. Cable core  Copper core\r\n11. Tangle free cord  Yes\r\n\"', 'Enjoy charger time up to 10% faster than most standard alternatives and 480 Mbps data transfer via USB 2.4Amp. Pure copper core provides safe high speed charge and stable data transmission at very high speed. Portability 25cm ideal length for travel and tangle free design significantly enhances the interference protection to cope with any outdoor activities. Equipped with a versatile Type-C connector, this cable is compatible with a wide variety of devices. Compatible with Smartphones, tablets, MP3 players, cameras, hard drives, e-readers, external batteries, handheld game consoles from brands including Redmi, Vivo, Oppo, Samsung, HTC, Motorola, Nexus, Nokia, LG, HP, Sony, Blackberry and all other Type-C connecting devices.\r\nFeatures\r\n       HIGH PERFORMANCE: Excellent pull resistance and flexibility make it more durable than standard cables. Sync and charge simultaneously at fast speeds.\r\n       CABLE LENGTH: 25 cm with reliable structure, optimized for use with portable power bank, multi USB ports power adapter etc.\r\n       FAST SYNC AND CHARGE: Quick Data Transmission at 480 Mbps and Fast Charging up to 2.4A', '', '', '', '', 'ib-033', 'charge-and-sync-type-c-cable-box-packing-20cm-ib-033', 0, 0, 1, 0, 249.00, 0.00, '2021-02-05 00:00:00', '2021-02-05 00:00:00', 0, 0, '0000-00-00 00:00:00', '0000-00-00 00:00:00', 0, 7, 0, '', '', 0, 0, '', 0, 0, 0, 1, '2021-02-04 13:07:39', '2021-02-05 16:36:31', 17),
(34, '36', 'Charge and Sync  Type C Cable Poly Packing - 20CM', '\"1. Compatibility  Type C supporting devices\r\n2. Connector type  Type C\r\n3. Reversible  No\r\n4. Connector  1\r\n5. Cable type  Round\r\n6. Cable Length  25cm\r\n7. Cable Material  TPU material\r\n8. Power Output  2.4A\r\n9. Cable speed  480 mbps\r\n10. Cable core  Copper core\r\n11. Tangle free cord  Yes\r\n\"', 'Enjoy charger time up to 10% faster than most standard alternatives and 480 Mbps data transfer via USB 2.4Amp. Pure copper core provides safe high speed charge and stable data transmission at very high speed. Portability 25cm ideal length for travel and tangle free design significantly enhances the interference protection to cope with any outdoor activities. Equipped with a versatile Type-C connector, this cable is compatible with a wide variety of devices. Compatible with Smartphones, tablets, MP3 players, cameras, hard drives, e-readers, external batteries, handheld game consoles from brands including Redmi, Vivo, Oppo, Samsung, HTC, Motorola, Nexus, Nokia, LG, HP, Sony, Blackberry and all other Type-C connecting devices.\r\nFeatures\r\n       HIGH PERFORMANCE: Excellent pull resistance and flexibility make it more durable than standard cables. Sync and charge simultaneously at fast speeds.\r\n       CABLE LENGTH: 25 cm with reliable structure, optimized for use with portable power bank, multi USB ports power adapter etc.\r\n       FAST SYNC AND CHARGE: Quick Data Transmission at 480 Mbps and Fast Charging up to 2.4A', '', '', '', '', 'ib-034', 'charge-and-sync-type-c-cable-poly-packing-20cm-ib-034', 0, 0, 1, 0, 199.00, 0.00, '2021-02-05 00:00:00', '2021-02-05 00:00:00', 0, 0, '0000-00-00 00:00:00', '0000-00-00 00:00:00', 0, 7, 0, '', '', 0, 0, '', 0, 0, 0, 1, '2021-02-04 13:07:39', '2021-02-05 16:36:51', 17),
(35, '33,34,93', 'Turbo Fast Charge Type C Cable - 1.2M', '\"1. Compatibility  Type c supporting devices\r\n2. Connector type  Type C\r\n3. Reversible  No\r\n4. Connector  1\r\n5. Cable type  Round \r\n6. Cable Length  1.2 meter\r\n7. Cable Material  Nylon braided\r\n8. Power Output  2.4A\r\n9. Cable speed  480 mbps\r\n10. Tangle free cord - Yes\r\n\"', 'Enjoy charger time up to 50% faster than most standard alternatives and data transfer via USB 2.1Amp. High quality nylon braided material cable provides safe high speed charge and stable data transmission at very high speed. Metal Casing cable not only ensures the safety of the connected device but also ensures reliable charging and high speed data transmission. Equipped with a versatile Type C connector, this cable is compatible with a wide variety of devices. Compatible with smartphones, tablets, MP3 players, cameras, hard drives, e-readers, external batteries, handheld game consoles from all the brands and all other Type C connecting devices.\r\nFeatures\r\n       HIGH PERFORMANCE: Excellent pull resistance and flexibility make it more durable than standard cables.\r\n       NYLON BRAIDED CABLE: Premium nylon braided cable adds additional durability and withstand 10000+ bending test.\r\n       CABLE LENGTH: 1.2 Meter with reliable structure.\r\n       CABLE DURABILITY: Cadmium free, Injection molding enhanced the strength and efficiency of the cable. Metal casing prevents breakage and reliability while being flexible enough to bend your cable.\r\n       FAST SYNC AND CHARGE: Quick Data Transmission Fast Charging up to 2.1A.', '', '', '', '', 'ib-035', 'turbo-fast-charge-type-c-cable-12m-ib-035', 0, 0, 1, 0, 999.00, 0.00, '2021-02-08 00:00:00', '2021-02-08 00:00:00', 0, 0, '0000-00-00 00:00:00', '0000-00-00 00:00:00', 0, 7, 0, '', '', 0, 0, '', 0, 0, 0, 1, '2021-02-04 13:07:39', '2021-02-08 14:35:11', 17),
(36, '36', 'Type C - C Cable - Ultra Tough 18W Fast Charge 1.2M', '\"1. Compatibility  Type c supporting devices\r\n2. Connector type  Type C\r\n3. Reversible  No\r\n4. Connector  1\r\n5. Cable type  Round \r\n6. Cable Length  1.2 meter\r\n7. Cable Material  Nylon braided\r\n8. Power Output  18W\r\n9. Cable speed  480 mbps\r\n10. Tangle free cord - Yes\r\n\"', '\"1. Super-Fast up to 18W Fast Charging Power Delivery (PD) Function\r\n2.Work flawlessly with the USB -C Power Delivery High Speed Charging Protocol \r\n3.Wide compatibility with Phones, Tablets and Laptops \r\n4.5X More Durable, 5000+ Bend cycles \r\n\"', '', '', '', '', 'ib-036', 'type-c-c-cable-ultra-tough-18w-fast-charge-12m-ib-036', 0, 0, 1, 0, 1299.00, 0.00, '2021-02-08 00:00:00', '2021-02-08 00:00:00', 0, 0, '0000-00-00 00:00:00', '0000-00-00 00:00:00', 0, 7, 0, '', '', 0, 0, '', 1, 0, 0, 1, '2021-02-04 13:07:39', '2021-02-08 12:05:39', 17),
(37, '35', 'Ultra Tough Auto Disconnect Series   Type C Cable - 1.2M', '\"1. Compatibility  Type C supporting devices\r\n2. Connector type  Type C\r\n3. Reversible  No\r\n4. Connector  1\r\n5. Cable type  Round \r\n6. Cable Length  1 meter\r\n7. Cable Material  nylon braided\r\n8. Power Output  2.4A\r\n9. Cable speed  480 mbps\r\n10. Tangle free cord  Yes\r\n11. Special feature  It shows led indication when the devices fully charged\r\n\"', 'Enjoy charger time up to 10 times faster than most standard alternatives and data transfer via USB 2.1Amp. High quality pure copper core cable provides safe fast charging and stable data transmission at very high speed. Copper core cable not only ensures the safety of the connected device but also ensures reliable charging, voltage resistance and high speed data transmission. Surface dent design maintains the best matching with the connector. Equipped with a versatile Type C connector, this cable is compatible with a wide variety of devices. Compatible with Smartphones, tablets, MP3 players, cameras, hard drives, e-readers, external batteries, handheld game consoles from all the brands and all other type C  connecting devices.\r\nFeatures\r\n       HIGH PERFORMANCE: Excellent pull resistance and flexibility make it more durable than standard cables.\r\n       COPPER CABLE: Pure Copper core adds additional durability, reliability, ductility to the cable and withstands 10000+ bending test.\r\n       CABLE LENGTH: 1.2 Meter with reliable structure.\r\n       FAST SYNC AND CHARGE: Quick Data Transmission Fast Charging up to 2.1A.', '', '', '', '', 'ib-037', 'ultra-tough-auto-disconnect-series-type-c-cable-12m-ib-037', 0, 0, 1, 0, 999.00, 0.00, '2021-02-05 00:00:00', '2021-02-05 00:00:00', 0, 0, '0000-00-00 00:00:00', '0000-00-00 00:00:00', 0, 7, 0, '', '', 0, 0, '', 0, 1, 0, 1, '2021-02-04 13:07:39', '2021-04-20 16:56:28', 1),
(38, '35,93', 'Ultra Tough Denim Series  Type C Cable 1.2M', '\"1. Compatibility  Type C supporting devices\r\n2. Connector type  Type C\r\n3. Reversible  No\r\n4. Connector  1\r\n5. Cable type  Round \r\n6. Cable Length  1.2 meter\r\n7. Cable Material  Denim \r\n8. Power Output  2.4A\r\n9. Cable speed  480 mbps\r\n10. Tangle free cord  Yes\r\n\"', 'Enjoy charger time up to 10% faster than most standard alternatives and 480 Mbps data transfer via USB 2.4Amp. Ultra Tough Cable Denim Braided cable material provides safe high speed charge and stable data transmission at very high speed. Designed with a tough Denim Braiding mechanism, our cables are highly durable, long-lasting and have a sleek design to exhibit the style. Equipped with a versatile Type-C connector, this cable is compatible with a wide variety of devices. Compatible with Smartphones, tablets, MP3 players, cameras, hard drives, e-readers, external batteries, handheld game consoles from brands including Redmi, Vivo, Oppo, Samsung, HTC, Motorola, Nexus, Nokia, LG, HP, Sony, Blackberry and all other Type-C connecting devices.\r\nFeatures\r\n       HIGH PERFORMANCE: Excellent pull resistance and flexibility make it more durable than standard cables.\r\n       DENIM BRAIDED CABLE: Premium denim braided cable adds additional durability and withstand 10000+ bending test.\r\n       CABLE LENGTH: 1.2 Meter with reliable structure.\r\n       FAST SYNC AND CHARGE: Quick Data Transmission at 480 Mbps and Fast Charging up to 2.4A\r\n       INCLUDED: Inbase Denim Braided 1.2 Meter Type-C Cable with Shielding and Fast Charging Up to 2.4 Amp', '', '', '', '', 'ib-038', 'ultra-tough-denim-series-type-c-cable-12m-ib-038', 0, 0, 1, 0, 799.00, 0.00, '2021-02-08 00:00:00', '2021-02-08 00:00:00', 0, 0, '0000-00-00 00:00:00', '0000-00-00 00:00:00', 0, 7, 0, '', '', 0, 0, '', 0, 0, 0, 1, '2021-02-04 13:07:39', '2021-02-08 11:27:04', 17),
(39, '35', 'Ultra Tough Fish Net Braided Series  Type C Cable  - 1.5M', '\"1. Compatibility Type C supporting devices\r\n2. Connector type  Type C\r\n3. Reversible  No\r\n4. Connector  1\r\n5. Cable type  Round \r\n6. Cable Length  1.5 meter\r\n7. Cable Material  Fishnet braided\r\n8. Power Output  2.4A\r\n9. Cable speed  480 mbps\r\n10. Tangle free cord  Yes\r\n\"', 'Enjoy charger time up to 10% faster than most standard alternatives and 480 Mbps data transfer via USB 2.4Amp. Ultra Tough Metal Braided fishnet cable material provides safe high speed charge and stable data transmission at very high speed. Designed with a tough Metal Braiding fishnet mechanism, our cables are highly durable, long-lasting and have a sleek design to exhibit the style. Equipped with a versatile Type-C connector, this cable is compatible with a wide variety of devices. Compatible with Smartphones, tablets, MP3 players, cameras, hard drives, e-readers, external batteries, handheld game consoles from brands including Redmi, Vivo, Oppo, Samsung, HTC, Motorola, Nexus, Nokia, LG, HP, Sony, Blackberry and all other Type-C connecting devices.\r\n\r\nFeatures\r\n       HIGH PERFORMANCE: Excellent pull resistance and flexibility make it more durable than standard cables.\r\n       DENIM BRAIDED CABLE: Premium Metal braided fishnet cable adds additional durability and withstand 10000+ bending test.\r\n       CABLE LENGTH: 1.2 Meter with reliable structure.\r\n       FAST SYNC AND CHARGE: Quick Data Transmission at 480 Mbps and Fast Charging up to 2.4A\r\n       INCLUDED: Inbase Metal braided fishnet 1.2 Meter Type-C Cable with Shielding and Fast Charging Up to 2.4 Amp', '', '', '', '', 'ib-039', 'ultra-tough-fish-net-braided-series-type-c-cable-15m-ib-039', 0, 0, 1, 0, 799.00, 0.00, '2021-02-05 00:00:00', '2021-02-05 00:00:00', 0, 0, '0000-00-00 00:00:00', '0000-00-00 00:00:00', 0, 7, 0, '', '', 0, 0, '', 0, 0, 0, 1, '2021-02-04 13:07:39', '2021-02-05 16:38:29', 17),
(40, '94', 'Ultra Tough Leather Series Type C Cable 1.2M', '\"1. Compatibility  Type C supporting devices\r\n2. Connector type  Type C\r\n3. Reversible  No\r\n4. Connector  1\r\n5. Cable type  Round \r\n6. Cable Length  1.2 meter\r\n7. Cable Material   Tough Leather\r\n8. Power Output  2.4A\r\n9. Cable speed  480 mbps\r\n10. Tangle free cord  Yes\r\n\"', 'Enjoy charger time up to 10% faster than most standard alternatives and 480 Mbps data transfer via USB 2.4Amp. Designed with a tough Braiding mechanism with PU Leather, this cable is super strong, efficient and premium looking at the same time. Cable has been designed to survive against heavy wear and tear with dual cross binding braiding process and using pure copper core for fast charging. Equipped with a versatile Type-C connector, this cable is compatible with a wide variety of devices. Compatible with Smartphones, tablets, MP3 players, cameras, hard drives, e-readers, external batteries, handheld game consoles from brands including Redmi, Vivo, Oppo, Samsung, HTC, Motorola, Nexus, Nokia, LG, HP, Sony, Blackberry and all other Type-C connecting devices.\r\nFeatures\r\n       HIGH PERFORMANCE: Excellent pull resistance and flexibility make it more durable than standard cables.\r\n       Leather BRAIDED CABLE: Premium leather braided cable adds additional durability and withstand 10000+ bending test.\r\n       CABLE LENGTH: 1.2 Meter with reliable structure.\r\n       FAST SYNC AND CHARGE: Quick data transmission at 480 Mbps and fast charging up to 2.4A\r\n       INCLUDED: Inbase leather braided 1.2 meter type-C cable with shielding and fast charging up to 2.4 Amp', '', '', '', '', 'ib-040', 'ultra-tough-leather-series-type-c-cable-12m-ib-040', 0, 0, 1, 0, 799.00, 0.00, '2021-02-05 00:00:00', '2021-02-05 00:00:00', 0, 0, '0000-00-00 00:00:00', '0000-00-00 00:00:00', 0, 7, 0, '', '', 0, 0, '', 0, 0, 0, 1, '2021-02-04 13:07:39', '2021-02-05 16:38:48', 17),
(41, '35', 'Ultra Tough Metal Series  Type C Cable - 1.2M', '\"1. Compatibility  Type C supporting devices\r\n2. Connector type  Type C\r\n3. Reversible  No\r\n4. Connector  1\r\n5. Cable type  Round \r\n6. Cable Length  1.2 meter\r\n7. Cable Material   Tough metal\r\n8. Power Output  2.4A\r\n9. Cable speed  480 mbps\r\n10. Tangle free cord  Yes\r\n\"', 'Enjoy charger time up to 10% faster than most standard alternatives and 480 Mbps data transfer via USB 2.4Amp. Metal braided cable material provides safe high speed charge and stable data transmission at very high speed. Cable has been designed to survive against heavy wear and tear with dual cross binding braiding process and using pure copper core for fast charging. Equipped with a versatile Type-C connector, this cable is compatible with a wide variety of devices. Compatible with Smartphones, tablets, MP3 players, cameras, hard drives, e-readers, external batteries, handheld game consoles from brands including Redmi, Vivo, Oppo, Samsung, HTC, Motorola, Nexus, Nokia, LG, HP, Sony, Blackberry and all other Type-C connecting devices.\r\nFeatures\r\n       HIGH PERFORMANCE: Excellent pull resistance and flexibility make it more durable than standard cables.\r\n       METAL BRAIDED CABLE: Premium metal braided cable adds additional durability and withstand 10000+ bending test.\r\n       CABLE LENGTH: 1.2 Meter with reliable structure.\r\n       FAST SYNC AND CHARGE: Quick data transmission at 480 Mbps and fast charging up to 2.4A\r\n       INCLUDED: Inbase metal braided 1.2 meter type-C cable with shielding and fast charging up to 2.4 Amp', '', '', '', '', 'ib-041', 'ultra-tough-metal-series-type-c-cable-12m-ib-041', 0, 0, 1, 0, 799.00, 0.00, '2021-02-05 00:00:00', '2021-02-05 00:00:00', 0, 0, '0000-00-00 00:00:00', '0000-00-00 00:00:00', 0, 7, 0, '', '', 0, 0, '', 0, 0, 0, 1, '2021-02-04 13:07:39', '2021-02-05 16:39:05', 17),
(42, '33,35', 'Zinc Alloy 5A Fast Charge Type C Cable -  1.2M', '\"1. Compatibility  Type C supporting devices\r\n2. Connector type  Type C\r\n3. Reversible  No\r\n4. Connector  1\r\n5. Cable type  Flat\r\n6. Cable Length  1.2 meter\r\n7. Cable Material  TPU material\r\n8. Power Output  2.4A\r\n9. Cable speed  480 mbps\r\n10. Cable core  Zinc alloy\r\n11. Tangle free cord  Yes\r\n12. Special feature  comes with LED indicator\r\n\"', 'Enjoy charger time up to 50% faster than most standard alternatives and data transfer via USB 2.1Amp. High quality TPU material cable provides safe high speed charge and stable data transmission at very high speed. Equipped with a versatile Type- C connector, this cable is compatible with a wide variety of devices. LED indicator cable compatible with Smartphones, tablets, MP3 players, cameras, hard drives, e-readers, external batteries, handheld game consoles from all the brands and all other type C connecting devices.\r\nFeatures\r\n       HIGH PERFORMANCE: Excellent pull resistance and flexibility make it more durable than standard cables.\r\n       CABLE DURABILITY: Aluminium alloy+TPU cable with anti-oxidation and corrosion resistance adds additional durability and withstand 10000+ bending test.\r\n       FAST SYNC AND CHARGE: Quick Data Transmission Fast Charging up to 2.1A.', '', '', '', '', 'ib-042', 'zinc-alloy-5a-fast-charge-type-c-cable-12m-ib-042', 0, 0, 1, 0, 1499.00, 0.00, '2021-02-05 00:00:00', '2021-02-05 00:00:00', 0, 0, '0000-00-00 00:00:00', '0000-00-00 00:00:00', 0, 7, 0, '', '', 0, 0, '', 0, 0, 0, 1, '2021-02-04 13:07:39', '2021-02-05 16:39:30', 17),
(43, '35', 'Nylon Braided Lightning Cable 1.0M', '\"1. Compatibility  Lightning supporting devices\r\n2. Connector type  Lightning\r\n3. Reversible  No\r\n4. Connector  1\r\n5. Cable type  Round \r\n6. Cable Length  1.2 meter\r\n7. Cable Material  Nylon braided\r\n8. Power Output  2.4A\r\n9. Cable speed  480 mbps\r\n10. Tangle free cord - Yes\r\n11. Cable Core  Copper \r\n\"', 'Enjoy charger time up to 10% faster than most standard alternatives and 480 Mbps data transfer via USB 2.4Amp. Pure nylon braided cable material provides safe high speed charge and stable data transmission at very high speed. Equipped with a versatile lightning connector, this cable is compatible with a wide variety of devices. Compatible with all Lightning connecting devices includes iPhone, iPad and iPod Models:- iPhone XS, iPhone XS Max, iPhone XR, iPhone X, iPhone 8, iPhone 8 Plus, iPhone 7, iPhone 7 Plus, iPhone 6s, iPhone 6s Plus, iPhone 6, iPhone 6 Plus, iPhone SE, iPhone 5s, iPhone 5c, iPhone 5, iPad Pro 10.5-inch, iPad (6th Generation), iPad mini 4, iPad Pro 12.9-inch (2nd Generation), iPad Pro 12.9-inch (1st Generation), iPad Pro 9.7-inch, iPad (5th Generation), iPad mini 3, iPad mini 2, iPad mini, iPad Air 2, iPad Air, iPod touch (6th Generation), iPod touch 5th Generation, iPod nano 7th Generation.\r\nFeatures\r\n       HIGH PERFORMANCE: Excellent pull resistance and flexibility make it more durable than standard cables.\r\n       NYLON BRAIDED CABLE: Premium nylon braided cable adds additional durability and withstand 10000+ bending test.\r\n       CABLE LENGTH: 1.2 Meter with reliable structure.\r\n       FAST SYNC AND CHARGE: Quick Data Transmission at 480 Mbps and Fast Charging up to 2.4A\r\n       INCLUDED: Inbase Nylon Braided 1.2 Meter Lightning Cable with Shielding and Fast Charging Upto 2.4 Amp', '', '', '', '', 'ib-043', 'nylon-braided-lightning-cable-10m-ib-043', 0, 0, 1, 0, 799.00, 0.00, '2021-02-08 00:00:00', '2021-02-08 00:00:00', 0, 0, '0000-00-00 00:00:00', '0000-00-00 00:00:00', 0, 7, 0, '', '', 0, 0, '', 0, 0, 0, 1, '2021-02-04 13:07:39', '2021-02-08 14:41:20', 17),
(44, '36', 'Charge and Sync -  Lightning Cable  White 1.2M', '\"1. Compatibility  Lightning supporting devices\r\n2. Connector type  Lightning\r\n3. Reversible  No\r\n4. Connector - 1\r\n5. Cable type  Round\r\n6. Cable Length  1.2 meter\r\n7. Cable Material  Carbon fiber material\r\n8. Power Output  2.4A\r\n9. Cable speed  480 mbps\r\n10. Tangle free cord - Yes\r\n11. Insulation material  Copper core\r\n\"', 'Enjoy charger time up to 10% faster than most standard alternatives and 480 Mbps data transfer via USB 2.4Amp. Pure copper core cable material provides safe high speed charge and stable data transmission at very high speed. Equipped with a versatile micro-USB connector, this cable is compatible with a wide variety of devices. Compatible with all Lightning-enabled devices that support iOS 10 or later, including iPod Touch, iPad and iPhone\r\nFeatures\r\nHIGH PERFORMANCE: Excellent pull resistance and flexibility make it more durable than standard cables.\r\nPURE COPPER CORE: Up to 10X stronger than ordinary cables.\r\nCABLE LENGTH: 1.2 Meter with reliable structure.\r\nFAST SYNC AND CHARGE: Quick Data Transmission at 480 Mbps and Fast Charging up to 2.4A\r\nVOLTAGE RESISTANCE: Specially designed of high voltage resistance.', '', '', '', '', 'ib-044', 'charge-and-sync-lightning-cable-white-12m-ib-044', 0, 0, 1, 0, 599.00, 0.00, '2021-02-05 00:00:00', '2021-02-05 00:00:00', 0, 0, '0000-00-00 00:00:00', '0000-00-00 00:00:00', 0, 7, 0, '', '', 0, 0, '', 0, 0, 0, 1, '2021-02-04 13:07:39', '2021-02-05 16:39:47', 17),
(45, '35', 'Lightning Cable - MFI Certified Powerline 1.5M', '\"1. Compatibility  Lightning ports supporting devices\r\n2. Connector type  Lightning \r\n3. Reversible  No\r\n4. Connector - 1\r\n5. Cable type  Round\r\n6. Cable Length  1.5 meter\r\n7. Cable Material  Nylon braided material\r\n8. Power Output  18W\r\n9. Cable speed  480 mbps\r\n10. Tangle free cord - Yes\r\n11. Core material  Kevlar core\r\n12. MFI certified\r\n\"', 'Enjoy charger time up to 10% faster than most standard alternatives and 480 Mbps data transfer via USB 3.1Amp. Kevlar Fibers reinforce the inner wiring for added strength, abrasion-resistant, nylon forms a tough outer jacket and highly flexible insulation minimizes damage from friction. Equipped with a versatile micro-USB to lightning connector, this cable is compatible with a wide variety of devices. Compatible with all Lightning connecting devices includes iPhone, iPad and iPod Models:- iPhone XS, iPhone XS Max, iPhone XR, iPhone X, iPhone 8, iPhone 8 Plus, iPhone 7, iPhone 7 Plus, iPhone 6s, iPhone 6s Plus, iPhone 6, iPhone 6 Plus, iPhone SE, iPhone 5s, iPhone 5c, iPhone 5, iPad Pro 10.5-inch, iPad (6th Generation), iPad mini 4, iPad Pro 12.9-inch (2nd Generation), iPad Pro 12.9-inch (1st Generation), iPad Pro 9.7-inch, iPad (5th Generation), iPad mini 3, iPad mini 2, iPad mini, iPad Air 2, iPad Air, iPod touch (6th Generation), iPod touch 5th Generation, iPod nano 7th Generation.\r\nFeatures\r\n       HIGH PERFORMANCE: Excellent pull resistance and flexibility make it more durable than standard cables.\r\n       BETTER MATERIAL: Tough nylon exterior, toughened Kevlar fiber core and laser-welded connectors equip Powered with superior toughness from end-to-end.\r\n       SUPER STRONG: Flexible & Durable cable undergoing 35000+ rounds of 180 degree cable bend tests.\r\n       CABLE LENGTH: 1.2 Meter with reliable structure.\r\n       FAST SYNC AND CHARGE: Quick Data Transmission at 480 Mbps and Fast Charging up to 3.1A\r\n       INCLUDED: Inbase USB to Lightning - 1.2 Meter MFI Cable with Shielding and Fast Charging Up to 3.1 Amp', '', '', '', '', 'ib-045', 'lightning-cable-mfi-certified-powerline-15m-ib-045', 0, 0, 1, 0, 1499.00, 0.00, '2021-02-08 00:00:00', '2021-02-08 00:00:00', 0, 0, '0000-00-00 00:00:00', '0000-00-00 00:00:00', 0, 7, 0, '', '', 0, 0, '', 1, 0, 0, 1, '2021-02-04 13:07:39', '2021-02-08 12:01:42', 17),
(46, '35', 'Nylon Braided Lightning Cable 1.2M', '\"1. Compatibility  Lightning supporting devices\r\n2. Connector type  Lightning\r\n3. Reversible  No\r\n4. Connector  1\r\n5. Cable type  Round \r\n6. Cable Length  1.2 meter\r\n7. Cable Material  Nylon braided\r\n8. Power Output  2.4A\r\n9. Cable speed  480 mbps\r\n10. Tangle free cord - Yes\r\n11. Cable Core  Copper \r\n\"', 'Enjoy charger time up to 10% faster than most standard alternatives and 480 Mbps data transfer via USB 2.4Amp. Pure nylon braided cable material provides safe high speed charge and stable data transmission at very high speed. Equipped with a versatile lightning connector, this cable is compatible with a wide variety of devices. Compatible with all Lightning connecting devices includes iPhone, iPad and iPod Models:- iPhone XS, iPhone XS Max, iPhone XR, iPhone X, iPhone 8, iPhone 8 Plus, iPhone 7, iPhone 7 Plus, iPhone 6s, iPhone 6s Plus, iPhone 6, iPhone 6 Plus, iPhone SE, iPhone 5s, iPhone 5c, iPhone 5, iPad Pro 10.5-inch, iPad (6th Generation), iPad mini 4, iPad Pro 12.9-inch (2nd Generation), iPad Pro 12.9-inch (1st Generation), iPad Pro 9.7-inch, iPad (5th Generation), iPad mini 3, iPad mini 2, iPad mini, iPad Air 2, iPad Air, iPod touch (6th Generation), iPod touch 5th Generation, iPod nano 7th Generation.\r\nFeatures\r\n       HIGH PERFORMANCE: Excellent pull resistance and flexibility make it more durable than standard cables.\r\n       NYLON BRAIDED CABLE: Premium nylon braided cable adds additional durability and withstand 10000+ bending test.\r\n       CABLE LENGTH: 1.2 Meter with reliable structure.\r\n       FAST SYNC AND CHARGE: Quick Data Transmission at 480 Mbps and Fast Charging up to 2.4A\r\n       INCLUDED: Inbase Nylon Braided 1.2 Meter Lightning Cable with Shielding and Fast Charging Upto 2.4 Amp', '', '', '', '', 'ib-046', 'nylon-braided-lightning-cable-12m-ib-046', 0, 0, 1, 0, 699.00, 0.00, '2021-02-05 00:00:00', '2021-02-05 00:00:00', 0, 0, '0000-00-00 00:00:00', '0000-00-00 00:00:00', 0, 7, 0, '', '', 0, 0, '', 0, 0, 0, 1, '2021-02-04 13:07:39', '2021-02-05 16:40:27', 17),
(47, '35', 'Nylon Braided Lightning Cable - 2.0M', '\"1. Compatibility  Lightning supporting devices\r\n2. Connector type  Lightning\r\n3. Reversible  No\r\n4. Connector  1\r\n5. Cable type  Round \r\n6. Cable Length  2 meter\r\n7. Cable Material  Nylon braided\r\n8. Power Output  2.4A\r\n9. Cable speed  480 mbps\r\n10. Tangle free cord - Yes\r\n11. Cable Core  Copper \r\n\"', 'Enjoy charger time up to 10% faster than most standard alternatives and 480 Mbps data transfer via USB 2.4Amp. Pure nylon braided cable material provides safe high speed charge and stable data transmission at very high speed. Equipped with a versatile lightning connector, this cable is compatible with a wide variety of devices. Compatible with all Lightning connecting devices includes iPhone, iPad and iPod Models:- iPhone XS, iPhone XS Max, iPhone XR, iPhone X, iPhone 8, iPhone 8 Plus, iPhone 7, iPhone 7 Plus, iPhone 6s, iPhone 6s Plus, iPhone 6, iPhone 6 Plus, iPhone SE, iPhone 5s, iPhone 5c, iPhone 5, iPad Pro 10.5-inch, iPad (6th Generation), iPad mini 4, iPad Pro 12.9-inch (2nd Generation), iPad Pro 12.9-inch (1st Generation), iPad Pro 9.7-inch, iPad (5th Generation), iPad mini 3, iPad mini 2, iPad mini, iPad Air 2, iPad Air, iPod touch (6th Generation), iPod touch 5th Generation, iPod nano 7th Generation.\r\nFeatures\r\n       HIGH PERFORMANCE: Excellent pull resistance and flexibility make it more durable than standard cables.\r\n       NYLON BRAIDED CABLE: Premium nylon braided cable adds additional durability and withstand 10000+ bending test.\r\n       CABLE LENGTH: 2 Meter with reliable structure.\r\n       FAST SYNC AND CHARGE: Quick Data Transmission at 480 Mbps and Fast Charging up to 2.4A\r\n       INCLUDED: Inbase Nylon Braided 2 Meter Lightning Cable with Shielding and Fast Charging Up to 2.4 Amp', '', '', '', '', 'ib-047', 'nylon-braided-lightning-cable-20m-ib-047', 0, 0, 1, 0, 799.00, 0.00, '2021-02-05 00:00:00', '2021-02-05 00:00:00', 0, 0, '0000-00-00 00:00:00', '0000-00-00 00:00:00', 0, 7, 0, '', '', 0, 0, '', 0, 0, 0, 1, '2021-02-04 13:07:39', '2021-02-05 16:40:44', 17),
(48, '36', 'Charge and Sync  Lightning Cable Box Packing  20CM', '\"1. Compatibility  Lightning supporting devices\r\n2. Connector type  Lightning\r\n3. Reversible  No\r\n4. Connector  1\r\n5. Cable type  Round \r\n6. Cable Length  25 cm\r\n7. Cable Material  Copper fiber\r\n8. Power Output  2.4A\r\n9. Cable speed  480 mbps\r\n10. Tangle free cord - Yes\r\n11. Insulation material  Copper core\r\n\"', 'Enjoy charger time up to 10% faster than most standard alternatives and 480 Mbps data transfer via USB 2.4Amp. Pure copper core cable material provides safe high speed charge and stable data transmission at very high speed. Equipped with a versatile micro-USB connector, this cable is compatible with a wide variety of devices. Compatible with all Lightning-enabled devices that support iOS 10 or later, including iPod Touch, iPad and iPhone\r\nFeatures\r\nHIGH PERFORMANCE: Excellent pull resistance and flexibility make it more durable than standard cables.\r\nPURE COPPER CORE: Up to 10X stronger than ordinary cables.\r\nCABLE LENGTH: 1.2 Meter with reliable structure.\r\nFAST SYNC AND CHARGE: Quick Data Transmission at 480 Mbps and Fast Charging up to 2.4A\r\nVOLTAGE RESISTANCE: Specially designed of high voltage resistance.', '', '', '', '', 'ib-048', 'charge-and-sync-lightning-cable-box-packing-20cm-ib-048', 0, 0, 1, 0, 249.00, 0.00, '2021-02-05 00:00:00', '2021-02-05 00:00:00', 0, 0, '0000-00-00 00:00:00', '0000-00-00 00:00:00', 0, 7, 0, '', '', 0, 0, '', 0, 0, 0, 1, '2021-02-04 13:07:39', '2021-02-05 16:41:05', 17),
(49, '36', 'Charge and Sync Lightning Cable Poly Packing  20CM', '\"1. Compatibility  Lightning supporting devices\r\n2. Connector type  Lightning\r\n3. Reversible  No\r\n4. Connector  1\r\n5. Cable type  Round \r\n6. Cable Length  25 cm\r\n7. Cable Material  Copper fiber\r\n8. Power Output  2.4A\r\n9. Cable speed  480 mbps\r\n10. Tangle free cord - Yes\r\n11. Insulation material  Copper core\r\n\"', 'Enjoy charger time up to 10% faster than most standard alternatives and 480 Mbps data transfer via USB 2.4Amp. Pure copper core cable material provides safe high speed charge and stable data transmission at very high speed. Equipped with a versatile micro-USB connector, this cable is compatible with a wide variety of devices. Compatible with all Lightning-enabled devices that support iOS 10 or later, including iPod Touch, iPad and iPhone\r\nFeatures\r\nHIGH PERFORMANCE: Excellent pull resistance and flexibility make it more durable than standard cables.\r\nPURE COPPER CORE: Up to 10X stronger than ordinary cables.\r\nCABLE LENGTH: 1.2 Meter with reliable structure.\r\nFAST SYNC AND CHARGE: Quick Data Transmission at 480 Mbps and Fast Charging up to 2.4A\r\nVOLTAGE RESISTANCE: Specially designed of high voltage resistance.', '', '', '', '', 'ib-049', 'charge-and-sync-lightning-cable-poly-packing-20cm-ib-049', 0, 0, 1, 0, 199.00, 0.00, '2021-02-05 00:00:00', '2021-02-05 00:00:00', 0, 0, '0000-00-00 00:00:00', '0000-00-00 00:00:00', 0, 7, 0, '', '', 0, 0, '', 0, 0, 0, 1, '2021-02-04 13:07:39', '2021-02-05 16:44:15', 17),
(50, '33,34,93', 'Turbo Fast Charge  Lightning Cable - 1.2M', '\"1. Compatibility  Lightning supporting devices\r\n2. Connector type  Lightning\r\n3. Reversible  No\r\n4. Connector  1\r\n5. Cable type  Round \r\n6. Cable Length  1.2 meter\r\n7. Cable Material  Nylon braided\r\n8. Power Output  2.4A\r\n9. Cable speed  480 mbps\r\n10. Tangle free cord - Yes\r\n\"', 'Enjoy charger time up to 50% faster than most standard alternatives and data transfer via USB 2.1Amp. High quality nylon braided material cable provides safe high speed charge and stable data transmission at very high speed. Metal Casing cable not only ensures the safety of the connected device but also ensures reliable charging and high speed data transmission. Equipped with a versatile lightning connector, this cable is compatible with a wide variety of devices. Compatible with iphone, tablets, MP3 players, cameras, hard drives, e-readers, external batteries, handheld game consoles from all the brands and all other lightning connecting devices.\r\nFeatures\r\n       HIGH PERFORMANCE: Excellent pull resistance and flexibility make it more durable than standard cables.\r\n       NYLON BRAIDED CABLE: Premium nylon braided cable adds additional durability and withstand 10000+ bending test.\r\n       CABLE LENGTH: 1.2 Meter with reliable structure.\r\n       CABLE DURABILITY: Cadmium free, Injection molding enhanced the strength and efficiency of the cable. Metal casing prevents breakage and reliability while being flexible enough to bend your cable.\r\n       FAST SYNC AND CHARGE: Quick Data Transmission Fast Charging up to 2.1A', '', '', '', '', 'ib-050', 'turbo-fast-charge-lightning-cable-12m-ib-050', 0, 0, 1, 0, 799.00, 0.00, '2021-02-08 00:00:00', '2021-02-08 00:00:00', 0, 0, '0000-00-00 00:00:00', '0000-00-00 00:00:00', 0, 7, 0, '', '', 0, 0, '', 0, 0, 0, 1, '2021-02-04 13:07:39', '2021-02-08 14:35:30', 17),
(51, '35', 'Ultra Tough Auto Disconnect Series Lightning Cable - 1.2M', '\"1. Compatibility  Lightning supporting devices\r\n2. Connector type  Lightning\r\n3. Reversible  No\r\n4. Connector  1\r\n5. Cable type  Round \r\n6. Cable Length  1.2 meter\r\n7. Cable Material  Nylon braided\r\n8. Power Output  2.4A\r\n9. Cable speed  480 mbps\r\n10. Tangle free cord  Yes\r\n11. Special feature  It shows led indication when the devices fully charged\r\n\"', 'Enjoy charger time up to 10 times faster than most standard alternatives and data transfer via USB 2.1Amp. High quality pure copper core cable provides safe fast charging and stable data transmission at very high speed. Copper core cable not only ensures the safety of the connected device but also ensures reliable charging, voltage resistance and high speed data transmission. Surface dent design maintains the best matching with the connector. Equipped with a versatile lightning connector, this cable is compatible with a wide variety of devices. Compatible with Iphones, tablets, MP3 players, cameras, hard drives, e-readers, external batteries, handheld game consoles from all the brands and all other lightning connecting devices.\r\nFeatures\r\n       HIGH PERFORMANCE: Excellent pull resistance and flexibility make it more durable than standard cables.\r\n       COPPER CABLE: Pure Copper core adds additional durability, reliability, ductility to the cable and withstands 10000+ bending test.\r\n       CABLE LENGTH: 1.2 Meter with reliable structure.\r\n       FAST SYNC AND CHARGE: Quick Data Transmission Fast Charging up to 2.1A.', '', '', '', '', 'ib-051', 'ultra-tough-auto-disconnect-series-lightning-cable-12m-ib-051', 0, 0, 1, 0, 1299.00, 0.00, '2021-02-05 00:00:00', '2021-02-05 00:00:00', 0, 0, '0000-00-00 00:00:00', '0000-00-00 00:00:00', 0, 7, 0, '', '', 0, 0, '', 0, 0, 0, 1, '2021-02-04 13:07:39', '2021-02-05 16:43:52', 17),
(52, '35,93', 'Ultra Tough Denim Series Lightning Cable - 1.2M', '\"1. Compatibility  Lightning supporting devices\r\n2. Connector type  Lightning\r\n3. Reversible  No\r\n4. Connector  1\r\n5. Cable type  Round \r\n6. Cable Length  1.2 meter\r\n7. Cable Material  Denim\r\n8. Power Output  2.4A\r\n9. Cable speed  480 mbps\r\n10. Tangle free cord  Yes\r\n\"', 'Enjoy charger time up to 10% faster than most standard alternatives and 480 Mbps data transfer via USB 2.4Amp. Ultra Tough Cable Denim Braided cable material provides safe high speed charge and stable data transmission at very high speed. Designed with a tough Denim Braiding mechanism, our cables are highly durable, long-lasting and have a sleek design to exhibit the style. Equipped with a versatile lightning connector, this cable is compatible with a wide variety of devices. Compatible with all Lightning connecting devices includes iPhone, iPad and iPod Models:- iPhone XS, iPhone XS Max, iPhone XR, iPhone X, iPhone 8, iPhone 8 Plus, iPhone 7, iPhone 7 Plus, iPhone 6s, iPhone 6s Plus, iPhone 6, iPhone 6 Plus, iPhone SE, iPhone 5s, iPhone 5c, iPhone 5, iPad Pro 10.5-inch, iPad (6th Generation), iPad mini 4, iPad Pro 12.9-inch (2nd Generation), iPad Pro 12.9-inch (1st Generation), iPad Pro 9.7-inch, iPad (5th Generation), iPad mini 3, iPad mini 2, iPad mini, iPad Air 2, iPad Air, iPod touch (6th Generation), iPod touch 5th Generation, iPod nano 7th Generation.\r\nFeatures\r\n       HIGH PERFORMANCE: Excellent pull resistance and flexibility make it more durable than standard cables.\r\n       DENIM BRAIDED CABLE: Premium denim braided cable adds additional durability and withstand 10000+ bending test.\r\n       CABLE LENGTH: 1.2 Meter with reliable structure.\r\n       FAST SYNC AND CHARGE: Quick Data Transmission at 480 Mbps and Fast Charging up to 2.4A\r\n       INCLUDED: Inbase Denim Braided 1.2 Meter Lightning Cable with Shielding and Fast Charging up to 2.4 Amp', '', '', '', '', 'ib-052', 'ultra-tough-denim-series-lightning-cable-12m-ib-052', 0, 0, 1, 0, 799.00, 0.00, '2021-02-08 00:00:00', '2021-02-08 00:00:00', 0, 0, '0000-00-00 00:00:00', '0000-00-00 00:00:00', 0, 7, 0, '', '', 0, 0, '', 0, 0, 0, 1, '2021-02-04 13:07:39', '2021-02-08 11:59:06', 17),
(53, '35', 'Ultra Tough Fish Net Braided Series  Lightning Cable - 1.5M', '\"1. Compatibility Lightning supporting devices\r\n2. Connector type  Lightning\r\n3. Reversible  No\r\n4. Connector  1\r\n5. Cable type  Round \r\n6. Cable Length  1.5 meter\r\n7. Cable Material  Fishnet braided\r\n8. Power Output  2.4A\r\n9. Cable speed  480 mbps\r\n10. Tangle free cord  Yes\r\n\"', 'Enjoy charger time up to 10% faster than most standard alternatives and 480 Mbps data transfer via USB 2.4Amp. Ultra Tough Metal Braided fishnet cable material provides safe high speed charge and stable data transmission at very high speed. Designed with a tough Metal Braiding fishnet mechanism, our cables are highly durable, long-lasting and have a sleek design to exhibit the style. Equipped with a versatile lightning connector, this cable is compatible with a wide variety of devices. Compatible with all Lightning connecting devices includes iPhone, iPad and iPod Models:- iPhone XS, iPhone XS Max, iPhone XR, iPhone X, iPhone 8, iPhone 8 Plus, iPhone 7, iPhone 7 Plus, iPhone 6s, iPhone 6s Plus, iPhone 6, iPhone 6 Plus, iPhone SE, iPhone 5s, iPhone 5c, iPhone 5, iPad Pro 10.5-inch, iPad (6th Generation), iPad mini 4, iPad Pro 12.9-inch (2nd Generation), iPad Pro 12.9-inch (1st Generation), iPad Pro 9.7-inch, iPad (5th Generation), iPad mini 3, iPad mini 2, iPad mini, iPad Air 2, iPad Air, iPod touch (6th Generation), iPod touch 5th Generation, iPod nano 7th Generation.\r\nFeatures\r\n       HIGH PERFORMANCE: Excellent pull resistance and flexibility make it more durable than standard cables.\r\n       DENIM BRAIDED CABLE: Premium metal braided fishnet cable adds additional durability and withstand 10000+ bending test.\r\n       CABLE LENGTH: 1.2 Meter with reliable structure.\r\n       FAST SYNC AND CHARGE: Quick Data Transmission at 480 Mbps and Fast Charging up to 2.4A\r\n       INCLUDED: Inbase Metal Braided Fishnet 1.2 Meter Lightning Cable with Shielding and Fast Charging up to 2.4 Amp', '', '', '', '', 'ib-053', 'ultra-tough-fish-net-braided-series-lightning-cable-15m-ib-053', 0, 0, 1, 0, 799.00, 0.00, '2021-02-05 00:00:00', '2021-02-05 00:00:00', 0, 0, '0000-00-00 00:00:00', '0000-00-00 00:00:00', 0, 7, 0, '', '', 0, 0, '', 0, 0, 0, 1, '2021-02-04 13:07:39', '2021-02-05 16:43:00', 17),
(54, '94', 'Ultra Tough Leather Series Lightning Cable 1.2M', '\"1. Compatibility  Lightning supporting devices\r\n2. Connector type  Lightning\r\n3. Reversible  No\r\n4. Connector  1\r\n5. Cable type  Round \r\n6. Cable Length  1.2 meter\r\n7. Cable Material  Tough Leather\r\n8. Power Output  2.4A\r\n9. Cable speed  480 mbps\r\n10. Tangle free cord  Yes\r\n\"', 'Enjoy charger time up to 10% faster than most standard alternatives and 480 Mbps data transfer via USB 2.4Amp. Designed with a tough Braiding mechanism with PU Leather, this cable is super strong, efficient and premium looking at the same time. Cable has been designed to survive against heavy wear and tear with dual cross binding braiding process and using pure copper core for fast charging. Equipped with a versatile lightning connector, this cable is compatible with a wide variety of devices. Compatible with all Lightning connecting devices includes iPhone, iPad and iPod Models:- iPhone XS, iPhone XS Max, iPhone XR, iPhone X, iPhone 8, iPhone 8 Plus, iPhone 7, iPhone 7 Plus, iPhone 6s, iPhone 6s Plus, iPhone 6, iPhone 6 Plus, iPhone SE, iPhone 5s, iPhone 5c, iPhone 5, iPad Pro 10.5-inch, iPad (6th Generation), iPad mini 4, iPad Pro 12.9-inch (2nd Generation), iPad Pro 12.9-inch (1st Generation), iPad Pro 9.7-inch, iPad (5th Generation), iPad mini 3, iPad mini 2, iPad mini, iPad Air 2, iPad Air, iPod touch (6th Generation), iPod touch 5th Generation, iPod nano 7th Generation.\r\nFeatures\r\n       HIGH PERFORMANCE: Excellent pull resistance and flexibility make it more durable than standard cables.\r\n       LEATHER BRAIDED CABLE: Premium leather braided cable adds additional durability and withstand 10000+ bending test.\r\n       CABLE LENGTH: 1.2 Meter with reliable structure.\r\n       FAST SYNC AND CHARGE: Quick data transmission at 480 Mbps and fast charging up to 2.4A\r\n       INCLUDED: Inbase leather braided 1.2 meter lightning cable with shielding and fast charging up to 2.4 Amp', '', '', '', '', 'ib-054', 'ultra-tough-leather-series-lightning-cable-12m-ib-054', 0, 0, 1, 0, 799.00, 0.00, '2021-02-05 00:00:00', '2021-02-05 00:00:00', 0, 0, '0000-00-00 00:00:00', '0000-00-00 00:00:00', 0, 7, 0, '', '', 0, 0, '', 0, 0, 0, 1, '2021-02-04 13:07:39', '2021-02-05 16:42:39', 17),
(55, '35,91', 'Ultra Tough Metal Series  Lightning Cable 1.2M', '\"1. Compatibility  Lightning supporting devices\r\n2. Connector type  Lightning\r\n3. Reversible  No\r\n4. Connector  1\r\n5. Cable type  Round \r\n6. Cable Length  1.2 meter\r\n7. Cable Material  Tough Metal braided\r\n8. Power Output  2.4A\r\n9. Cable speed  480 mbps\r\n10. Tangle free cord  Yes\r\n\"', 'Enjoy charger time up to 10% faster than most standard alternatives and 480 Mbps data transfer via USB 2.4Amp. Metal braided cable material provides safe high speed charge and stable data transmission at very high speed. Cable has been designed to survive against heavy wear and tear with dual cross binding braiding process and using pure copper core for fast charging. Equipped with a versatile lightning connector, this cable is compatible with a wide variety of devices. Compatible with all Lightning connecting devices includes iPhone, iPad and iPod Models:- iPhone XS, iPhone XS Max, iPhone XR, iPhone X, iPhone 8, iPhone 8 Plus, iPhone 7, iPhone 7 Plus, iPhone 6s, iPhone 6s Plus, iPhone 6, iPhone 6 Plus, iPhone SE, iPhone 5s, iPhone 5c, iPhone 5, iPad Pro 10.5-inch, iPad (6th Generation), iPad mini 4, iPad Pro 12.9-inch (2nd Generation), iPad Pro 12.9-inch (1st Generation), iPad Pro 9.7-inch, iPad (5th Generation), iPad mini 3, iPad mini 2, iPad mini, iPad Air 2, iPad Air, iPod touch (6th Generation), iPod touch 5th Generation, iPod nano 7th Generation.\r\nFeatures\r\n       HIGH PERFORMANCE: Excellent pull resistance and flexibility make it more durable than standard cables.\r\n       METAL BRAIDED CABLE: Premium metal braided cable adds additional durability and withstand 10000+ bending test.\r\n       CABLE LENGTH: 1.2 Meter with reliable structure.\r\n       FAST SYNC AND CHARGE: Quick data transmission at 480 Mbps and fast charging up to 2.4A\r\n       INCLUDED: Inbase metal braided 1.2 meter lightning cable with shielding and fast charging up to 2.4 Amp.', '', '', '', '', 'ib-055', 'ultra-tough-metal-series-lightning-cable-12m-ib-055', 0, 0, 1, 0, 799.00, 0.00, '2021-02-08 00:00:00', '2021-02-08 00:00:00', 0, 0, '0000-00-00 00:00:00', '0000-00-00 00:00:00', 0, 7, 0, '', '', 0, 0, '', 0, 0, 0, 1, '2021-02-04 13:07:39', '2021-02-08 12:03:08', 17);
INSERT INTO `kr_product` (`product_id`, `dropdown_id`, `product_name`, `description`, `longdescription`, `metaname`, `metadescription`, `metakeyword`, `model`, `sku`, `product_url`, `quantity`, `configqua`, `minquantity`, `isquaincrease`, `price`, `specialprice`, `spl_fromdate`, `spl_todate`, `isnewproduct`, `isfeaturedproduct`, `newprod_fromdate`, `newprod_todate`, `attributeMapId`, `taxId`, `manufacturerId`, `related_products`, `suggested_products`, `soldout`, `iscustomized`, `uploadecustomizedimg`, `chkpvatt`, `displayinhome`, `isfeatured`, `IsActive`, `created_date`, `modified_date`, `userid`) VALUES
(56, '33,35', 'Zinc Alloy Fast Charge Lightning Cable - 1.2M', '\"1. Compatibility  Lightning supporting devices\r\n2. Connector type  Lightning\r\n3. Reversible  No\r\n4. Connector  1\r\n5. Cable type  Flat\r\n6. Cable Length  1.2 meter\r\n7. Cable Material  TPU material\r\n8. Power Output  2.4A\r\n9. Cable speed  480 mbps\r\n10. Cable core  Zinc alloy\r\n11. Tangle free cord  Yes\r\n12. Special feature  comes with LED indicator\r\n\"', 'Enjoy charger time up to 50% faster than most standard alternatives and data transfer via USB 2.1Amp. High quality TPU material cable provides safe high speed charge and stable data transmission at very high speed. Equipped with a versatile lightning connector, this cable is compatible with a wide variety of devices. LED indicator cable compatible with iphone, tablets, MP3 players, cameras, hard drives, e-readers, external batteries, handheld game consoles from all the brands and all other lightning type connecting devices.\r\nFeatures\r\n       HIGH PERFORMANCE: Excellent pull resistance and flexibility make it more durable than standard cables.\r\n       CABLE DURABILITY: Aluminium alloy+TPU cable with anti-oxidation and corrosion resistance adds additional durability and withstand 10000+ bending test.\r\n       FAST SYNC AND CHARGE: Quick Data Transmission Fast Charging up to 2.1A.', '', '', '', '', 'ib-056', 'zinc-alloy-fast-charge-lightning-cable-12m-ib-056', 0, 0, 1, 0, 1299.00, 0.00, '2021-02-05 00:00:00', '2021-02-05 00:00:00', 0, 0, '0000-00-00 00:00:00', '0000-00-00 00:00:00', 0, 7, 0, '', '', 0, 0, '', 0, 0, 0, 1, '2021-02-04 13:07:39', '2021-02-05 16:41:55', 17),
(57, '35', 'Aux Cable 1.2M', '\"1. Cable length  1.2 meter\n2. Cable speed  480 Mbps\n3. Connector type one  3.5mm\n4. Connector type two  3.5mm\n5. Cable type  Nylon braided\n6. Connector material  Gold plated plug\n\"', 'Inbase 3.5mm male to male Aux cable fits all digital devices with standard 3.5mm aux ports. Gold plated plug, it better matches the connection device. Anti  jamming, it provides fast conduction of audio signal. Made of high quality enameled pure copper wire which gives high fidelity, stable transmission, pure sound quality and incredibly durable lasts a lot longer than other AUX cables. Universal compatible with both input (phone, tablets, computers and MP3) and output devices (speakers, car and headphones).\nFeatures\nAux cable fits all digital devices with all 3.5mm aux ports.\nUniversal compatible with most of the male to male connectors.\nAux cable helps to connect your phone to speaker, computer to speaker, music player to headset.\n Tangle-free cord design eliminates bunching, tangles, knots.', '', '', '', '', 'ib-057', 'IB_057', 0, 0, 1, 0, 499.00, 0.00, NULL, NULL, 0, 0, NULL, NULL, 0, 7, 0, '', '', 0, 0, '', 0, 0, 0, 1, '2021-02-04 13:07:39', '2021-02-04 13:07:39', 1),
(58, '35', 'Audio Splitter 3.5MM', '\"1. Connector type one  3.5mm\r\n2. Connector type two  3.5mm\r\n3. Comes with stylus\r\n\"', 'nbase 3.5mm Y shaped Audio Splitter with touch pen convert one jack into two 3.5mm jacks ideal for sharing Music with Anyone and suitable for navigating all touch devices. Male to dual female 3.5mm Audio splitter fits all digital devices with standard 3.5mm aux ports and transmits audio in stereo format. Audio splitter connector ensures accurate data transmission and eliminates signal loss and offers the clear stereo sound in both outputs. The precise measurement connector contributes to safe and reliable connection. Experience awesome sound and excellent audio transfer performance with this audio splitter. No need for lots of different cables if you have this audio splitter; its compatible with anything that is a 3.5 mm female jack with MP3s, smart phones, tablets, laptops & more.\r\n\r\nFeatures\r\n\r\nAudio splitter  that allows two headphones to be connected through one audio jack.\r\n3.5mm jack headphone splitter extension cable can transfer audio from your mobiles, MP3 players, CD players, Laptops, tablets, PlayStation to 2 female output devices including headphones, speakers and more.\r\nEnjoy both comfort and style with this audio splitter, which is simple to use and easy to carry.', '', '', '', '', 'ib-058', 'audio-splitter-35mm-ib-058', 0, 0, 1, 0, 399.00, 0.00, '2021-02-05 00:00:00', '2021-02-05 00:00:00', 0, 0, '0000-00-00 00:00:00', '0000-00-00 00:00:00', 0, 7, 0, '', '', 0, 0, '', 0, 0, 0, 1, '2021-02-04 13:07:39', '2021-02-05 16:41:29', 17),
(59, '36', '3.5MM Type C Audio Jack', '\"1. Cable material  TPE material\r\n2. Cable length  20cm\r\n3. Support device  Type C to 3.5mm audio jack\r\n\"', 'Our USB-C to headphone jack adapter allows you to enjoy music from most type c mobiles which dont have a 3.5mm earphone port. Pure copper wire designed with precise construction and quality materials will enhance the sound quality at high resolution without any noise disturbance.\r\nFeatures:\r\nType C Reversible Male Adapter to 3.5mm headphone Female jack.\r\nUsing pure copper conductor, to avoid audio distortion and maintain pure sound transmission stability.\r\nUpgraded Chip Supports Universal Type C Devices\r\nPolycarbonate material makes our type-C to 3.5mm adapter stronger and corrosion resistance.\r\nPlug and Play - Small and light which make it very easy to carry.', '', '', '', '', 'ib-059', '35mm-type-c-audio-jack-ib-059', 0, 0, 1, 0, 349.00, 0.00, '2021-02-05 00:00:00', '2021-02-05 00:00:00', 0, 0, '0000-00-00 00:00:00', '0000-00-00 00:00:00', 0, 7, 0, '', '', 0, 0, '', 0, 0, 0, 1, '2021-02-04 13:07:39', '2021-02-05 17:18:11', 17),
(60, '36', '3.5MM Type C Audio Jack - Advanced', '\"1. Cable material  TPE material\r\n2. Cable length  20cm\r\n3. Support device  Type C to 3.5mm audio jack\r\n\"', 'Our USB-C to headphone jack adapter allows you to enjoy music from most type c mobiles which dont have a 3.5mm earphone port. Pure copper wire designed with precise construction and quality materials will enhance the sound quality at high resolution without any noise disturbance.\r\nFeatures\r\n       Type C Reversible Male Adapter to 3.5mm headphone Female jack.\r\n       Using pure copper conductor, to avoid audio distortion to maintain pure sound transmission stability.\r\n       Upgraded Chip Supports One Plus, Note 10, Pixel and Other Type C Devices\r\n       Aluminum alloy makes type-C to 3.5mm adapter more sturdy and corrosion resistance\r\n       Plug and Play - Small and light which make it very easy to carry.', '', '', '', '', 'ib-060', '35mm-type-c-audio-jack-advanced-ib-060', 0, 0, 1, 0, 499.00, 0.00, '2021-02-05 00:00:00', '2021-02-05 00:00:00', 0, 0, '0000-00-00 00:00:00', '0000-00-00 00:00:00', 0, 7, 0, '', '', 0, 0, '', 0, 0, 0, 1, '2021-02-04 13:07:39', '2021-02-05 17:18:41', 17),
(61, '36', '3.5MM Lightning BT Audio Jack', '\"1. Cable material  TPE material\r\n2. Cable length  20cm\r\n3. Support device  lightning to 3.5mm audio jack\r\n\"', 'Our Lightning to 3.5MM audio jack adapter allows you to enjoy music from most lightning mobiles which dont have a 3.5mm earphone port. Pure copper wire designed with precise construction and quality materials will enhance the sound quality at high resolution without any noise disturbance.\r\nFeatures\r\n       Type Lightning Reversible Male Adapter to 3.5mm headphone Female jack.\r\n       Using pure copper conductor, to avoid audio distortion to maintain pure sound transmission stability.\r\n       Upgraded Chip Supports iOS 10 or later, including iPod Touch, iPad and iPhone\r\n       Aluminum alloy makes lightning to 3.5mm adapter more sturdy and corrosion resistance\r\n       Plug and Play - Small and light which make it very easy to carry.', '', '', '', '', 'ib-061', '35mm-lightning-bt-audio-jack-ib-061', 0, 0, 1, 0, 799.00, 0.00, '2021-02-05 00:00:00', '2021-02-05 00:00:00', 0, 0, '0000-00-00 00:00:00', '0000-00-00 00:00:00', 0, 7, 0, '', '', 0, 0, '', 0, 0, 0, 1, '2021-02-04 13:07:39', '2021-02-05 17:19:00', 17),
(62, '37,38,91', 'Type C - Micro Connector', '\"1. No of connectors - 2\r\n2. Compatible Male connectors  Type c\r\n3. Compatible female connectors - Micro\r\n4. Type  Data sharing/ power sharing\r\n\"', 'Our USB-C (male) to Micro USB adapter (female) allows you to charge and sync USB-c devices with a micro USB cable. Plug and play design with no external driver or software installation needed. It has high speed data transmission upto 480 MBPS sync capacity. Reversible design simplifies the connection plug and unplug easily without checking the connector orientation.\r\n.Features\r\nHigh speed data transmission upto 480 MBPS\r\nMade with high pull-up resistor which supports charging upto 2.4A\r\nCompact Metallic Build: components with metallic construction.\r\nPlug and play design, no external driver or software installation needed.\r\nLight and compact, so easy to carry anywhere.', '', '', '', '', 'ib-062', 'type-c-micro-connector-ib-062', 0, 0, 1, 0, 299.00, 0.00, '2021-02-08 00:00:00', '2021-02-08 00:00:00', 0, 0, '0000-00-00 00:00:00', '0000-00-00 00:00:00', 0, 7, 0, '', '', 0, 0, '', 1, 0, 0, 1, '2021-02-04 13:07:39', '2021-02-08 12:47:21', 17),
(63, '35,38,39,91', 'USB to Type C Female Connector', '\"1. No of connectors - 2\r\n2. Compatible Male connectors  Micro\r\n3. Compatible female connectors - Type C\r\n4. Type  Data sharing/ power sharing\r\n\"', 'Our USB-Micro (male) to Type C connector (female) allows you to sync USB-Micro devices with a type C port. OTG connector designed for easy plugging and unplugging. No external driver or software installation needed. Use this adapter to connect the Type C connector to a micro USB cable to sync and charge. This connector converts a male micro USB connection to a female type C connection. Smaller, smarter and more convenient connector that simplifies the connection plugs and unplugs easily without checking the connector orientation.\r\n \r\nFeatures\r\n \r\n    USB-Micro (male) to type C adapter (female) allows you to charge and sync Micro USB devices with a type C cable, plug and play design, no external driver or software installation needed.\r\n    Compact Metallic Build: Components with metallic construction take the Arrow mini adapter anywhere, light and compact, it is so small that you can fit it into the coin pocket of your jeans.\r\n    Device Compatibility: Compatible with all Type C supporting devices and micro USB cable will also be compatible for type C by using this converter.', '', '', '', '', 'ib-063', 'usb-to-type-c-female-connector-ib-063', 0, 0, 1, 0, 399.00, 0.00, '2021-02-08 00:00:00', '2021-02-08 00:00:00', 0, 0, '0000-00-00 00:00:00', '0000-00-00 00:00:00', 0, 7, 0, '', '', 0, 0, '', 0, 0, 0, 1, '2021-02-04 13:07:39', '2021-02-08 12:57:15', 17),
(64, '35,38,91,92', 'Micro - Lightning Connector', '\"1. No of connectors - 2\r\n2. Compatible Male connectors  Lightning\r\n3. Compatible female connectors - Micro\r\n4. Type  Data sharing/ power sharing\r\n\"', 'Our USB-Micro (male) to Lighting connector (female) allows you to sync USB-Micro devices with a lightning port. OTG connector designed for easy plugging and unplugging. No external driver or software installation needed. Use this adapter to connect an iPhone or iPod with Lightning connector to a micro USB cable to sync and charge. This connector converts a male micro USB connection to a female Lightning connection. Smaller, smarter and more convenient connector that simplifies the connection plugs and unplug easily without checking the connector orientation.\r\n Features\r\n \r\n    USB-Micro (male) to lightning adapter (female) allows you to charge and sync Micro USB devices with a lightning cable, plug and play design, no external driver or software installation needed.\r\n    Compact Metallic Build: Components with metallic construction take the Arrow mini adapter anywhere, light and compact, it is so small that you can fit it into the coin pocket of your jeans.\r\n    Device Compatibility: Compatible with all devices with lightning ports and micro USB cable will also be compatible for iPhone by using this converter.', '', '', '', '', 'ib-064', 'micro-lightning-connector-ib-064', 0, 0, 1, 0, 249.00, 0.00, '2021-02-08 00:00:00', '2021-02-08 00:00:00', 0, 0, '0000-00-00 00:00:00', '0000-00-00 00:00:00', 0, 7, 0, '', '', 0, 0, '', 0, 0, 0, 1, '2021-02-04 13:07:39', '2021-02-08 12:35:01', 17),
(65, '35,91', 'Micro - Type C Connector', '\"1. No of connectors - 2\r\n2. Compatible Male connectors  Micro\r\n3. Compatible female connectors - Type C\r\n4. Type  Data sharing/ power sharing\r\n\"', 'Our USB-Micro (male) to Type C connector (female) allows you to sync USB-Micro devices with a type C port. OTG connector designed for easy plugging and unplugging. No external driver or software installation needed. Use this adapter to connect the Type C connector to a micro USB cable to sync and charge. This connector converts a male micro USB connection to a female type C connection. Smaller, smarter and more convenient connector that simplifies the connection plugs and unplugs easily without checking the connector orientation.\r\n Features\r\n \r\n    USB-Micro (male) to type C adapter (female) allows you to charge and sync Micro USB devices with a type C cable, plug and play design, no external driver or software installation needed.\r\n    Compact Metallic Build: Components with metallic construction take the Arrow mini adapter anywhere, light and compact, it is so small that you can fit it into the coin pocket of your jeans.\r\n    Device Compatibility: Compatible with all Type C supporting devices and micro USB cable will also be compatible for type C by using this converter.', '', '', '', '', 'ib-065', 'micro-type-c-connector-ib-065', 0, 0, 1, 0, 249.00, 0.00, '2021-02-08 00:00:00', '2021-02-08 00:00:00', 0, 0, '0000-00-00 00:00:00', '0000-00-00 00:00:00', 0, 7, 0, '', '', 0, 0, '', 0, 0, 0, 1, '2021-02-04 13:07:39', '2021-02-08 12:35:49', 17),
(66, '36,37,38', 'OTG Micro USB Connector', '\"1. Port type - Micro\r\n2. Type  Data sharing\r\n3. Data transmission speed  3.1\r\n\"', 'Inbase On-The-Go (OTG) micro connector enabled Android or Windows micro USB phones and tablets into a host for connection USB peripherals such as keyboards, mouse, flash drives, external hard drivers, USB card readers, game controllers and more. Micro OTG adapter engineered with molded strain relief connectors for durability and grip. Specially designed to prevent winding and pulling, extreme reinforcement keeps internal wiring protected from trauma and degradation. Micro OTG connector designed for easy plugging and unplugging. The OTG function enables a direct data transfer between your mobile device and the USB device, without connection to a computer.\r\n Features\r\n \r\n       HIGH PERFORMANCE: USB interface support USB devices such as USB flash disk, USB mouse, USB keyboard etc. Ultra thin, compact and suitable for small space.\r\n       CABLE DURABILITY: Manufactured by toxin and environment free material, it enhances maximum durability and long lasting connections. Can withstand 10000 times repeated plugs.\r\n       COMPATIBILITY: Wide compatible with all micro USB supporting devices.', '', '', '', '', 'ib-066', 'otg-micro-usb-connector-ib-066', 0, 0, 1, 0, 299.00, 0.00, '2021-02-08 00:00:00', '2021-02-08 00:00:00', 0, 0, '0000-00-00 00:00:00', '0000-00-00 00:00:00', 0, 7, 0, '', '', 0, 0, '', 1, 0, 0, 1, '2021-02-04 13:07:39', '2021-02-08 12:55:24', 17),
(67, '35,91', 'OTG Type C Connector', '\"1. Port type - Type C\r\n2. Type  Data sharing\r\n3. Data transmission speed  3.1\r\n\"', 'Inbase On-The-Go (OTG) micro connector enables Android or Windows type C USB phones and tablets into a host for connection USB peripherals such as keyboards, mouse, flash drives, external hard drives, USB card readers, game controllers and more. OTG adapter engineered with molded strain relief connectors for durability and grip. Specially designed to prevent winding and pulling, extreme reinforcement keeps internal wiring protected from trauma and degradation. Type C OTG connector designed for easy plugging and unplugging. The OTG function enables a direct data transfer between your mobile device and the USB device, without connection to a computer.\r\n Features\r\n       HIGH PERFORMANCE: USB interface supports USB devices such as USB flash disk, USB mouse, USB keyboard etc. Ultra thin, compact and suitable for small space.\r\n       CABLE DURABILITY: Manufactured by toxin and environment free material, it enhances maximum durability and long lasting connections. Can withstand 10000 times repeated plugs.\r\n       COMPATIBILITY: Wide compatible with all Type C supporting devices.', '', '', '', '', 'ib-067', 'otg-type-c-connector-ib-067', 0, 0, 1, 0, 399.00, 0.00, '2021-02-08 00:00:00', '2021-02-08 00:00:00', 0, 0, '0000-00-00 00:00:00', '0000-00-00 00:00:00', 0, 7, 0, '', '', 0, 0, '', 0, 0, 0, 1, '2021-02-04 13:07:39', '2021-02-08 13:01:28', 17),
(68, '36', 'Type C - L Cable - Charge and Sync 18W Fast Cable - White 1.2M', '\"1. Compatibility  can used both type C and lightning supporting devices\r\n2. Connector type  Type C & lightning\r\n3. Reversible  No\r\n4. Connector  1\r\n5. Cable type  Round \r\n6. Cable Length  1.2 meter\r\n7. Cable Material  Nylon braided\r\n8. Power Output  18W\r\n9. Cable speed  480 mbps\r\n10. Tangle free cord - Yes\r\n\"', '\"1.Support super fast charging full power upto 18W\r\n2. Made up of high quality copper core material\r\n3. Charges USB-PD enabled iPhone/iPads from zero to 50% when paired with 18W or higher USB C charger\r\n 4. Supports fast charge for iPhone 11,11 Pro, 11pro Max, XS, XS max, XR, X, 8, 8plus,iPad Pro 11 inch, 12.9 inch(3rs gen)\r\n\"', '', '', '', '', 'ib-068', 'type-c-l-cable-charge-and-sync-18w-fast-cable-white-12m-ib-068', 0, 0, 1, 0, 1499.00, 0.00, '2021-02-05 00:00:00', '2021-02-05 00:00:00', 0, 0, '0000-00-00 00:00:00', '0000-00-00 00:00:00', 0, 7, 0, '', '', 0, 0, '', 0, 0, 0, 1, '2021-02-04 13:07:39', '2021-02-05 17:16:47', 17),
(69, '35', '2 in 1 Cable - Nylon Braided - M+C 25CM', '\"1. Compatibility  can be used both Type C and Micro \r\n2. Connector type  Type C & Micro\r\n3. Reversible  No\r\n4. Connector  2\r\n5. Connector 1  Micro\r\n6. Connector 2  Type C\r\n7. Cable type  Flat\r\n8. Cable Length  20cm\r\n9. Wire Material  Nylon braided material\r\n10. Output  2.4A\r\n11. Cable speed  480 mbps\r\n12. Tangle free cord\r\n13. Insulation material  Copper core\r\n\"', 'Inbase 25cm braided pocket cable supports to charge two devices simultaneously at high speed; it can really save your time. Pure nylon braided cable material provides safe high speed charge and stable data transmission at very high speed. Portability 25cm ideal length for travel and tangle free design significantly enhances the interference protection to cope with any outdoor activities. The connector has a metal protective casing to avoid being scratched by other metals. Charge any of your devices with the interchangeable, built-in Micro USB and USB-C connectors; it can meet the needs of charging multiple devices at the same time. Designed with an extra tough connectors & fasteners for long-term reliability.\r\n Features\r\n       HIGH PERFORMANCE:  Inbase braided cable can ensure data transfer with fast, stable current and safe charging.\r\n       CABLE DURABILITY: Premium Braided Nylon Cables with Extra Tough Cable Connectors greatly extend product life to the fullest.\r\n       CABLE LENGTH: 25 cm with reliable structure, optimized for use with portable power bank, multi USB ports power adapter etc.\r\n       Designed to withstand every twist, tug and tangle of daily life.\r\n       This multi charger cable is compatible with micro USB and Type C devices.', '', '', '', '', 'ib-069', '2-in-1-cable-nylon-braided-mc-25cm-ib-069', 0, 0, 1, 0, 399.00, 0.00, '2021-02-08 00:00:00', '2021-02-08 00:00:00', 0, 0, '0000-00-00 00:00:00', '0000-00-00 00:00:00', 0, 7, 0, '', '', 0, 0, '', 1, 0, 0, 1, '2021-02-04 13:07:39', '2021-02-08 12:31:40', 17),
(70, '35', '2 in 1 Cable - Nylon Braided - M+L 25CM', '\"1. Compatibility  can be used both lightning and micro \r\n2. Connector type  Lightning & Micro\r\n3. Reversible  No\r\n4. Connector  2\r\n5. Connector 1  Micro\r\n6. Connector 2 - Lightning\r\n7. Cable type  Flat\r\n8. Cable Length  20cm\r\n9. Wire Material  Nylon braided material\r\n10. Output  2.4A\r\n11. Cable speed  480 mbps\r\n12. Tangle free cord\r\n13. Insulation material  Copper core\r\n\"', 'Inbase 25cm braided pocket cable supports to charge two devices simultaneously at high speed; it can really save your time. Pure nylon braided cable material provides safe high speed charge and stable data transmission at very high speed. Portability 25cm ideal length for travel and tangle free design significantly enhances the interference protection to cope with any outdoor activities. The connector has a metal protective casing to avoid being scratched by other metals. Charge any of your devices with the interchangeable, built-in Micro USB and lightning connectors; it can meet the needs of charging multiple devices at the same time. Designed with an extra tough connectors & fasteners for long-term reliability.\r\nFeatures\r\n       HIGH PERFORMANCE:  Inbase braided cable can ensure data transfer with fast, stable current and safe charging.\r\n       CABLE DURABILITY: Premium Braided Nylon Cables with Extra Tough Cable Connectors greatly extend product life to the fullest.\r\n       CABLE LENGTH: 25 cm with reliable structure, optimized for use with portable power bank, multi USB ports power adapter etc.\r\n       Designed to withstand every twist, tug and tangle of daily life.\r\n       This multi charger cable is compatible with micro USB and lightning devices.', '', '', '', '', 'ib-070', '2-in-1-cable-nylon-braided-ml-25cm-ib-070', 0, 0, 1, 0, 499.00, 0.00, '2021-02-08 00:00:00', '2021-02-08 00:00:00', 0, 0, '0000-00-00 00:00:00', '0000-00-00 00:00:00', 0, 7, 0, '', '', 0, 0, '', 0, 0, 0, 1, '2021-02-04 13:07:39', '2021-02-08 12:32:22', 17),
(71, '35', '2 in 1  - Charge and Sync M+L Cable 1.0M', '\"1. Compatibility  It can be used both lightning and micro \r\n2. Connector type  Lightning & Micro\r\n3. Reversible  No\r\n4. Connector  2\r\n5. Connector 1  Micro\r\n6. Connector 2 - Lightning\r\n7. Cable type  Flat\r\n8. Cable Length  1meter\r\n9. Wire Material  Carbon fiber material\r\n10. Output  2.4A\r\n11. Cable speed  480 mbps\r\n12. Insulation material  Copper core\r\n\"', 'Enjoy charger time up to 10% faster than most standard alternatives via USB 5Amp. Equipped with a versatile 2 in 1 connector so this cable will meet all your charging needs perfectly, 2 in 1 Cable is all in one portable charging solution for those who are on the move all the time. Pure nylon braided cable material provides safe high speed charge and stable data transmission at very high speed. Designed to withstand every twist, plug and unplug; durable tangle free cable material provides safe high speed charge. Compatible for both the devices with Micro and Lightning ports.\r\nFeatures\r\n       HIGH PERFORMANCE: 2in1 cable can meet the needs of charging multiple devices at the same time. Excellent pull resistance and flexibility make it more durable than standard cables.\r\n       NYLON BRAIDED CABLE: Premium nylon braided cable adds additional durability and withstand 10000+ bending test.\r\n       COMPATIBILITY: Compatible with all micro and lightning supporting devices.', '', '', '', '', 'ib-071', '2-in-1-charge-and-sync-ml-cable-10m-ib-071', 0, 0, 1, 0, 599.00, 0.00, '2021-02-08 00:00:00', '2021-02-08 00:00:00', 0, 0, '0000-00-00 00:00:00', '0000-00-00 00:00:00', 0, 7, 0, '', '', 0, 0, '', 0, 0, 0, 1, '2021-02-04 13:07:39', '2021-02-08 12:33:17', 17),
(72, '35', 'Nylon Braided  3 in 1 Cable 1.5M', '\"1. Connector type  Type C, Lightning, Micro USB\r\n2. Connector  3\r\n3. Cable type  Round \r\n4. Cable Length  1.5 meter\r\n5. Wire Material  Nylon braided\r\n6. Output  3.1A\r\n7. Cable speed  480 mbps\r\n8. Tangle free cord - Yes\r\n\"', 'Enjoy charger time up to 10% faster than most standard alternatives and 480 Mbps data transfer via USB 2.4Amp. Nylon braided cable material provides safe high speed charge and stable data transmission at very high speed. Equipped with a versatile Type-C, Micro USB and lightning cables in single connector so that it can support 3 different devices simultaneously. Compatible with a wide variety of devices.\r\nFeatures\r\n       HIGH PERFORMANCE: Excellent pull resistance and flexibility make it more durable than standard cables.\r\n       NYLON BRAIDED CABLE: Premium nylon braided cable adds additional durability and withstand 5000+ bending test.\r\n       CABLE LENGTH: 1.5 Meter with reliable structure.\r\n       FAST SYNC AND CHARGE: Quick data transmission at 480 Mbps and fast charging up to 2.4A.', '', '', '', '', 'ib-072', 'nylon-braided-3-in-1-cable-15m-ib-072', 0, 0, 1, 0, 799.00, 0.00, '2021-02-05 00:00:00', '2021-02-05 00:00:00', 0, 0, '0000-00-00 00:00:00', '0000-00-00 00:00:00', 0, 7, 0, '', '', 0, 0, '', 0, 0, 0, 1, '2021-02-04 13:07:39', '2021-02-05 17:20:36', 17),
(73, '35', 'Clip Microphone - 3.5MM', '\"1. Port type - Micro\r\n2. Type  Data sharing\r\n3. Data transmission speed  3.1 A\r\n4. Connector Type  3.5mm\r\n5. Compatible devices  3.5mm Supported devices\r\n6. Noise cancellation - Yes\r\n7. Cable length  1.5m\r\n8. Cable material  Carbon Fiber\r\n9. Tie clip  Yes\r\n\"', '\"1.1.5M cable length with mind muffs and tie clip                             \r\n2.Long life & compatible with any phone case                 \r\n3.Noise cancelling for perfect recordings\r\n4. Foam windscreen for clarity of speech\r\n\"', '', '', '', '', 'ib-073', 'clip-microphone-35mm-ib-073', 0, 0, 1, 0, 1299.00, 0.00, '2021-03-24 00:00:00', '2021-03-24 00:00:00', 0, 0, '0000-00-00 00:00:00', '0000-00-00 00:00:00', 0, 7, 0, '', '', 0, 0, '', 0, 0, 0, 1, '2021-02-04 13:07:39', '2021-03-24 17:07:08', 17),
(74, '35', 'Clip Microphone - Lightning', '\"1. Port type - Lightning\r\n2. Type  Data sharing\r\n3. Data transmission speed  3.1 A\r\n4. Connector Type  Lightning\r\n5. Compatible devices  Lightning Supported devices\r\n6. Noise cancellation - Yes\r\n7. Cable length  1.5m\r\n8. Cable material  Carbon Fiber\r\n9. Tie clip  Yes\r\n\"', '\"1.1.5M cable length with mind muffs and tie clip                             \r\n2.Long life & compatible with any phone case                 \r\n3.Noise cancelling for perfect recordings\r\n4. Foam windscreen for clarity of speech\r\n\"', '', '', '', '', 'ib-074', 'clip-microphone-lightning-ib-074', 0, 0, 1, 0, 2499.00, 0.00, '2021-03-25 00:00:00', '2021-03-25 00:00:00', 0, 0, '0000-00-00 00:00:00', '0000-00-00 00:00:00', 0, 7, 0, '', '', 0, 0, '', 0, 0, 0, 1, '2021-02-04 13:07:39', '2021-03-25 11:56:20', 17),
(75, '35', 'Clip Microphone - Type C', '\"1. Port type  Type C\r\n2. Type  Data sharing\r\n3. Data transmission speed  3.1 A\r\n4. Connector Type  Type C\r\n5. Compatible devices  Type C Supported devices\r\n6. Noise cancellation - Yes\r\n7. Cable length  1.5m\r\n8. Cable material  Carbon Fiber\r\n9. Tie clip  Yes\r\n\"', '\"1.1.5M cable length with mind muffs and tie clip                             \r\n2.Long life & compatible with any phone case                 \r\n3.Noise cancelling for perfect recordings\r\n4. Foam windscreen for clarity of speech\r\n\"', '', '', '', '', 'ib-075', 'clip-microphone-type-c-ib-075', 0, 0, 1, 0, 1499.00, 0.00, '2021-03-26 00:00:00', '2021-03-26 00:00:00', 0, 0, '0000-00-00 00:00:00', '0000-00-00 00:00:00', 0, 7, 0, '', '', 0, 0, '', 0, 0, 0, 1, '2021-02-04 13:07:39', '2021-03-26 17:53:40', 17),
(76, '35', 'Boom Pro', '<ul><li>Drive size  57mm</li><li>Output Power  5W X 1</li><li>Bluetooth version  v4.2</li><li>Bluetooth Range  10m</li><li>Frequency range  100hz- 10Khz</li><li>Wireless range  10m</li><li>Speaker Impedance</li><li>Frequency response</li><li>Charging Time  4 hrs</li><li>Playback time  5hrs</li><li>Waterproof  IP X6</li><li>Product weight  0.35kg</li><li>Dimensions  7.3x7.6x11cm</li><li>Battery Capacity  1500mah</li><li>Connector type  Memory card/FM/aux cable</li><li>Support TWS function</li></ul>', 'The Inbase Boom Pro speaker is designed and engineered for greater clarity, sound and accurate mids. The Higher Quality Crystal Clear Sound & Features distance it from the competition. Enjoy Crystal clear calls and rock solid music with specially designed Graphane Coated Driver. The Volume Booster 5+ watt power AMP pumps out more volume and plays your music with no distortion, even at maximum volume. With its unique TWS Function Amplify your listening experience to epic level & rock the party by connection with an additional Boom Pro Speaker. Durable Fabric with Rugged Design suitable for both Indoor and Outdoor activities.\r\nFeatures\r\nLONGER BATTERY PLAYTIME - With long lasting battery and play time up to 4 hours on a single charge.\r\nIPX68 WATER RESISTANT Boom Pro is totally Splash proof, Rainproof speaker; with IPX68 certification the speaker can resist gentle water spray and splash but cannot be partially or fully submerged.\r\nBuilt with advanced components, it produces clean and precise Audio, even at the highest levels.\r\nPowerful bass response from a compact design that\'s easy to take with you.', '', '', '', '', 'ib-076', 'boom-pro-ib-076', 0, 0, 1, 0, 2999.00, 0.00, '2021-04-26 00:00:00', '2021-04-26 00:00:00', 0, 1, '0000-00-00 00:00:00', '0000-00-00 00:00:00', 0, 7, 0, '', '', 0, 0, '', 0, 0, 0, 1, '2021-02-04 13:07:39', '2021-04-26 12:58:36', 17),
(77, '35', 'Boom Pro Max', '<p>Enjoy Crystal clear call and rock-solid music with Inbase Boom Pro Max Speaker. Designed with a specially designed Graphene Coated Driver with a driver size of 57 mm and Output Power of 5Watts*2, the tough speaker is also IPX68 certified which allows you to take it with you for your outdoor pool parties. With a playtime of 6 hours on a single charge, the speaker takes 4 hours to fully charge. The tough speaker comes with Bluetooth version V4.2 and TWS feature ensuring streamlined wireless connectivity.</p>', 'Inbase Boom Max Pro speaker is designed and engineered for greater clarity, sound and accurate mids. The Higher Quality Crystal Clear Sound & Features distance it from the competition. Enjoy Crystal clear calls and rock solid music with specially designed Graphane Coated Driver. The Volume Booster 10+ watt power AMP pumps out more volume and plays your music with no distortion, even at maximum volume. With its unique TWS Function Amplify your listening experience to epic level & rock the party by connection with an additional Boom Max Pro Speaker. Durable Fabric with Rugged Design suitable for both Indoor and Outdoor activities.\r\nFeatures\r\nLONGER BATTERY PLAYTIME - With long lasting battery and play time up to 4 hours on a single charge.\r\nIPX68 WATER RESISTANT Boom Max Pro is totally Splash proof, Rainproof speaker; with IPX68 certification the speaker can resist gentle water spray and splash but cannot be partially or fully submerged.\r\nBuilt with advanced components, it produces clean and precise Audio, even at the highest levels.\r\nPowerful bass response from a compact design that\'s easy to take with you.', '', '', '', '', 'ib-077', 'boom-pro-max-ib-077', 0, 0, 1, 0, 4999.00, 0.00, '2021-04-26 00:00:00', '2021-04-26 00:00:00', 0, 1, '0000-00-00 00:00:00', '0000-00-00 00:00:00', 0, 7, 0, '', '', 0, 0, '', 0, 0, 0, 1, '2021-02-04 13:07:39', '2021-04-26 12:50:33', 17),
(78, '35,36', 'Free Buds 2', '\"1. Bluetooth version  5.0\r\n2. Wireless range  10m\r\n3. Charging time  about 90 mins\r\n4. Talk time- 3 hours\r\n5. Battery capacity  Earbuds  50 mah\r\n6. Charging case  350 mah\r\n7. Weight  4.6g x2\r\n8. Operational temp - -10 to 60c\r\n9. Sensitivity - -42 to -3dB\r\n10. Speaker  6MM\r\n11. Support voice assistance\r\n12. IPX 5 water resistance\r\n\"', 'Our Inbase Free Buds 2 comes with Bluetooth V5.0, seamless connection gives a secured connectivity that has a range of up to 10 meters,  Set with high tone frequency precision and sensitivity that allows for premium audio reproduction through extremely lightweight earbuds. It can hold up to 4 Hours of Sound per Charge - Built for balance with the inclusion of the charging case that acts as instant storage access as well as a source of battery. Through the multi-function button that can be used to activate voice assistants, our inbase free buds 2s control system is made to ensure the highest level of user friendly experience. Integrated into the design of the ear buds, to allow safer portability and also provides that dual option of workouts and in-vibe chilling situations. That looks jazzy but still brings home the class! This look is style personified, and is made with ergonomic intent that allows you to keep with the beat all day.\r\nFeatures\r\n       TRUE WIRELESS EXPERIENCE - BT V5.0  With Bluetooth V5.0, seamless connection gives a secured connectivity that has a range of up to 10 meters,  Set with high tone frequency precision and sensitivity that allows for premium audio reproduction through extremely lightweight earbuds.\r\n       SMART BATTERY BACKUP - Up to 4 Hours of Sound per Charge - Built for balance with the inclusion of the charging case, that acts as instant storage access as well as a source of battery.\r\n       PREMIUM CRAFTSMANSHIP DESIGN  That looks jazzy but still brings home the class! This look is style personified, and is made with ergonomic intent that allows you to keep with the beat all day!\r\n       IPX5 Water AND SWEAT RESISTANCE  Integrated into the design of the ear buds, to allow safer portability and also provides that dual option of workouts and in-vibe chilling situations!\r\n       EASY ACCESS CONTROLS WITH VOICE ASSISTANT  Through the multi-function button, that can be used to activate voice assistant, our inbase free buds 2s control system is made to ensure the highest level of user friendly experience.', '', '', '', '', 'ib-078', 'free-buds-2-ib-078', 0, 0, 1, 0, 3999.00, 0.00, '2021-03-26 00:00:00', '2021-03-26 00:00:00', 0, 0, '0000-00-00 00:00:00', '0000-00-00 00:00:00', 0, 7, 0, '', '', 0, 0, '', 0, 0, 0, 1, '2021-02-04 13:07:39', '2021-03-26 17:39:19', 17),
(79, '36', 'Free Buds 2 Pro', '1. Bluetooth version  5.0\r\n2. Wireless range  10m\r\n3. Charging time  about 90 mins\r\n4. Talk time- 4 hours\r\n5. Battery capacity  Earbuds  35 mah\r\n6. Charging case  500 mah\r\n7. Weight  4.6*2 g\r\n8. Operational temp - -10 to 60c\r\n9. Sensitivity - -42 to -3dB\r\n10. Speaker  13mm\r\n11. IPX 5 water resistance', 'Our Inbase Free Buds 2 Pro comes with Bluetooth V5.0, seamless connection gives a secured connectivity that has a range of up to 10 meters,  Set with high tone frequency precision and sensitivity that allows for premium audio reproduction through extremely lightweight earbuds. It can hold up to 4 Hours of Sound per Charge - Built for balance with the inclusion of the charging case that acts as instant storage access as well as a source of battery. Through the multi-function button that can be used to activate voice assistants, our inbase free buds 2 pros control system is made to ensure the highest level of user friendly experience. Integrated into the design of the ear buds, to allow safer portability and also provides that dual option of workouts and in-vibe chilling situations. That looks jazzy but still brings home the class! This look is style personified, and is made with ergonomic intent that allows you to keep with the beat all day.', '', '', '', '', 'ib-079', 'free-buds-2-pro-ib-079', 0, 0, 1, 0, 4999.00, 0.00, '2021-03-26 00:00:00', '2021-03-26 00:00:00', 0, 0, '0000-00-00 00:00:00', '0000-00-00 00:00:00', 0, 7, 0, '', '', 0, 0, '', 0, 0, 0, 1, '2021-02-04 13:07:39', '2021-03-26 17:38:00', 17),
(80, '35,36', 'Free Buds 3', '\"1. Bluetooth version  5.0\r\n2. Wireless range  10m\r\n3. Music play time  up to 4.5 hrs\r\n4. Call time  up to 4 hours\r\n5. Charging time from case  about 90 mins\r\n6. Charging Interface  type c\r\n7. Battery capacity  Earbuds  40 mah\r\n8. Charging case  450 mah\r\n9. Weight  4g x2\r\n10. Frequency  2hz to 20khz\r\n11. Speaker  10mm\r\n12. Support voice assistance\r\n13. IPX 5 water resistance\r\n\"', 'Our Inbase Free Buds 3 comes with Bluetooth V5.0, seamless connection gives a secured connectivity that has a range of up to 10 meters,  Set with high tone frequency precision and sensitivity that allows for premium audio reproduction through extremely lightweight ear buds. It can hold up to 4 Hours of Sound per Charge - Built for balance with the inclusion of the charging case that acts as instant storage access as well as a source of battery. Through the multi-function button, that can be used to activate voice assistant, our Inbase free buds 3 control systems is made to ensure the highest level of user friendly experience. Integrated into the design of the ear buds, to allow safer portability and also provides that dual option of workouts and in-vibe chilling situations. That looks jazzy but still brings home the class! This look is style personified, and is made with ergonomic intent that allows you to keep with the beat all day.\r\nFeatures\r\n TRUE WIRELESS EXPERIENCE - BT V5.0  With Bluetooth V5.0, seamless connection gives a secured connectivity that has a range of up to 10 meters,  Set with high tone frequency precision and sensitivity that allows for premium audio reproduction through extremely lightweight ear buds.\r\n SMART BATTERY BACKUP - Up to 5 Hours of Sound per Charge - Built for balance with the inclusion of the charging case, that acts as instant storage access as well as a source of battery.\r\n PREMIUM CRAFTMANSHIP DESIGN  That looks jazzy but still brings home the class! This look is style personified, and is made with ergonomic intent that allows you to keep with the beat all day!\r\n IPX5 Water AND SWEAT RESISTANCE  Integrated into the design of the ear buds, to allow safer portability and also provides that dual option of workouts and in-vibe chilling situations!\r\n EASY ACCESS CONTROLS WITH VOICE ASSISTANT  Through the multi-function button, that can be used to activate voice assistant, our Inbase free buds 3 control system is made to ensure the highest level of user friendly experience.', '', '', '', '', 'ib-080', 'free-buds-3-ib-080', 0, 0, 1, 0, 3499.00, 0.00, '2021-03-26 00:00:00', '2021-03-26 00:00:00', 0, 0, '0000-00-00 00:00:00', '0000-00-00 00:00:00', 0, 7, 0, '', '', 0, 0, '', 0, 0, 0, 1, '2021-02-04 13:07:39', '2021-03-26 17:43:34', 17),
(81, '36', 'OG Music series - 3.5MM', '\"1. Frequency range - 20Hz-20 KHz\r\n2. Sensitivity -16ohm+15%\r\n3. Connector type - 3.5mm jack\r\n4. Cable length - 1.2m\r\n5. Cable material - PE\r\n6. Hands Free Call -Yes\r\n7. In-ear - Yes  \r\n8. Max Input Power  3MW\r\n\"', 'Get ready to redefine music experience and utility with the Inbase in-Ear special edition OG earphone 3.5MM. Designed with TPE durable wire and additional Noise cancellation feature made this earphone standout among the rest. Special combination of stereo bass effect with HD mic makes this product perfect for music lovers. Inbase OG Earphone is compatible with almost every device that carries a 3.5mm slot.\r\nFeatures\r\n       Strongest Quality - Made with TPE durable wire which made this headphone as wear resistance with long term sustainability.\r\n       Compatibility - Inbase OG earphone is compatible with almost every device that carries a 3.5mm slot i.e. Mobile, Laptop, and Desktop PC etc.\r\n       Easy To Access - Hands-free communication with in-built microphone  communicate seamlessly with the inbuilt mic that has high sensitivity and a versatile frequency range to provide the ultimate experience. \r\n       HD Quality Sound - Special combination of stereo bass effect with HD mic makes this headphone perfect for music lovers\r\n       Comfortable to Wear - Made to fit you and your lifestyle, providing a smooth grip for an extra secure and comfortable fit for your ears.\r\n       Earphones come with a built in storage box.', '', '', '', '', 'ib-081', 'og-music-series-35mm-ib-081', 0, 0, 1, 0, 599.00, 0.00, '2021-03-26 00:00:00', '2021-03-26 00:00:00', 0, 0, '0000-00-00 00:00:00', '0000-00-00 00:00:00', 0, 7, 0, '', '', 0, 0, '', 0, 0, 0, 1, '2021-02-04 13:07:39', '2021-03-26 17:17:53', 17),
(82, '36', 'OG Music series - Lightning', '\"1. Frequency range - 20Hz-20 KHz\r\n2. Sensitivity -16ohm+15%\r\n3. Connector type - Lightning\r\n4. Cable length - 1.2m\r\n5. Cable material - PE\r\n6. Hands Free Call -Yes\r\n7. In-ear - Yes  \r\n8. Max Input Power  3MW\r\n\"', 'Get ready to redefine music experience and utility with the Inbase in-Ear special edition OG earphone lightning. Designed with TPE durable wire and additional Noise cancellation feature made this earphone standout among the rest. Special combination of stereo bass effect with HD mic makes this product perfect for music lovers.\r\nFeatures\r\n       Strongest Quality - Made with TPE durable wire which made this headphone as wear resistance with long term sustainability.\r\n       Compatibility - Inbase OG earphone compatible with all Lightning-enabled devices that support iOS 10 or later, including iPod Touch, iPad and iPhone.\r\n       Easy To Access - Hands-free communication with in-built microphone  communicate seamlessly with the inbuilt mic that has high sensitivity and a versatile frequency range to provide the ultimate experience. \r\n       HD Quality Sound - Special combination of stereo bass effect with HD mic makes this headphone perfect for music lovers\r\n       Comfortable to Wear - Made to fit you and your lifestyle, providing a smooth grip for an extra secure and comfortable fit for your ears.\r\n       Earphones come with a built in storage box.', '', '', '', '', 'ib-082', 'og-music-series-lightning-ib-082', 0, 0, 1, 0, 1299.00, 0.00, '2021-03-26 00:00:00', '2021-03-26 00:00:00', 0, 0, '0000-00-00 00:00:00', '0000-00-00 00:00:00', 0, 7, 0, '', '', 0, 0, '', 0, 0, 0, 1, '2021-02-04 13:07:39', '2021-03-26 17:19:06', 17),
(83, '36', 'OG Music series - Type C', '\"1. Frequency range - 20Hz-20 KHz\r\n2. Sensitivity -16ohm+15%\r\n3. Connector type - Type C\r\n4. Cable length - 1.2m\r\n5. Cable material - PE\r\n6. Hands Free Call -Yes\r\n7. In-ear - Yes  \r\n8. Max Input Power  3MW\r\n\"', 'Get ready to redefine music experience and utility with the Inbase in-Ear special edition OG headphone Type C. Designed with TPE durable wire and additional Noise cancellation feature made this earphone standout among the rest. Special combination of stereo bass effect with HD mic makes this product perfect for music lovers.\r\n Features\r\n       Strongest Quality - Made with TPE durable wire which made this headphone as wear resistance with long term sustainability.\r\n       Compatibility  Inbase OG Earphone Type C work with devices with C-Type USB Port. \r\n       Easy To Access - Hands-free communication with in-built microphone  communicate seamlessly with the inbuilt mic that has high sensitivity and a versatile frequency range to provide the ultimate experience. \r\n       HD Quality Sound - Special combination of stereo bass effect with HD mic makes this headphone perfect for music lovers.\r\n       Comfortable to Wear - Made to fit you and your lifestyle, providing a smooth grip for an extra secure and comfortable fit for your ears.\r\n       Earphones come with a built in storage box', '', '', '', '', 'ib-083', 'og-music-series-type-c-ib-083', 0, 0, 1, 0, 799.00, 0.00, '2021-03-26 00:00:00', '2021-03-26 00:00:00', 0, 0, '0000-00-00 00:00:00', '0000-00-00 00:00:00', 0, 7, 0, '', '', 0, 0, '', 0, 0, 0, 1, '2021-02-04 13:07:39', '2021-03-26 17:20:26', 17),
(84, '36', 'OG Music series - Type C Advanced', '\"1. Frequency range - 20Hz-20 KHz\r\n2. Sensitivity -16ohm+15%\r\n3. Connector type - Type C\r\n4. Cable length - 1.2m\r\n5. Cable material - PE\r\n6. Hands Free Call -Yes\r\n7. In-ear - Yes  \r\n8. Max Input Power  3MW\r\n\"', '\"1.Amplified chamber break through design\r\n2.Classic appearance\r\n3.Tangle free cable\r\n4.Stereo sound quality\r\n\"', '', '', '', '', 'ib-084', 'og-music-series-type-c-advanced-ib-084', 0, 0, 1, 0, 1299.00, 0.00, '2021-03-26 00:00:00', '2021-03-26 00:00:00', 0, 0, '0000-00-00 00:00:00', '0000-00-00 00:00:00', 0, 7, 0, '', '', 0, 0, '', 0, 0, 0, 1, '2021-02-04 13:07:39', '2021-03-26 17:21:19', 17),
(85, '33,34,35,89', 'D100', '\"1. Frequency range  20 Hz-20000 KHz\r\n2.Sensitivity 110db +/- 3db\r\n3.Connector type 3.5mm\r\n4. Impedance  16mm\r\n5.Cable length  120cm +/- 5cm\r\n6. Cable material  TPE flat wire\r\n7. Driver size  9mm\r\n8.Hands Free Call - Yes\r\n9.In-ear - Yes  \r\n\"', 'Get ready to redefine music experience and utility with the inbase in-Ear special edition headphone D100. Designed with TPE durable wire and additional Noise cancellation feature made this earphone standout among the rest. Special combination of stereo bass effect with HD mic makes this product perfect for music lovers. Inbase D100 is compatible with almost every device that carries a 3.5mm slot.\r\nFeatures\r\n       Strongest Quality - Made with TPE durable wire which made this headphone as wear resistance with long term sustainability.\r\n       Compatibility - Inbase D100 is compatible with almost every device that carries a 3.5mm slot i.e. Mobile, Laptop, Desktop PC etc.\r\n       Easy To Access - Crafted with an aesthetic design that allows for communication and music playlist control.\r\n       HD Quality Sound - Special combination of stereo bass effect with HD mic makes this headphone perfect for music lovers\r\n       Comfortable to Wear - Made to fit you and your lifestyle, providing a smooth grip for an extra secure and comfortable fit for your ears.', '', '', '', '', 'ib-085', 'd100-ib-085', 0, 0, 1, 0, 799.00, 0.00, '2021-02-05 00:00:00', '2021-02-05 00:00:00', 0, 0, '0000-00-00 00:00:00', '0000-00-00 00:00:00', 0, 7, 0, '', '', 0, 0, '', 0, 0, 0, 1, '2021-02-04 13:07:39', '2021-02-05 17:23:44', 17),
(86, '33,34,35,89', 'D200', '\"1. Frequency range  20Hz -20000Khz\r\n2.Sensitivity 110db +/- 3db\r\n3.Connector type 3.5mm\r\n4. Impedance  16mm\r\n5.Cable length  120cm +/- 5cm\r\n6. Cable material  TPE flat wire\r\n7. Driver size  9 mm\r\n8.Hands Free Call - Yes\r\n9.In-ear - Yes  \r\n\"', 'Get ready to redefine music experience and utility with the inbase in-Ear special edition headphone D200. Designed with TPE durable wire and additional Noise cancellation feature made this earphone standout among the rest. Special combination of stereo bass effect with HD mic makes this product perfect for music lovers. Inbase D200 is compatible with almost every device that carries a 3.5mm slot.\r\nFeatures\r\n       Strongest Quality - Made with TPE durable wire which made this headphone as wear resistance with long term sustainability.\r\n       Compatibility - Inbase D200 is compatible with almost every device that carries a 3.5mm slot i.e. Mobile, Laptop, Desktop PC etc.\r\n       Easy To Access  Easy To Access - Crafted with an aesthetic design that allows for communication and music playlist control.\r\n       HD Quality Sound - Special combination of stereo bass effect with HD mic makes this headphone perfect for music lovers\r\n       Comfortable to Wear - Made to fit you and your lifestyle, providing a smooth grip for an extra secure and comfortable fit for your ears.', '', '', '', '', 'ib-086', 'd200-ib-086', 0, 0, 1, 0, 699.00, 0.00, '2021-02-05 00:00:00', '2021-02-05 00:00:00', 0, 0, '0000-00-00 00:00:00', '0000-00-00 00:00:00', 0, 7, 0, '', '', 0, 0, '', 0, 0, 0, 1, '2021-02-04 13:07:39', '2021-02-05 17:24:15', 17);
INSERT INTO `kr_product` (`product_id`, `dropdown_id`, `product_name`, `description`, `longdescription`, `metaname`, `metadescription`, `metakeyword`, `model`, `sku`, `product_url`, `quantity`, `configqua`, `minquantity`, `isquaincrease`, `price`, `specialprice`, `spl_fromdate`, `spl_todate`, `isnewproduct`, `isfeaturedproduct`, `newprod_fromdate`, `newprod_todate`, `attributeMapId`, `taxId`, `manufacturerId`, `related_products`, `suggested_products`, `soldout`, `iscustomized`, `uploadecustomizedimg`, `chkpvatt`, `displayinhome`, `isfeatured`, `IsActive`, `created_date`, `modified_date`, `userid`) VALUES
(87, '35,38', 'D250', '\"1. Frequency range  20Hz 20000 KHz\r\n2.Sensitivity - 110db +/- 3db\r\n3.Connector type - 3.5mm\r\n4. Impedance - 16mm\r\n5.Cable length - 120cm +/- 5cm\r\n6. Cable material - TPE Flat wire\r\n7. Driver size - 9mm\r\n8.Hands Free Call - Yes\r\n9.In-ear - Yes  \r\n\"', 'Get ready to redefine music experience and utility with the inbase in-Ear special edition headphone D250. Designed with TPE durable wire and additional Noise cancellation feature made this earphone standout among the rest. Special combination of stereo bass effect with HD mic makes this product perfect for music lovers. Inbase D250 is compatible with almost every device that carries a 3.5mm slot.\r\nFeatures\r\n       Strongest Quality - Made with TPE durable wire which made this headphone as wear resistance with long term sustainability.\r\n       Compatibility - Inbase D250 is compatible with almost every device that carries a 3.5mm slot i.e. Mobile, Laptop, Desktop PC etc.\r\n       Easy To Access - Hands-free communication with in-built microphone  volume control- communicate seamlessly with the inbuilt mic that has high sensitivity and a versatile frequency range to provide the ultimate experience. Using the buttons you can click the pictures.\r\n       HD Quality Sound - Special combination of stereo bass effect with HD mic makes this headphone perfect for music lovers\r\n       Comfortable to Wear - Made to fit you and your lifestyle, providing a smooth grip for an extra secure and comfortable fit for your ears.', '', '', '', '', 'ib-087', 'd250-ib-087', 0, 0, 1, 0, 799.00, 0.00, '2021-02-05 00:00:00', '2021-02-05 00:00:00', 0, 0, '0000-00-00 00:00:00', '0000-00-00 00:00:00', 0, 7, 0, '', '', 0, 0, '', 0, 0, 0, 1, '2021-02-04 13:07:39', '2021-02-05 17:24:50', 17),
(88, '33,35,36', 'Dual Drivers - M9', '\"1. Frequency range  20 Hz - 20000 KHz\r\n2.Sensitivity 40db +/- 5db\r\n3.Connector type 3.5mm\r\n4. Impedance  10mm\r\n5.Cable length  120cm +/- 5cm\r\n6. Cable material  TPE round wire\r\n7. Driver size  10mm\r\n8.Hands Free Call - Yes\r\n9.In-ear - Yes  \r\n\"', 'Get ready to redefine music experience and utility with the Inbase in-Ear special edition headphone M9. Designed with Kevlar core durable cable and additional Noise cancellation feature made this earphone standout among the rest. Special combination of stereo bass effect with HD mic makes this product perfect for music lovers. Inbase M9 is compatible with almost every device that carries a 3.5mm slot.\r\nFeatures\r\n       Crystal Clear Sound - Crafted with advanced integrated materials to elevate your music experience to a whole different level.\r\n       Superior Craftsmanship - Special combination of stereo bass effect with Built-in HD mic makes this headphone a much needed one for music lovers.\r\n       Built-in Microphone - Crafted with an aesthetic design that allows for communication and music playlist control.\r\n       Comfortable to Wear - Made to fit you and your lifestyle, providing a smooth grip for an extra secure and comfortable fit for your ears.\r\n       Compatibility - Inbase M9 is compatible with almost every device that carries a 3.5mm slot.', '', '', '', '', 'ib-088', 'dual-drivers-m9-ib-088', 0, 0, 1, 0, 599.00, 0.00, '2021-03-26 00:00:00', '2021-03-26 00:00:00', 0, 0, '0000-00-00 00:00:00', '0000-00-00 00:00:00', 0, 7, 0, '', '', 0, 0, '', 1, 0, 0, 1, '2021-02-04 13:07:39', '2021-03-26 17:14:54', 17),
(89, '35,36', 'In Ear Style - M6', '\"1. Frequency range  20Hz-20000Khz\r\n2.Sensitivity 40db +/- 5db\r\n3.Connector type 3.5mm\r\n4. Impedance  16mm\r\n5.Cable length  120cm +/- 5cm\r\n6. Cable material  TPE round wire\r\n7. Driver size  10mm\r\n8.Hands Free Call - Yes\r\n9.In-ear - Yes  \r\n\"', 'Get ready to redefine music experience and utility with the inbase in-Ear headphone M6. Designed with TPE durable wire and additional Noise cancellation feature made this earphone standout among the rest. Special combination of stereo bass effect with HD mic makes this product perfect for music lovers. Inbase M6 is compatible with almost every device that carries a 3.5mm slot.\r\nFeatures\r\n       Strongest Quality - Made with TPE durable wire which made this headphone as wear resistance with long term sustainability.\r\n       Compatibility - Inbase M6 is compatible with almost every device that carries a 3.5mm slot i.e. Mobile, Laptop, and Desktop PC etc.\r\n       Easy To Access - Crafted with an aesthetic design that allows for communication and music playlist control.\r\n       HD Quality Sound - Special combination of stereo bass effect with HD mic makes this headphone perfect for music lovers\r\n       Comfortable to Wear - Made to fit you and your lifestyle, providing a smooth grip for an extra secure and comfortable fit for your ears.', '', '', '', '', 'ib-089', 'in-ear-style-m6-ib-089', 0, 0, 1, 0, 399.00, 0.00, '2021-03-27 00:00:00', '2021-03-27 00:00:00', 0, 0, '0000-00-00 00:00:00', '0000-00-00 00:00:00', 0, 7, 0, '', '', 0, 0, '', 0, 0, 0, 1, '2021-02-04 13:07:39', '2021-03-27 10:43:47', 17),
(90, '35,36', 'In Ear style - M7', '\"1. Frequency range  20Hz 20000 KHz\r\n2.Sensitivity  40db +/- 5db\r\n3.Connector type  3.5mm\r\n4. Impedance  10mm\r\n5.Cable length  120cm +/- 5cm\r\n6. Cable material  TPE round wire\r\n7. Driver size  10mm\r\n8.Hands Free Call - Yes\r\n9.In-ear - Yes  \r\n\"', 'Get ready to redefine fitness fashion and utility with the Inbase headphone M7. Designed with TPE durable wire and additional Noise cancellation feature made this earphone standout among the rest. Special combination of stereo bass effect with HD mic makes this product perfect for music lovers. An additional sweat resistance feature made for fitness enthusiasts to enjoy music during workout, running or any form of physical activity. Inbase M7 is compatible with almost every device that carries a 3.5mm slot.\r\nFeatures\r\n       Sweat Resistant Feature - This feature specially made for fitness / sports enthusiast to enjoy music without interruption during workout, running or any form of physical activity\r\n       Compatibility - Inbase M7 is compatible with almost every device that carries a 3.5mm slot i.e. Mobile, Laptop, Desktop PC etc.\r\n       Easy To Access - Crafted with an aesthetic design that allows for communication and music playlist control.\r\n       HD Quality Sound - Special combination of stereo bass effect with HD mic makes this headphone perfect for music lovers\r\n       Comfortable to Wear - Made to fit you and your lifestyle, providing a smooth grip for an extra secure and comfortable fit for your ears.', '', '', '', '', 'ib-090', 'in-ear-style-m7-ib-090', 0, 0, 1, 0, 499.00, 0.00, '2021-03-27 00:00:00', '2021-03-27 00:00:00', 0, 0, '0000-00-00 00:00:00', '0000-00-00 00:00:00', 0, 7, 0, '', '', 0, 0, '', 0, 0, 0, 1, '2021-02-04 13:07:39', '2021-03-27 10:46:16', 17),
(91, '35,36', 'In Ear Style - M8', '\"1. Frequency range  20Hz-20000Khz\r\n2.Sensitivity 40db +/- 5db\r\n3.Connector type 3.5mm\r\n4. Impedance  10mm\r\n5.Cable length  120cm +/- 5cm\r\n6. Cable material  TPE round wire\r\n7. Driver size  10mm\r\n8.Hands Free Call - Yes\r\n9.In-ear - Yes  \r\n\"', 'Get ready to redefine music experience and utility with the Inbase in-Ear headphone M8. Designed with TPE durable wire and additional Noise cancellation feature made this earphone standout among the rest. Special combination of stereo bass effect with HD mic makes this product perfect for music lovers. Inbase M8 is compatible with almost every device that carries a 3.5mm slot.\r\nFeatures\r\n       Strongest Quality - Made with TPE durable wire which made this headphone as wear resistance with long term sustainability.\r\n       Compatibility - Inbase M8 is compatible with almost every device that carries a 3.5mm slot i.e. Mobile, Laptop, Desktop PC etc.\r\n       Easy To Access - Crafted with an aesthetic design that allows for communication and music playlist control.\r\n       HD Quality Sound - Special combination of stereo bass effect with HD mic makes this headphone perfect for music lovers\r\n       Comfortable to Wear - Made to fit you and your lifestyle, providing a smooth grip for an extra secure and comfortable fit for your ears.', '', '', '', '', 'ib-091', 'in-ear-style-m8-ib-091', 0, 0, 1, 0, 499.00, 0.00, '2021-03-26 00:00:00', '2021-03-26 00:00:00', 0, 0, '0000-00-00 00:00:00', '0000-00-00 00:00:00', 0, 7, 0, '', '', 0, 0, '', 0, 0, 0, 1, '2021-02-04 13:07:39', '2021-03-26 17:13:06', 17),
(92, '33,35', 'Super Bass - M10', '\"1.Frequency range  20-20000Khz\r\n2.Sensitivity 40db +/- 5db\r\n3.Connector type 3.5mm\r\n4.Impedance  10mm\r\n5.Cable length  120cm +/- 5cm\r\n6.Cable material  TPE round wire\r\n7.Driver size  10mm\r\n8.Hands Free Call - Yes\r\n9.In-ear - Yes  \r\n\"', 'Get ready to redefine music experience and utility with the inbase in-Ear special edition headphone M10. Designed with Kevlar Core durable cable and additional Noise cancellation feature made this earphone standout among the rest. Special combination of stereo bass effect with HD mic makes this product perfect for music lovers. Inbase M10 is compatible with almost every device that carries a 3.5mm slot.\r\n\r\nFeatures\r\n Strongest Quality - Made with TPE durable wire which made this headphone as wear resistance with long term sustainability.\r\n Compatibility - Inbase M10 is compatible with almost every device that carries a 3.5mm slot i.e. Mobile, Laptop, Desktop PC etc.\r\n Easy To Access - Crafted with an aesthetic design that allows for communication and music playlist control.\r\n HD Quality Sound - Special combination of stereo bass effect with HD mic makes this headphone perfect for music lovers\r\n Comfortable to Wear - Made to fit you and your lifestyle, providing a smooth grip for an extra secure and comfortable fit for your ears.', '', '', '', '', 'ib-092', 'super-bass-m10-ib-092', 0, 0, 1, 0, 599.00, 0.00, '2021-03-26 00:00:00', '2021-03-26 00:00:00', 0, 0, '0000-00-00 00:00:00', '0000-00-00 00:00:00', 0, 7, 0, '', '', 0, 0, '', 0, 0, 0, 1, '2021-02-04 13:07:39', '2021-03-26 17:16:14', 17),
(93, '35', 'Urban BT Neckband X1', '\"1. Headphone type  In the ear\r\n2. With Microphone - yes\r\n3. Inline Remote - yes\r\n4. Bluetooth version  5.0\r\n5. Water Resistant  IP X4\r\n6. Speaker  - 10mm \r\n8. Charging Time  1.5 hrs\r\n9. Play Time -  10 hrs\r\n10. Foldable/collapsible  Yes \r\n11. Dual pairing \r\n\"', 'Built with Titanium Dynamic Driver, Urban X1 is a source of top quality sounds with super bass effects.  \r\nUrban X1 has a 10-hour hassle-free music listening feature that hosts an amazing battery. Time for a non-stop party! \r\nRated with an IPX4, Urban X1 is water resistant and absorbs sweat like it never happened. \r\nAn in-built magnetic system allows the earbuds to stick with each other when you decide to put the neckband aside. \r\nLatest upgrade of Bluetooth technology, provides seamless and stable connection.\r\nGo ahead and pair with two devices at the same time, without having to juggle between tasks.', '', '', '', '', 'ib-093', 'urban-bt-neckband-x1-ib-093', 0, 0, 1, 0, 2499.00, 0.00, '2021-02-05 00:00:00', '2021-02-05 00:00:00', 0, 0, '0000-00-00 00:00:00', '0000-00-00 00:00:00', 0, 7, 0, '', '', 0, 0, '', 0, 0, 0, 1, '2021-02-04 13:07:39', '2021-02-05 17:27:36', 17),
(94, '35', 'Urban BT Neckband X2', '\"1. Headphone type  In the ear\r\n2. With Microphone - yes\r\n3. Inline Remote - yes\r\n4. Bluetooth version  5.0\r\n5. Water Resistant  IP X4\r\n6. Speaker  - 10mm \r\n8. Charging Time  1.5 hrs\r\n9. Play Time -  12 hrs\r\n10. Foldable/collapsible  Yes \r\n11. Dual pairing \r\n\"', 'With an in-built Titanium Dynamic Driver, the Urban X2 offers high quality sounds and bass effects.  \r\nA 12-hour hassle-free music listening feature calls for non-stop partying and uninterrupted fun.  \r\nCertified with an IPX4 international standard rating, Urban X2 is water resistant and absorbs sweat.\r\nEarbuds designed to stick together when not in use, thanks to an in-built magnetic system. \r\nLatest upgrade of Bluetooth technology, provides seamless and stable connection.', '', '', '', '', 'ib-094', 'urban-bt-neckband-x2-ib-094', 0, 0, 1, 0, 2799.00, 0.00, '2021-02-05 00:00:00', '2021-02-05 00:00:00', 0, 0, '0000-00-00 00:00:00', '0000-00-00 00:00:00', 0, 7, 0, '', '', 0, 0, '', 0, 0, 0, 1, '2021-02-04 13:07:39', '2021-02-05 17:27:56', 17),
(95, '35', 'Urban Earphone Extra Bass GT1', '\"1. Headphone Type - In the ear\r\n2. With Microphone- Yes\r\n3. Inline Remote - Yes\r\n4. Connector size  - 3.5mm\r\n5. Driver units  10mm\r\n9. Sweat/Water Resistance\r\n10. Cable length  1.2m\r\n\"', 'The Urban GT1 is designed to deliver high definition, deep and powerful bass sounds. The in-ear design blocks out external sounds to enhance your listening experience.\r\nThe sleek earlaps are lightweight and make the Urban GT1 perfect for everyday wear apart from giving excellent audio output during audio & video calls.\r\nThe 3.5 MM audio connector ensures perfect signal transfer which allows you to make crystal clear calls from your smartphone, both iPhones and Androids, or use voice\r\ncommands on-the-go.\r\nIndulge yourself in truly outstanding audio quality, with powerful and punchy sounds, with 10 MM Titanium Dynamic Drivers & Tangle free cables that offer superior music listening\r\nthat is hassle-free and reduces unwanted contact noise.', '', '', '', '', 'ib-095', 'urban-earphone-extra-bass-gt1-ib-095', 0, 0, 1, 0, 799.00, 0.00, '2021-02-05 00:00:00', '2021-02-05 00:00:00', 0, 0, '0000-00-00 00:00:00', '0000-00-00 00:00:00', 0, 7, 0, '', '', 0, 0, '', 0, 0, 0, 1, '2021-02-04 13:07:39', '2021-02-05 17:15:58', 17),
(96, '35', 'Urban Earphone Extra Bass GT2', '\"1. Headphone Type - In the ear\r\n2. With Microphone- Yes\r\n3. Inline Remote - Yes\r\n4. Connector size  - 3.5mm\r\n5. Driver units  10mm\r\n9. Sweat/Water Resistance\r\n10. Cable length  1.2m\r\n\"', 'Urban GT2s design delivers high definition, heavy bass sounds. The in-ear design isolates ambient sounds and also prevents sound leakages.\r\nMake calls from your smartphone or use voice commands, thanks to an in-line MIC. The Aluminium Alloy finish gives it a sleek, stylish and sturdy look.\r\nThe 3.5 MM audio connector ensures perfect signal transfer, pairs compatible with iPhones and Android phones, giving you splendid audio quality during phone and video calls.\r\nNow control your sounds with a smooth slider incorporated with the Mic.\r\n10 MM Titanium Dynamic Drivers make audio quality outstanding, with powerful and punchy sounds with flat cable that do not get entangled, mainly in your pockets.', '', '', '', '', 'ib-096', 'urban-earphone-extra-bass-gt2-ib-096', 0, 0, 1, 0, 1299.00, 0.00, '2021-02-05 00:00:00', '2021-02-05 00:00:00', 0, 0, '0000-00-00 00:00:00', '0000-00-00 00:00:00', 0, 7, 0, '', '', 0, 0, '', 0, 0, 0, 1, '2021-02-04 13:07:39', '2021-02-05 17:15:15', 17),
(97, '35', 'Urban Earphone Extra Bass GT3', '\"1. Headphone Type - In the ear\r\n2. With Microphone- Yes\r\n3. Inline Remote - Yes\r\n4. Connector size  - 3.5mm\r\n5. Driver units  10mm\r\n9. Sweat/Water Resistance\r\n10. Cable length  1.2m\r\n\"', 'Urban GT3 delivers high definition, top-notch bass sounds with immaculate details. You will forget about your surrounding noises as they fade off due to an in-ear design.\r\nHD Microphone gives you excellent audio quality during phone and video calls, with trendy looks and Aluminium alloy earlaps.\r\nNow control your sounds with a smooth slider incorporated with the Mic.\r\nThe jack ensures perfect signal transfer and compatibility with iPhones and Androids.\r\nWith an in-line MIC, you can make crystal clear calls from your smartphones.\r\nPowered with 10 MM Titanium Dynamic Drivers that make audio quality outstanding, with powerful and punchy sounds, Urban GT3 gives you a hassle-free experience without tangles because of flat cables.', '', '', '', '', 'ib-097', 'urban-earphone-extra-bass-gt3-ib-097', 0, 0, 1, 0, 1299.00, 0.00, '2021-02-05 00:00:00', '2021-02-05 00:00:00', 0, 0, '0000-00-00 00:00:00', '0000-00-00 00:00:00', 0, 7, 0, '', '', 0, 0, '', 0, 0, 0, 1, '2021-02-04 13:07:39', '2021-02-05 17:15:36', 17),
(98, '34,35,36', 'Atom 10000mAh', '\"1. No of input ports - 2\r\n2. No of output ports  2\r\n3. Output 1  DC 5V 2.1 A\r\n4. Output 2  DC 5V 2.1A\r\n5. Total output  - DC 5V 2.4A max\r\n6. Type of Input  MICRO/TYPE C\r\n7. Battery Capacity  2600 MAH\r\n8. Cell Type  Li polymer \r\n9. No of charging cycle  500+\r\n10. Total Output power  1A\r\n11. LED indicator  yes\r\n12. Weight  165 grams\r\n\"', 'Inbase IB Atom Power Bank 10000 mAh gives 2.4Amp fast charging and inbuilt superior quality industrial grade materials and premium internal circuit to ensure full protection for your valuable devices against over-current. Dual outputs and input ports give two -way fast charging. Its the perfect partner whenever, and wherever you need to charge. A super-high 10000 mAh capacity with two high speed type C ports is all contained in a single power bank. LED indicator displays can accurately keep track of remaining power, input and output status. Compatible with all C type Smartphones, tablets, MP3 players, cameras, hard drives, e-readers, external batteries, handheld game consoles.\r\nFeatures\r\n       Dual Output with smart charging: Inbase Power Bank intelligently adjusts power output to deliver fast and efficient charging for each connected device.\r\n      High-Speed Charging: PowerIQ and Voltage Boost combine to deliver the fastest possible charge\r\n      Premium batteries: Inbase power banks are built with high efficient Li- Polymer batteries which give the most reliable, high performance.', '', '', '', '', 'ib-098', 'atom-10000mah-ib-098', 0, 0, 1, 0, 1499.00, 0.00, '2021-02-05 00:00:00', '2021-02-05 00:00:00', 0, 0, '0000-00-00 00:00:00', '0000-00-00 00:00:00', 0, 7, 0, '', '', 0, 0, '', 0, 0, 0, 1, '2021-02-04 13:07:39', '2021-02-05 18:00:49', 17),
(99, '34,35,36', 'Bold 10000mAh', '\"1. No of input ports - 2\r\n2. No of output ports  2\r\n3. Output 1  DC 5V 2.1 A\r\n4. Output 2  DC 5V 2.1A\r\n5. Total output  - DC 5V 2.4A max\r\n6. Type of Input  MICRO/TYPE C\r\n7. Battery Capacity  2600 MAH\r\n8. Cell Type  Li polymer \r\n9. No of charging cycle  500+\r\n10. Total Output power  1A\r\n11. LED indicator  yes\r\n12. Weight  165 grams\r\n\"', 'Inbase Bold Power bank 10000mAh gives 2.4Amp fast charging and inbuilt superior quality industrial grade materials and premium internal circuit to ensure full protection for your valuable devices against over-current. Dual outputs and input ports give two -way fast charging. Its the perfect partner whenever, and wherever you need to charge. A super-high 10000 mAh capacity with two high speed type C ports is all contained in a single power bank. LED indicator displays can accurately keep track of remaining power, input and output status. Compatible with all C type Smartphones, tablets, MP3 players, cameras, hard drives, e-readers, external batteries, handheld game consoles.\r\nFeatures\r\n       Dual Output with smart charging: Inbase Power Bank intelligently adjusts power output to deliver fast and efficient charging for each connected device\r\n      High-Speed Charging: PowerIQ and Voltage Boost combine to deliver the fastest possible charge\r\n      Premium batteries: Inbase power banks are built with high efficient Li- Polymer batteries which give the most reliable, high performance.', '', '', '', '', 'ib-099', 'bold-10000mah-ib-099', 0, 0, 1, 0, 1499.00, 0.00, '2021-02-06 00:00:00', '2021-02-06 00:00:00', 0, 0, '0000-00-00 00:00:00', '0000-00-00 00:00:00', 0, 7, 0, '', '', 0, 0, '', 0, 0, 0, 1, '2021-02-04 13:07:39', '2021-02-06 15:09:05', 17),
(100, '34,35,39', 'Pocket Power 10000mAh', '\"1. No of input ports - 2\r\n2. No of output ports  2\r\n3. Total output  - 2 x  USB 5V/1.0A -2.1A\r\n4. Wireless output  DC 5V/1A\r\n5. Type of Input  MICRO/TYPE C\r\n6. Capacity  10000 MAH\r\n7. Cell Type  Li polymer \r\n8. No of charging cycle  500+\r\n9. Total Output power  2.1A\r\n10. LED indicator  Yes with torch\r\n\"', 'Inbase 10000mAh power bank is a pocket size portable powerhouse. Dual USB outputs and input ports give two -way fast charging. Its the perfect partner whenever, and wherever you need to charge. A super-high 6000 mAh capacity with two high speed USB ports is all contained in a portable charger smaller than a wallet. LED indicator displays can accurately keep track of remaining power, input and output status. Compatible with all Micro-USB mobiles and tablets. Inbase Power Bank comes with an advanced level of multi protection that ensures protection against short-circuit, over-current, over-voltage, over-charge & discharge, etc.\r\nFeatures\r\n       Dual USB Output with smart charging: Inbase Power Bank intelligently adjusts power output to deliver fast and efficient charging for each connected device\r\n      High-Speed Charging: PowerIQ and Voltage Boost combine to deliver the fastest possible charge\r\n      Premium batteries: Inbase power banks are built with high efficient Li- Polymer batteries which give the most reliable, high performance.', '', '', '', '', 'ib-100', 'pocket-power-10000mah-ib-100', 0, 0, 1, 0, 2999.00, 0.00, '2021-04-01 00:00:00', '2021-04-01 00:00:00', 0, 1, '0000-00-00 00:00:00', '0000-00-00 00:00:00', 0, 7, 0, '', '', 0, 0, '', 0, 0, 0, 1, '2021-02-04 13:07:39', '2021-04-01 11:42:07', 1),
(101, '34,35,39', 'Pocket Power 6000mAh', '\"1. No of input ports - 2\r\n2. No of output ports  2\r\n3. Total output  - 2 x  USB 5V/1.0A -2.1A\r\n4. Wireless output  DC 5V/1A\r\n5. Type of Input  MICRO/TYPE C\r\n6. Capacity  6000 MAH\r\n7. Cell Type  Li polymer \r\n8. No of charging cycle  500+\r\n9. Total Output power  2.1A\r\n10. LED indicator  Yes with Torch\r\n\"', 'Inbase 6000mAh power bank is pocket size portable powerhouse. Dual USB outputs and input ports give two -way fast charging. Its the perfect partner whenever, and wherever you need to charge. A super-high 6000 mAh capacity with two high speed USB ports is all contained in a portable charger smaller than a wallet. Compatible with all Micro-USB mobiles and tablets. Inbase Power Bank comes with an advanced level of multi protection that ensures protection against short-circuit, over-current, over-voltage, over-charge & discharge, etc.\r\nFeatures\r\n       Dual USB Output with smart charging: Inbase Power Bank intelligently adjusts power output to deliver fast and efficient charging for each connected device.\r\n      High-Speed Charging: PowerIQ and Voltage Boost combine to deliver the fastest possible charge\r\n      Premium batteries: Inbase power banks are built with high efficient Lithium batteries which gives most reliable, high performance.', '', '', '', '', 'ib-101', 'pocket-power-6000mah-ib-101', 0, 0, 1, 0, 1499.00, 0.00, '2021-02-05 00:00:00', '2021-02-05 00:00:00', 0, 0, '0000-00-00 00:00:00', '0000-00-00 00:00:00', 0, 7, 0, '', '', 0, 0, '', 0, 0, 0, 1, '2021-02-04 13:07:39', '2021-02-05 16:25:46', 17),
(102, '35,36', 'Wireless 8000mAh', '\"1. No of input ports - 2\r\n2. No of output ports  2\r\n3. Total output  - 2 x  USB 5V/1.0A -2A\r\n4. Wireless output  DC 5V/1A\r\n5. Type of Input  MICRO/TYPE C\r\n6. Capacity  10000 MAH\r\n7. Cell Type  Li polymer \r\n8. No of charging cycle  500+\r\n9. Total Output power  2.1A\r\n10. LED indicator  yes with torch\r\n11. Compatible  I phone series, Samsung S series and M series\r\n\"', 'Inbase 8000mAh power bank is pocket size portable powerhouse. 80000mAh Wireless Charger Power Bank, Wireless Charger with rechargeable battery integrates a high-power Qi wireless charging transmitter and a large-capacity rechargeable battery. Dual USB outputs and input ports give two -way fast charging. Its the perfect partner whenever, and wherever you need to charge. A super-high 8000 mAh capacity with two high speed USB ports is all contained in a portable charger smaller than a wallet. Inbase Power Bank comes with an advanced level of multi protection that ensures protection against short-circuit, over-current, over-voltage, etc. Passing through technology enables the power bank charge and discharge simultaneously. Compatible with all Micro-USB mobiles, tablets and supporting devices.\r\nFeatures\r\n       Dual USB Output with smart charging: Inbase Wireless Power Bank intelligently adjusts power output to deliver fast and efficient charging for each connected device.\r\n    High-Speed Charging: 5W wireless charging  to deliver the fastest possible charge.\r\n    Premium batteries: Inbase power banks are built with high efficient Lithium batteries which gives most reliable, high performance.', '', '', '', '', 'ib-102', 'wireless-8000mah-ib-102', 0, 0, 1, 0, 2499.00, 0.00, '2021-02-05 00:00:00', '2021-02-05 00:00:00', 0, 0, '0000-00-00 00:00:00', '0000-00-00 00:00:00', 0, 7, 0, '', '', 0, 0, '', 0, 0, 0, 1, '2021-02-04 13:07:39', '2021-02-05 18:00:02', 17),
(103, '35', 'Turbo with Carry Strap 10000mAh', '\"1. No of input ports - 2\r\n2. No of output ports  2\r\n3. Output 1  DC 5V 2.1 A\r\n4. Output 2  DC 5V 2.1A\r\n5. Total output  - DC 5V 2.4A max\r\n6. Type of Input  MICRO/TYPE C\r\n7. Capacity  10000 MAH\r\n8. Cell Type  Li polymer \r\n9. No of charging cycle  500+\r\n10. Total Output power  2.1A\r\n11. LED indicator  yes\r\n12. Weight  165 grams\r\n\"', 'Inbase Turbo Power bank 10000mAh gives 2.4Amp fast charging and inbuilt superior quality industrial grade materials and premium internal circuit to ensure full protection for your valuable devices against over-current. Dual outputs and input ports give two -way fast charging. Its the perfect partner whenever, and wherever you need to charge. A super-high 10000 mAh capacity with two high speed type C ports is all contained in a single power bank. LED indicator displays can accurately keep track of remaining power, input and output status. Compatible with all C type Smartphones, tablets, MP3 players, cameras, hard drives, e-readers, external batteries, handheld game consoles.\r\nFeatures\r\n       Dual Output with smart charging: Inbase Power Bank intelligently adjusts power output to deliver fast and efficient charging for each connected device\r\n     High-Speed Charging: PowerIQ and Voltage Boost combine to deliver the fastest possible charge\r\n     Premium batteries: Inbase power banks are built with high efficient Li- Polymer batteries which give the most reliable, high performance.', '', '', '', '', 'ib-103', 'turbo-with-carry-strap-10000mah-ib-103', 0, 0, 1, 0, 1499.00, 0.00, '2021-02-05 00:00:00', '2021-02-05 00:00:00', 0, 0, '0000-00-00 00:00:00', '0000-00-00 00:00:00', 0, 7, 0, '', '', 0, 0, '', 0, 0, 0, 1, '2021-02-04 13:07:39', '2021-02-05 16:26:24', 17),
(104, '', '2.1A Dual USB travel charger with Lightning Cable', '\"1. No of charging ports - 2\r\n2. Cable Type - Lightning\r\n3. Input power AC 180 -240 V\r\n4. Output power- 5V/2.1A\r\n5. Cable length  1Meter\r\n\"', 'Inbase 2.1Amp Fast and Safe charger is built with superior quality industrial grade materials and premium internal circuit to ensure full protection for your valuable devices against over-current. Inbase wall charger allows convenient charging of all Apple iPad, iPhone and iPod at full speed. Dual USB ports are Smart Charging Enabled with an enhanced fast charging mode. This wall charger is small enough to fit in your pocket, it\'s a truly convenient wall charger and perfect for travelling guaranteed safety and reliability during charging at all times. Compatible with all Lightning connecting devices includes iPhone, iPad and iPod Models:- iPhone XS, iPhone XS Max, iPhone XR, iPhone X, iPhone 8, iPhone 8 Plus, iPhone 7, iPhone 7 Plus, iPhone 6s, iPhone 6s Plus, iPhone 6, iPhone 6 Plus, iPhone SE, iPhone 5s, iPhone 5c, iPhone 5, iPad Pro 10.5-inch, iPad (6th Generation), iPad mini 4, iPad Pro 12.9-inch (2nd Generation), iPad Pro 12.9-inch (1st Generation), iPad Pro 9.7-inch, iPad (5th Generation), iPad mini 3, iPad mini 2, iPad mini, iPad Air 2, iPad Air, iPod touch (6th Generation), iPod touch 5th Generation, iPod nano 7th Generation.\r\nFeatures\r\n DUAL USB PORTS: Highly convenient to charge multiple devices at same time with enhancing speed.\r\n MULTIPLE PROTECTIONS: Built with superior quality industrial grade materials and premium internal circuit to ensure full protection for your valuable devices against over-current.\r\n CERTIFIED AND SAFE: This product holds following certification: CE, FCC and BIS.\r\n INCLUDED: Fast charging 2.1A Adapter With 1.2M Charge and Sync iPhone Lightning Cable. 6 Months Domestic Warranty.', '', '', '', '', 'ib-104', '21a-dual-usb-travel-charger-with-lightning-cable-ib-104', 0, 0, 1, 0, 699.00, 0.00, '2021-02-05 00:00:00', '2021-02-05 00:00:00', 0, 0, '0000-00-00 00:00:00', '0000-00-00 00:00:00', 0, 7, 0, '', '', 0, 0, '', 0, 0, 0, 1, '2021-02-04 13:07:39', '2021-02-05 18:59:49', 17),
(105, '36', '2.1A Dual USB Travel Charger with Micro Cable', '\"1. No of charging ports - 2\r\n2. Cable Type - Mico USB\r\n3. Input power AC 180 -240 V\r\n4. Output power- 5V/2.1A\r\n5. Cable length  1Meter\r\n\"', 'Inbase 2.1Amp Fast and Safe charger is built with superior quality industrial grade materials and premium internal circuit to ensure full protection for your valuable devices against over-current. Inbase wall charger allows convenient charging of all Smart Phones & Tablets at full speed. Dual USB ports are Smart Charging Enabled with an enhanced fast charging mode. This wall charger is small enough to fit in your pocket, it\'s a truly convenient wall charger and perfect for travelling guaranteed safety and reliability during charging at all times. Compatible with Smartphones, tablets, MP3 players, cameras, hard drives, e-readers, external batteries, handheld game consoles from brands including Redmi, Vivo, Oppo, Samsung, HTC, Motorola, Nexus, Nokia, LG, HP, Sony, Blackberry and all other Micro-USB connecting devices.\r\nFeatures\r\n DUAL USB PORTS: Highly convenient to charge multiple devices at same time with enhancing speed.\r\n MULTIPLE PROTECTIONS: Built with superior quality industrial grade materials and premium internal circuit to ensure full protection for your valuable devices against over-current.\r\n CERTIFIED AND SAFE: This product holds following certification: CE, FCC and BIS.', '', '', '', '', 'ib-105', '21a-dual-usb-travel-charger-with-micro-cable-ib-105', 0, 0, 1, 0, 599.00, 0.00, '2021-02-05 00:00:00', '2021-02-05 00:00:00', 0, 0, '0000-00-00 00:00:00', '0000-00-00 00:00:00', 0, 7, 0, '', '', 0, 0, '', 0, 0, 0, 1, '2021-02-04 13:07:39', '2021-02-05 16:28:13', 17),
(106, '36', '2.1A Dual USB Travel Charger with Type C Cable', '\"1. No of charging ports - 2\r\n2. Cable Type - TYPE C\r\n3. Input power AC 180 -240 V\r\n4. Output power- 5V/2.1A\r\n5. Cable length  1Meter\r\n\"', 'Inbase 2.1Amp Fast and Safe charger is built with superior quality industrial grade materials and premium internal circuit to ensure full protection for your valuable devices against over-current. Inbase wall charger allows convenient charging of all Smart Phones & Tablets at full speed. Dual USB ports are Smart Charging Enabled with an enhanced fast charging mode. This wall charger is small enough to fit in your pocket, it\'s a truly convenient wall charger and perfect for travelling guaranteed safety and reliability during charging at all times. Compatible with Smartphones, tablets, MP3 players, cameras, hard drives, e-readers, external batteries, handheld game consoles from brands including Redmi, Vivo, Oppo, Samsung, HTC, Motorola, Nexus, Nokia, LG, HP, Sony, Blackberry and all other Type C connecting devices..\r\nFeatures\r\n DUAL USB PORTS: Highly convenient to charge multiple devices at same time with enhancing speed.\r\n MULTIPLE PROTECTIONS: Built with superior quality industrial grade materials and premium internal circuit to ensure full protection for your valuable devices against over-current.\r\n CERTIFIED AND SAFE: This product holds following certification: CE, FCC and BIS.\r\n INCLUDED: Fast Charging 2.1A Adapter With 1.2M Charge and Sync Type C Cable. 6 Months Domestic Warranty.', '', '', '', '', 'ib-106', '21a-dual-usb-travel-charger-with-type-c-cable-ib-106', 0, 0, 1, 0, 699.00, 0.00, '2021-02-05 00:00:00', '2021-02-05 00:00:00', 0, 0, '0000-00-00 00:00:00', '0000-00-00 00:00:00', 0, 7, 0, '', '', 0, 0, '', 0, 0, 0, 1, '2021-02-04 13:07:39', '2021-02-05 16:28:32', 17),
(107, '', 'Test Product', '<p>df</p>', '<p>dfg</p>', '', '', '', '', '34534', 'test-product-34534', 0, 1, 1, 0, 1.00, 0.00, '2021-02-13 00:00:00', '2021-02-13 00:00:00', 0, 0, '0000-00-00 00:00:00', '0000-00-00 00:00:00', 1, 2, 0, '', '', 0, 0, '', 0, 0, 0, 0, '2021-02-09 15:02:39', '2021-02-18 11:29:11', 17);

-- --------------------------------------------------------

--
-- Table structure for table `kr_productreview`
--

CREATE TABLE `kr_productreview` (
  `ReviewId` int(11) NOT NULL,
  `ProductId` int(11) NOT NULL,
  `CustomerId` int(11) NOT NULL,
  `CustomerName` varchar(64) NOT NULL,
  `Message` text NOT NULL,
  `TotalRateValue` int(11) NOT NULL,
  `IsActive` tinyint(1) NOT NULL DEFAULT '0',
  `CreateDate` datetime NOT NULL,
  `ModifiedDate` datetime NOT NULL
) ENGINE=MyISAM DEFAULT CHARSET=utf8;

-- --------------------------------------------------------

--
-- Table structure for table `kr_productupload_fields`
--

CREATE TABLE `kr_productupload_fields` (
  `fieldId` int(11) NOT NULL,
  `fieldname` varchar(50) NOT NULL,
  `tablename` varchar(50) NOT NULL,
  `columnname` varchar(50) NOT NULL,
  `idname` varchar(250) NOT NULL,
  `updatetable` varchar(50) NOT NULL,
  `updatecolumn` varchar(50) NOT NULL,
  `product_id_col` varchar(50) NOT NULL,
  `IsRequired` int(11) NOT NULL DEFAULT '1',
  `IsSubAttr` int(11) NOT NULL DEFAULT '0',
  `insertqry` text NOT NULL,
  `IsActive` int(11) NOT NULL DEFAULT '1',
  `userid` int(11) NOT NULL DEFAULT '1',
  `CreatedDate` datetime DEFAULT CURRENT_TIMESTAMP,
  `ModifiedDate` datetime DEFAULT CURRENT_TIMESTAMP ON UPDATE CURRENT_TIMESTAMP
) ENGINE=InnoDB DEFAULT CHARSET=latin1;

--
-- Dumping data for table `kr_productupload_fields`
--

INSERT INTO `kr_productupload_fields` (`fieldId`, `fieldname`, `tablename`, `columnname`, `idname`, `updatetable`, `updatecolumn`, `product_id_col`, `IsRequired`, `IsSubAttr`, `insertqry`, `IsActive`, `userid`, `CreatedDate`, `ModifiedDate`) VALUES
(1, 'Product Name', 'product', 'product_name', 'product_name', 'product', 'product_name', '', 1, 0, '', 1, 1, '2018-12-11 19:18:49', '2018-12-18 11:15:29'),
(2, 'Product SKU', 'product', 'sku', 'sku', 'product', 'sku', '', 1, 0, '', 1, 1, '2018-12-11 19:18:49', '2019-01-31 20:06:26'),
(3, 'Product Price', 'product', 'price', 'price', 'product', 'price', '', 1, 0, '', 1, 1, '2018-12-11 19:18:49', '2019-04-12 04:26:16'),
(4, 'Short Description', 'product', 'description', 'description', 'product', 'description', '', 1, 0, '', 1, 1, '2018-12-11 19:18:49', '2019-04-12 04:26:18'),
(5, 'Long Description', 'product', 'longdescription', 'longdescription', 'product', 'longdescription', '', 1, 0, '', 1, 1, '2018-12-11 19:18:49', '2019-04-12 04:26:19'),
(6, 'GST (%)', 'taxmaster', 'taxRate', 'taxId', 'product', 'taxId', '', 1, 0, 'INSERT INTO table_name( taxName, taxDesc, taxTyp, taxRate, IsActive,UserId, createdDate, modifiedDate) VALUES ( \'GST value_of%\',\'Inclusive of GST\',\'p\',\'value_of\',\'1\',\'session_user\',\'date_of_now\',\'date_of_now\');', 1, 1, '2018-12-11 19:18:49', '2019-04-12 04:26:20'),
(7, 'Quantity', 'product', 'quantity', 'quantity', 'product', 'quantity', '', 1, 0, '', 0, 1, '2018-12-11 19:18:49', '2020-12-18 19:06:27'),
(8, 'Min Quantity', 'product', 'minquantity', 'minquantity', 'product', 'minquantity', '', 1, 0, '', 1, 1, '2018-12-11 19:18:49', '2019-04-12 04:26:24'),
(9, 'Main Category', 'category', 'categoryName', 'categoryID', 'product_categoryid', 'categoryID', 'product_id', 1, 1, 'INSERT INTO table_name( StoreId, categoryName,  parentId, categoryCode, IsTop, IsActive, userId, createdDate, modifiedDate) VALUES (\'1\',\'value_of\',\'0\',\'slug_value_of\',\'0\',\'1\',\'session_user\',\'date_of_now\',\'date_of_now\');', 1, 1, '2018-12-11 19:18:49', '2019-04-12 04:26:25'),
(10, 'Sub Category', 'category', 'categoryName', 'categoryID', 'product_categoryid', 'categoryID', 'product_id', 1, 1, 'select @parentid:=categoryID from table_name where categoryName=\'prevfieldvalu\' and IsActive=1;INSERT INTO table_name( StoreId, categoryName,  parentId, categoryCode, IsTop, IsActive, userId, createdDate, modifiedDate) VALUES (\'1\',\'value_of\',@parentid,\'slug_value_of\',\'0\',\'1\',\'session_user\',\'date_of_now\',\'date_of_now\');', 1, 1, '2018-12-11 19:18:49', '2019-04-12 04:26:26'),
(11, 'Sub Plus Category', 'category', 'categoryName', 'categoryID', 'product_categoryid', 'categoryID', 'product_id', 0, 1, 'select @parentid:=categoryID from table_name where categoryName=\'prevfieldvalu\' and IsActive=1;INSERT INTO table_name( StoreId, categoryName,  parentId, categoryCode, IsTop, IsActive, userId, createdDate, modifiedDate) VALUES (\'1\',\'value_of\',@parentid,\'slug_value_of\',\'0\',\'1\',\'session_user\',\'date_of_now\',\'date_of_now\');', 0, 1, '2018-12-11 19:18:49', '2020-12-18 19:06:33'),
(12, 'Meta Title', 'product', 'metaname', 'metaname', 'product', 'metaname', '', 0, 0, '', 1, 1, '2018-12-11 19:18:49', '2019-04-12 04:26:29'),
(13, 'Meta Description', 'product', 'metadescription', 'metadescription', 'product', 'metadescription', '', 0, 0, '', 1, 1, '2018-12-11 19:18:49', '2019-04-12 04:26:30'),
(14, 'Meta Keyword', 'product', 'metakeyword', 'metakeyword', 'product', 'metakeyword', '', 0, 0, '', 1, 1, '2018-12-11 19:18:49', '2019-04-12 04:26:32'),
(15, 'Sold Out ', 'product', 'soldout ', 'soldout ', 'product', 'soldout ', '', 0, 0, '', 1, 1, '2018-12-11 19:18:49', '2020-08-31 16:13:34'),
(16, 'Pre - Order', 'product', 'isquaincrease', 'isquaincrease', 'product', 'isquaincrease', '', 0, 0, '', 0, 1, '2018-12-11 19:18:49', '2020-08-31 16:13:37'),
(17, 'Status', 'product', 'IsActive', 'IsActive', 'product', 'IsActive', '', 1, 0, '', 1, 1, '2018-12-11 19:18:49', '2019-01-31 20:06:52');

-- --------------------------------------------------------

--
-- Table structure for table `kr_productupload_fields_old`
--

CREATE TABLE `kr_productupload_fields_old` (
  `fieldId` int(11) NOT NULL,
  `fieldname` varchar(50) NOT NULL,
  `tablename` varchar(50) NOT NULL,
  `columnname` varchar(50) NOT NULL,
  `idname` varchar(250) NOT NULL,
  `updatetable` varchar(50) NOT NULL,
  `updatecolumn` varchar(50) NOT NULL,
  `product_id_col` varchar(50) NOT NULL,
  `IsRequired` int(11) NOT NULL DEFAULT '1',
  `IsSubAttr` int(11) NOT NULL DEFAULT '0',
  `insertqry` text NOT NULL,
  `IsActive` int(11) NOT NULL DEFAULT '1',
  `userid` int(11) NOT NULL DEFAULT '1',
  `CreatedDate` datetime DEFAULT CURRENT_TIMESTAMP,
  `ModifiedDate` datetime DEFAULT CURRENT_TIMESTAMP ON UPDATE CURRENT_TIMESTAMP
) ENGINE=InnoDB DEFAULT CHARSET=latin1;

--
-- Dumping data for table `kr_productupload_fields_old`
--

INSERT INTO `kr_productupload_fields_old` (`fieldId`, `fieldname`, `tablename`, `columnname`, `idname`, `updatetable`, `updatecolumn`, `product_id_col`, `IsRequired`, `IsSubAttr`, `insertqry`, `IsActive`, `userid`, `CreatedDate`, `ModifiedDate`) VALUES
(1, 'Product Name', 'product', 'product_name', 'product_name', 'product', 'product_name', '', 1, 0, '', 1, 1, '2018-12-11 19:18:49', '2018-12-18 11:15:29'),
(2, 'Product SKU', 'product', 'sku', 'sku', 'product', 'sku', '', 1, 0, '', 0, 1, '2018-12-11 19:18:49', '2018-12-18 11:15:21'),
(3, 'Product Price', 'product', 'price', 'price', 'product', 'price', '', 1, 0, '', 0, 1, '2018-12-11 19:18:49', '2018-12-18 11:15:21'),
(4, 'Short Description', 'product', 'description', 'description', 'product', 'description', '', 1, 0, '', 0, 1, '2018-12-11 19:18:49', '2018-12-18 11:15:21'),
(5, 'Long Description', 'product', 'longdescription', 'longdescription', 'product', 'longdescription', '', 1, 0, '', 0, 1, '2018-12-11 19:18:49', '2018-12-18 11:15:21'),
(6, 'GST (%)', 'taxmaster', 'taxRate', 'taxId', 'product', 'taxId', '', 1, 0, 'INSERT INTO table_name( taxName, taxDesc, taxTyp, taxRate, IsActive,UserId, createdDate, modifiedDate) VALUES ( \'GST value_of%\',\'Inclusive of GST\',\'p\',\'value_of\',\'1\',\'session_user\',\'date_of_now\',\'date_of_now\');', 1, 1, '2018-12-11 19:18:49', '2018-12-18 15:33:40'),
(7, 'Quantity', 'product', 'quantity', 'quantity', 'product', 'quantity', '', 1, 0, '', 0, 1, '2018-12-11 19:18:49', '2018-12-12 17:00:07'),
(8, 'Min Quantity', 'product', 'minquantity', 'minquantity', 'product', 'minquantity', '', 1, 0, '', 0, 1, '2018-12-11 19:18:49', '2018-12-18 11:15:21'),
(9, 'Main Category', 'category', 'categoryName', 'categoryID', 'product_categoryid', 'categoryID', 'product_id', 1, 1, 'INSERT INTO table_name( StoreId, categoryName,  parentId, categoryCode, IsTop, IsActive, userId, createdDate, modifiedDate) VALUES (\'1\',\'value_of\',\'0\',\'slug_value_of\',\'0\',\'1\',\'session_user\',\'date_of_now\',\'date_of_now\');', 1, 1, '2018-12-11 19:18:49', '2018-12-18 18:43:57'),
(10, 'Sub Category', 'category', 'categoryName', 'categoryID', 'product_categoryid', 'categoryID', 'product_id', 1, 1, 'select @parentid:=categoryID from table_name where categoryName=\'prevfieldvalu\' and IsActive=1;INSERT INTO table_name( StoreId, categoryName,  parentId, categoryCode, IsTop, IsActive, userId, createdDate, modifiedDate) VALUES (\'1\',\'value_of\',@parentid,\'slug_value_of\',\'0\',\'1\',\'session_user\',\'date_of_now\',\'date_of_now\');', 1, 1, '2018-12-11 19:18:49', '2018-12-18 20:13:18'),
(11, 'Sub Plus Category', 'category', 'categoryName', 'categoryID', 'product_categoryid', 'categoryID', 'product_id', 1, 1, 'select @parentid:=categoryID from table_name where categoryName=\'prevfieldvalu\' and IsActive=1;INSERT INTO table_name( StoreId, categoryName,  parentId, categoryCode, IsTop, IsActive, userId, createdDate, modifiedDate) VALUES (\'1\',\'value_of\',@parentid,\'slug_value_of\',\'0\',\'1\',\'session_user\',\'date_of_now\',\'date_of_now\');', 1, 1, '2018-12-11 19:18:49', '2018-12-18 20:13:23'),
(12, 'Meta Title', 'product', 'metaname', 'metaname', 'product', 'metaname', '', 0, 0, '', 0, 1, '2018-12-11 19:18:49', '2018-12-18 11:15:21'),
(13, 'Meta Description', 'product', 'metadescription', 'metadescription', 'product', 'metadescription', '', 0, 0, '', 0, 1, '2018-12-11 19:18:49', '2018-12-18 11:15:21'),
(14, 'Meta Keyword', 'product', 'metakeyword', 'metakeyword', 'product', 'metakeyword', '', 0, 0, '', 0, 1, '2018-12-11 19:18:49', '2018-12-18 11:15:21'),
(15, 'Sold Out ', 'product', 'soldout ', 'soldout ', 'product', 'soldout ', '', 1, 0, '', 0, 1, '2018-12-11 19:18:49', '2018-12-18 11:15:21'),
(16, 'Pre - Order', 'product', 'isquaincrease', 'isquaincrease', 'product', 'isquaincrease', '', 1, 0, '', 0, 1, '2018-12-11 19:18:49', '2018-12-14 19:46:27'),
(17, 'Status', 'product', 'IsActive', 'IsActive', 'product', 'IsActive', '', 1, 0, '', 0, 1, '2018-12-11 19:18:49', '2018-12-18 11:15:21');

-- --------------------------------------------------------

--
-- Table structure for table `kr_product_attr_combi`
--

CREATE TABLE `kr_product_attr_combi` (
  `product_attr_combi_id` int(11) NOT NULL,
  `attr_combi_id` varchar(255) NOT NULL,
  `base_productId` int(11) DEFAULT NULL,
  `quantity` int(11) DEFAULT NULL,
  `price` varchar(255) NOT NULL,
  `sku` text NOT NULL,
  `product_img_id` varchar(500) NOT NULL,
  `isDefault` tinyint(4) NOT NULL DEFAULT '0',
  `IsActive` tinyint(1) NOT NULL,
  `createdDate` datetime NOT NULL,
  `modifiedDate` datetime NOT NULL
) ENGINE=InnoDB DEFAULT CHARSET=latin1;

--
-- Dumping data for table `kr_product_attr_combi`
--

INSERT INTO `kr_product_attr_combi` (`product_attr_combi_id`, `attr_combi_id`, `base_productId`, `quantity`, `price`, `sku`, `product_img_id`, `isDefault`, `IsActive`, `createdDate`, `modifiedDate`) VALUES
(1, '91', 1, 0, '0', 'ib-001-silver', '', 0, 1, '2021-02-04 13:07:39', '2021-02-19 17:15:14'),
(2, '35', 1, 0, '0', 'ib-001-black', '516,522,517,518,519', 1, 1, '2021-02-04 13:07:39', '2021-02-19 17:15:14'),
(3, '35', 2, 0, '0', 'ib-002-black', '1,2,3,4', 1, 1, '2021-02-04 13:07:39', '2021-02-05 16:35:16'),
(4, '35', 3, 0, '0', 'ib-003-black', '', 1, 1, '2021-02-04 13:07:39', '2021-02-04 13:07:39'),
(5, '36', 4, 0, '0', 'ib-004-white', '', 0, 1, '2021-02-04 13:07:39', '2021-02-05 18:11:50'),
(6, '92', 4, 0, '0', 'ib-004-pink', '', 0, 1, '2021-02-04 13:07:39', '2021-02-05 18:11:50'),
(7, '39', 4, 0, '0', 'ib-004-grey', '', 0, 1, '2021-02-04 13:07:39', '2021-02-05 18:11:50'),
(8, '35', 4, 0, '0', 'ib-004-black', '33,34,35,36,37', 1, 1, '2021-02-04 13:07:39', '2021-02-05 18:11:50'),
(9, '36', 5, 0, '0', 'ib-005-white', '', 0, 1, '2021-02-04 13:07:39', '2021-03-27 10:43:15'),
(10, '35', 5, 0, '0', 'ib-005-black', '5,461,6,7,8', 1, 1, '2021-02-04 13:07:39', '2021-03-27 10:43:15'),
(11, '35', 6, 0, '0', 'ib-006-black', '10,11,12,13', 1, 1, '2021-02-04 13:07:39', '2021-02-05 17:19:51'),
(12, '36', 7, 0, '0', 'ib-007-white', '14,15,16,17', 1, 1, '2021-02-04 13:07:39', '2021-02-05 17:21:17'),
(13, '36', 8, 0, '0', 'ib-008-white', '18,19,20,21,22', 1, 1, '2021-02-04 13:07:39', '2021-02-05 17:26:10'),
(14, '33', 9, 0, '0', 'ib-009-red', '472,476,477', 0, 1, '2021-02-04 13:07:39', '2021-04-10 15:04:59'),
(15, '34', 9, 0, '0', 'ib-009-blue', '478,475,481', 0, 1, '2021-02-04 13:07:39', '2021-04-10 15:04:59'),
(16, '93', 9, 0, '0', 'ib-009-green', '483,479,474', 0, 1, '2021-02-04 13:07:39', '2021-04-10 15:04:59'),
(17, '39', 9, 0, '0', 'ib-009-grey', '482,484,480', 0, 1, '2021-02-04 13:07:39', '2021-04-10 15:04:59'),
(18, '35', 9, 0, '0', 'ib-009-black', '23,25,468,469,470,471', 1, 1, '2021-02-04 13:07:39', '2021-04-10 15:04:59'),
(19, '36', 10, 0, '0', 'ib-010-white', '29,30,31,32', 1, 1, '2021-02-04 13:07:39', '2021-02-05 16:28:51'),
(20, '36', 11, 0, '0', 'ib-011-white', '38,39,40,41', 1, 1, '2021-02-04 13:07:39', '2021-02-05 16:29:19'),
(21, '33', 12, 0, '0', 'ib-012-red', '42,43,44,45,46,47', 1, 1, '2021-02-04 13:07:39', '2021-02-05 16:29:50'),
(22, '35', 13, 0, '0', 'ib-013-black', '48,49,50,51,52', 1, 1, '2021-02-04 13:07:39', '2021-02-05 16:24:00'),
(23, '35', 14, 0, '0', 'ib-014-black', '439,440,441,442,443', 1, 1, '2021-02-04 13:07:39', '2021-02-05 16:30:13'),
(24, '35', 15, 0, '0', 'ib-015-black', '504,505,506,507', 1, 1, '2021-02-04 13:07:39', '2021-02-08 14:38:22'),
(25, '36', 16, 0, '0', 'ib-016-white', '53,54,55,56', 1, 1, '2021-02-04 13:07:39', '2021-02-05 16:30:31'),
(26, '35', 17, 0, '0', 'ib-017-black', '374,375,376,377,378', 1, 1, '2021-02-04 13:07:39', '2021-02-05 16:30:53'),
(27, '35', 18, 0, '0', 'ib-018-black', '379,380,381,382,383', 1, 1, '2021-02-04 13:07:39', '2021-02-05 16:31:12'),
(28, '36', 19, 0, '0', 'ib-019-white', '384,385,386,387,388', 1, 1, '2021-02-04 13:07:39', '2021-02-05 16:31:37'),
(29, '36', 20, 0, '0', 'ib-020-white', '389,390,391,392,393', 1, 1, '2021-02-04 13:07:39', '2021-02-05 16:31:55'),
(30, '33', 21, 0, '0', 'ib-021-red', '394,395,396,397', 1, 1, '2021-02-04 13:07:39', '2021-02-08 14:34:52'),
(31, '34', 21, 0, '0', 'ib-021-blue', '', 0, 1, '2021-02-04 13:07:39', '2021-02-08 14:34:52'),
(32, '93', 21, 0, '0', 'ib-021-green', '', 0, 1, '2021-02-04 13:07:39', '2021-02-08 14:34:52'),
(33, '35', 22, 0, '0', 'ib-022-black', '398,399,400,401', 1, 1, '2021-02-04 13:07:39', '2021-02-05 16:32:31'),
(34, '93', 23, 0, '0', 'ib-023-green', '402,403,404,405', 1, 1, '2021-02-04 13:07:39', '2021-02-05 16:32:53'),
(35, '35', 23, 0, '0', 'ib-023-black', '', 0, 1, '2021-02-04 13:07:39', '2021-02-05 16:32:53'),
(36, '35', 24, 0, '0', 'ib-024-black', '406,407,408,409', 1, 1, '2021-02-04 13:07:39', '2021-02-05 16:33:11'),
(37, '94', 25, 0, '0', 'ib-025-brown', '410,411,412,413', 1, 1, '2021-02-04 13:07:39', '2021-02-05 16:33:29'),
(38, '91', 26, 0, '0', 'ib-026-silver', '414,415,416,417', 1, 1, '2021-02-04 13:07:39', '2021-02-05 16:33:57'),
(39, '35', 26, 0, '0', 'ib-026-black', '', 0, 1, '2021-02-04 13:07:39', '2021-02-05 16:33:57'),
(40, '33', 27, 0, '0', 'ib-027-red', '421,422', 1, 1, '2021-02-04 13:07:39', '2021-02-05 16:34:20'),
(41, '35', 27, 0, '0', 'ib-027-black', '418,419,420', 0, 1, '2021-02-04 13:07:39', '2021-02-05 16:34:20'),
(42, '36', 28, 0, '0', 'ib-028-white', '180,181,182,183', 1, 1, '2021-02-04 13:07:39', '2021-02-05 16:34:40'),
(43, '35', 29, 0, '0', 'ib-029-black', '184,185,186,187', 1, 1, '2021-02-04 13:07:39', '2021-02-05 16:35:01'),
(44, '35', 30, 0, '0', 'ib-030-black', '188,189,190,191,192', 1, 1, '2021-02-04 13:07:39', '2021-02-05 16:35:35'),
(45, '35', 31, 0, '0', 'ib-031-black', '194,195,196,197,198', 1, 1, '2021-02-04 13:07:39', '2021-02-05 16:35:53'),
(46, '36', 32, 0, '0', 'ib-032-white', '200,201,202,203,204', 1, 1, '2021-02-04 13:07:39', '2021-02-05 16:36:12'),
(47, '36', 33, 0, '0', 'ib-033-white', '205,206,207,208,209,210', 1, 1, '2021-02-04 13:07:39', '2021-02-05 16:36:31'),
(48, '36', 34, 0, '0', 'ib-034-white', '211,212,213,214,215,216', 1, 1, '2021-02-04 13:07:39', '2021-02-05 16:36:51'),
(49, '33', 35, 0, '0', 'ib-035-red', '217,218,219,220', 1, 1, '2021-02-04 13:07:39', '2021-02-08 14:35:11'),
(50, '34', 35, 0, '0', 'ib-035-blue', '', 0, 1, '2021-02-04 13:07:39', '2021-02-08 14:35:11'),
(51, '93', 35, 0, '0', 'ib-035-green', '', 0, 1, '2021-02-04 13:07:39', '2021-02-08 14:35:11'),
(53, '35', 37, 0, 'Black', 'ib-037-black', '225,226,227,228', 1, 1, '2021-02-04 13:07:39', '2021-02-05 16:37:36'),
(54, '93', 38, 0, '0', 'ib-038-green', '', 0, 1, '2021-02-04 13:07:39', '2021-02-08 11:27:04'),
(55, '35', 38, 0, '0', 'ib-038-black', '229,230,231,232', 1, 1, '2021-02-04 13:07:39', '2021-02-08 11:27:04'),
(56, '35', 39, 0, '0', 'ib-039-black', '233,234,235,236', 1, 1, '2021-02-04 13:07:39', '2021-02-05 16:38:29'),
(57, '94', 40, 0, '0', 'ib-040-brown', '237,238,239,240', 1, 1, '2021-02-04 13:07:39', '2021-02-05 16:38:48'),
(58, '35', 41, 0, '0', 'ib-041-black', '241,242,243,244,245', 1, 1, '2021-02-04 13:07:39', '2021-02-05 16:39:05'),
(59, '33', 42, 0, '0', 'ib-042-red', '250,251', 1, 1, '2021-02-04 13:07:39', '2021-02-05 16:39:30'),
(60, '35', 42, 0, '0', 'ib-042-black', '246,247,248,249', 0, 1, '2021-02-04 13:07:39', '2021-02-05 16:39:30'),
(61, '35', 43, 0, '0', 'ib-043-black', '508,509,510,511,512', 1, 1, '2021-02-04 13:07:39', '2021-02-08 14:41:20'),
(62, '36', 44, 0, '0', 'ib-044-white', '435,436,437,438', 1, 1, '2021-02-04 13:07:39', '2021-02-05 16:39:47'),
(64, '35', 46, 0, '0', 'ib-046-black', '325,326,327,328,329', 1, 1, '2021-02-04 13:07:39', '2021-02-05 16:40:27'),
(65, '35', 47, 0, '0', 'ib-047-black', '330,331,332,333,334', 1, 1, '2021-02-04 13:07:39', '2021-02-05 16:40:44'),
(66, '36', 48, 0, '0', 'ib-048-white', '335,336,337,338,339', 1, 1, '2021-02-04 13:07:39', '2021-02-05 16:41:05'),
(67, '36', 49, 0, '0', 'ib-049-white', '340,341,342,343,344', 1, 1, '2021-02-04 13:07:39', '2021-02-05 16:44:15'),
(68, '33', 50, 0, '0', 'ib-050-red', '345,346,347,348', 1, 1, '2021-02-04 13:07:39', '2021-02-08 14:35:30'),
(69, '34', 50, 0, '0', 'ib-050-blue', '', 0, 1, '2021-02-04 13:07:39', '2021-02-08 14:35:30'),
(70, '93', 50, 0, '0', 'ib-050-green', '', 0, 1, '2021-02-04 13:07:39', '2021-02-08 14:35:30'),
(71, '35', 51, 0, '0', 'ib-051-black', '349,350,351,352', 1, 1, '2021-02-04 13:07:39', '2021-02-05 16:43:52'),
(72, '93', 52, 0, '0', 'ib-052-green', '', 0, 1, '2021-02-04 13:07:39', '2021-02-08 11:59:06'),
(73, '35', 52, 0, '0', 'ib-052-black', '353,354,355,356', 1, 1, '2021-02-04 13:07:39', '2021-02-08 11:59:06'),
(74, '35', 53, 0, '0', 'ib-053-black', '357,358,359,360', 1, 1, '2021-02-04 13:07:39', '2021-02-05 16:43:00'),
(75, '94', 54, 0, '0', 'ib-054-brown', '361,362,363,364', 1, 1, '2021-02-04 13:07:39', '2021-02-05 16:42:39'),
(76, '91', 55, 0, '0', 'ib-055-silver', '365,366,367,368', 1, 1, '2021-02-04 13:07:39', '2021-02-08 12:03:08'),
(77, '35', 55, 0, '0', 'ib-055-black', '', 0, 1, '2021-02-04 13:07:39', '2021-02-08 12:03:08'),
(78, '33', 56, 0, '0', 'ib-056-red', '372,373', 1, 1, '2021-02-04 13:07:39', '2021-02-05 16:41:55'),
(79, '35', 56, 0, '0', 'ib-056-black', '369,370,371', 0, 1, '2021-02-04 13:07:39', '2021-02-05 16:41:55'),
(80, '35', 57, 0, '0', 'ib-057-black', '', 1, 1, '2021-02-04 13:07:39', '2021-02-04 13:07:39'),
(81, '35', 58, 0, '0', 'ib-058-black', '57,58,59,60,61,62', 1, 1, '2021-02-04 13:07:39', '2021-02-05 16:41:29'),
(82, '36', 59, 0, '0', 'ib-059-white', '63,64,65,66,67', 1, 1, '2021-02-04 13:07:39', '2021-02-05 17:18:11'),
(83, '36', 60, 0, '0', 'ib-060-white', '68,69,70,71,72', 1, 1, '2021-02-04 13:07:39', '2021-02-05 17:18:41'),
(84, '36', 61, 0, '0', 'ib-061-white', '73,74,75,76', 1, 1, '2021-02-04 13:07:39', '2021-02-05 17:19:00'),
(85, '91', 62, 0, '0', 'ib-062-silver', '492,493,494,83', 0, 1, '2021-02-04 13:07:39', '2021-02-08 12:47:21'),
(87, '91', 63, 0, '0', 'ib-063-silver', '', 0, 1, '2021-02-04 13:07:39', '2021-02-08 12:57:15'),
(88, '39', 63, 0, '0', 'ib-063-grey', '', 0, 1, '2021-02-04 13:07:39', '2021-02-08 12:57:15'),
(89, '38', 63, 0, '0', 'ib-063-gold', '', 0, 1, '2021-02-04 13:07:39', '2021-02-08 12:57:15'),
(90, '35', 63, 0, '0', 'ib-063-black', '84,85,86,87', 1, 1, '2021-02-04 13:07:39', '2021-02-08 12:57:15'),
(91, '91', 64, 0, '0', 'ib-064-silver', '', 0, 1, '2021-02-04 13:07:39', '2021-02-08 12:35:01'),
(92, '92', 64, 0, '0', 'ib-064-pink', '88,89,90,91,92', 1, 1, '2021-02-04 13:07:39', '2021-02-08 12:35:01'),
(93, '38', 64, 0, '0', 'ib-064-gold', '', 0, 1, '2021-02-04 13:07:39', '2021-02-08 12:35:01'),
(94, '35', 64, 0, '0', 'ib-064-black', '', 0, 1, '2021-02-04 13:07:39', '2021-02-08 12:35:01'),
(95, '91', 65, 0, '0', 'ib-065-silver', '', 0, 1, '2021-02-04 13:07:39', '2021-02-08 12:35:49'),
(96, '35', 65, 0, '0', 'ib-065-black', '93,94,95,96', 1, 1, '2021-02-04 13:07:39', '2021-02-08 12:35:49'),
(97, '38', 66, 0, '0', 'ib-066-gold', '495,497,498', 0, 1, '2021-02-04 13:07:39', '2021-02-08 12:55:24'),
(99, '91', 67, 0, '0', 'ib-067-silver', '101,501,502,503', 1, 1, '2021-02-04 13:07:39', '2021-02-08 13:01:28'),
(100, '35', 67, 0, '0', 'ib-067-black', '', 0, 1, '2021-02-04 13:07:39', '2021-02-08 13:01:28'),
(101, '36', 68, 0, '0', 'ib-068-white', '138,139,140,141', 1, 1, '2021-02-04 13:07:39', '2021-02-05 17:16:47'),
(103, '35', 70, 0, '0', 'ib-070-black', '146,147,148,149', 1, 1, '2021-02-04 13:07:39', '2021-02-08 12:32:22'),
(104, '35', 71, 0, '0', 'ib-071-black', '150,151,152,153', 1, 1, '2021-02-04 13:07:39', '2021-02-08 12:33:17'),
(105, '35', 72, 0, '0', 'ib-072-black', '154,155,156,157,158', 1, 1, '2021-02-04 13:07:39', '2021-02-05 17:20:36'),
(106, '35', 73, 0, '0', 'ib-073-black', '423,424,425,426', 1, 1, '2021-02-04 13:07:39', '2021-03-24 17:07:08'),
(107, '35', 74, 0, '0', 'ib-074-black', '427,428,429,430', 1, 1, '2021-02-04 13:07:39', '2021-03-25 11:56:20'),
(108, '35', 75, 0, '0', 'ib-075-black', '431,432,433,434', 1, 1, '2021-02-04 13:07:39', '2021-03-26 17:53:40'),
(109, '35', 76, 0, '0', 'ib-076-black', '163,164,165,166', 1, 1, '2021-02-04 13:07:39', '2021-04-26 12:58:36'),
(110, '35', 77, 0, '0', 'ib-077-black', '485,486,487,488,489', 1, 1, '2021-02-04 13:07:39', '2021-04-26 12:50:33'),
(111, '36', 78, 0, '0', 'ib-078-white', '173,174,175', 1, 1, '2021-02-04 13:07:39', '2021-03-26 17:39:19'),
(112, '35', 78, 0, '0', 'ib-078-black', '459,460', 0, 1, '2021-02-04 13:07:39', '2021-03-26 17:39:19'),
(113, '36', 79, 0, '0', 'ib-079-white', '', 1, 1, '2021-02-04 13:07:39', '2021-03-26 17:38:00'),
(114, '36', 80, 0, '0', 'ib-080-white', '462', 1, 1, '2021-02-04 13:07:39', '2021-03-26 17:43:34'),
(115, '35', 80, 0, '0', 'ib-080-black', '176,177,178', 0, 1, '2021-02-04 13:07:39', '2021-03-26 17:43:34'),
(116, '36', 81, 0, '0', 'ib-081-white', '264,265,266,267', 1, 1, '2021-02-04 13:07:39', '2021-03-26 17:17:53'),
(117, '36', 82, 0, '0', 'ib-082-white', '268,269,270,271', 1, 1, '2021-02-04 13:07:39', '2021-03-26 17:19:06'),
(118, '36', 83, 0, '0', 'ib-083-white', '272,273,274,275', 1, 1, '2021-02-04 13:07:39', '2021-03-26 17:20:26'),
(119, '36', 84, 0, '0', 'ib-084-white', '276,277,278,279', 1, 1, '2021-02-04 13:07:39', '2021-03-26 17:21:19'),
(120, '33', 85, 0, '0', 'ib-085-red', '282,285', 1, 1, '2021-02-04 13:07:39', '2021-02-05 17:23:44'),
(121, '89', 85, 0, '0', 'ib-085-yellow', '280,287', 0, 1, '2021-02-04 13:07:39', '2021-02-05 17:23:44'),
(122, '34', 85, 0, '0', 'ib-085-blue', '', 0, 1, '2021-02-04 13:07:39', '2021-02-05 17:23:44'),
(123, '35', 85, 0, '0', 'ib-085-black', '281,284', 0, 1, '2021-02-04 13:07:39', '2021-02-05 17:23:44'),
(124, '33', 86, 0, '0', 'ib-086-red', '290', 1, 1, '2021-02-04 13:07:39', '2021-02-05 17:24:15'),
(125, '89', 86, 0, '0', 'ib-086-yellow', '292', 0, 1, '2021-02-04 13:07:39', '2021-02-05 17:24:15'),
(126, '34', 86, 0, '0', 'ib-086-blue', '289', 0, 1, '2021-02-04 13:07:39', '2021-02-05 17:24:15'),
(127, '35', 86, 0, '0', 'ib-086-black', '288', 0, 1, '2021-02-04 13:07:39', '2021-02-05 17:24:15'),
(128, '38', 87, 0, '0', 'ib-087-gold', '293,296', 1, 1, '2021-02-04 13:07:39', '2021-02-05 17:24:50'),
(129, '35', 87, 0, '0', 'ib-087-black', '294,295', 0, 1, '2021-02-04 13:07:39', '2021-02-05 17:24:50'),
(130, '36', 88, 0, '0', 'ib-088-white', '', 0, 1, '2021-02-04 13:07:39', '2021-03-26 17:14:54'),
(131, '35', 88, 0, '0', 'ib-088-black', '', 0, 1, '2021-02-04 13:07:39', '2021-03-26 17:14:54'),
(132, '36', 89, 0, '0', 'ib-089-white', '303,304,306', 1, 1, '2021-02-04 13:07:39', '2021-03-27 10:43:47'),
(133, '35', 89, 0, '0', 'ib-089-black', '302,305', 0, 1, '2021-02-04 13:07:39', '2021-03-27 10:43:47'),
(134, '36', 90, 0, '0', 'ib-090-white', '', 0, 1, '2021-02-04 13:07:39', '2021-03-27 10:46:16'),
(135, '35', 90, 0, '0', 'ib-090-black', '307,308,309,310', 1, 1, '2021-02-04 13:07:39', '2021-03-27 10:46:16'),
(136, '36', 91, 0, '0', 'ib-091-white', '', 0, 1, '2021-02-04 13:07:39', '2021-03-26 17:13:06'),
(137, '35', 91, 0, '0', 'ib-091-black', '311,312,313,314,315', 1, 1, '2021-02-04 13:07:39', '2021-03-26 17:13:06'),
(138, '33', 92, 0, '0', 'ib-092-red', '316,317,318,319,320', 1, 1, '2021-02-04 13:07:39', '2021-03-26 17:16:14'),
(139, '35', 92, 0, '0', 'ib-092-black', '', 0, 1, '2021-02-04 13:07:39', '2021-03-26 17:16:14'),
(140, '35', 93, 0, '0', 'ib-093-black', '105,106,107,108', 1, 1, '2021-02-04 13:07:39', '2021-02-05 17:27:36'),
(141, '35', 94, 0, '0', 'ib-094-black', '109,110,111,112,113,114', 1, 1, '2021-02-04 13:07:39', '2021-02-05 17:27:56'),
(142, '35', 95, 0, '0', 'ib-095-black', '444,445,446,447,448', 1, 1, '2021-02-04 13:07:39', '2021-02-05 17:15:58'),
(143, '35', 96, 0, '0', 'ib-096-black', '449,450,451,452,453', 1, 1, '2021-02-04 13:07:39', '2021-02-05 17:15:15'),
(144, '35', 97, 0, '0', 'ib-097-black', '454,455,456,457,458', 1, 1, '2021-02-04 13:07:39', '2021-02-05 17:15:36'),
(145, '36', 98, 0, '0', 'ib-098-white', '', 0, 1, '2021-02-04 13:07:39', '2021-02-05 18:00:49'),
(146, '34', 98, 0, '0', 'ib-098-blue', '', 0, 1, '2021-02-04 13:07:39', '2021-02-05 18:00:49'),
(147, '35', 98, 0, '0', 'ib-098-black', '115,116,117,118', 1, 1, '2021-02-04 13:07:39', '2021-02-05 18:00:49'),
(148, '36', 99, 0, '0', 'ib-099-white', '119,120,121,122,123', 1, 1, '2021-02-04 13:07:39', '2021-02-06 15:09:05'),
(149, '34', 99, 0, '0', 'ib-099-blue', '', 0, 1, '2021-02-04 13:07:39', '2021-02-06 15:09:05'),
(150, '35', 99, 0, '0', 'ib-099-black', '', 0, 1, '2021-02-04 13:07:39', '2021-02-06 15:09:05'),
(151, '34', 100, 0, '0', 'ib-100-blue', '124,125,126,127,128', 1, 1, '2021-02-04 13:07:39', '2021-04-01 11:42:07'),
(152, '39', 100, 0, '0', 'ib-100-grey', '', 0, 1, '2021-02-04 13:07:39', '2021-04-01 11:42:07'),
(153, '35', 100, 0, '0', 'ib-100-black', '', 0, 1, '2021-02-04 13:07:39', '2021-04-01 11:42:07'),
(154, '34', 101, 0, '0', 'ib-101-blue', '129,130,131,132,133', 1, 1, '2021-02-04 13:07:39', '2021-02-05 16:25:46'),
(155, '39', 101, 0, '0', 'ib-101-grey', '', 0, 1, '2021-02-04 13:07:39', '2021-02-05 16:25:46'),
(156, '35', 101, 0, '0', 'ib-101-black', '', 0, 1, '2021-02-04 13:07:39', '2021-02-05 16:25:46'),
(157, '36', 102, 0, '0', 'ib-102-white', '', 0, 1, '2021-02-04 13:07:39', '2021-02-05 18:00:02'),
(158, '35', 102, 0, '0', 'ib-102-black', '134,135,136,137', 1, 1, '2021-02-04 13:07:39', '2021-02-05 18:00:02'),
(159, '35', 103, 0, '0', 'ib-103-black', '159,160,161,162', 1, 1, '2021-02-04 13:07:39', '2021-02-05 16:26:24'),
(160, '35', 104, 0, '0', 'ib-104-black', '252', 1, 1, '2021-02-04 13:07:39', '2021-02-05 18:59:49'),
(161, '36', 105, 0, '0', 'ib-105-white', '256,259,257,258', 1, 1, '2021-02-04 13:07:39', '2021-02-05 16:28:13'),
(162, '36', 106, 0, '0', 'ib-106-white', '260,261,262,263', 1, 1, '2021-02-04 13:07:39', '2021-02-05 16:28:32'),
(163, '35', 45, 0, '', '', '321,322,323,324', 1, 1, '2021-02-08 12:00:59', '2021-02-08 12:01:42'),
(164, '36', 36, 0, '', '', '221,222,223,224', 1, 1, '2021-02-08 12:05:19', '2021-02-08 12:05:39'),
(165, '35', 69, 0, '', '', '142,143,144,145', 1, 1, '2021-02-08 12:31:14', '2021-02-08 12:31:40'),
(166, '37', 62, 0, '', '', '490,491,81,82', 0, 1, '2021-02-08 12:37:46', '2021-02-08 12:47:21'),
(167, '38', 62, 0, '', '', '77,78,79,80', 1, 1, '2021-02-08 12:37:46', '2021-02-08 12:47:21'),
(168, '36', 66, 0, '', '', '499,496,500', 0, 1, '2021-02-08 12:49:35', '2021-02-08 12:55:24'),
(169, '37', 66, 0, '', '', '97,98,99,100', 1, 1, '2021-02-08 12:49:35', '2021-02-08 12:55:24'),
(170, '33', 88, 0, '', '', '297,298,299,300,301', 1, 1, '2021-02-08 13:04:32', '2021-03-26 17:14:54');

-- --------------------------------------------------------

--
-- Table structure for table `kr_product_attr_combi_opt`
--

CREATE TABLE `kr_product_attr_combi_opt` (
  `combi_opt_id` bigint(20) NOT NULL,
  `optionId` varchar(255) NOT NULL,
  `product_id` int(11) DEFAULT NULL,
  `IsActive` tinyint(1) NOT NULL,
  `createdDate` datetime NOT NULL,
  `modifiedDate` datetime NOT NULL
) ENGINE=InnoDB DEFAULT CHARSET=latin1;

--
-- Dumping data for table `kr_product_attr_combi_opt`
--

INSERT INTO `kr_product_attr_combi_opt` (`combi_opt_id`, `optionId`, `product_id`, `IsActive`, `createdDate`, `modifiedDate`) VALUES
(1, '20', 2, 0, '2021-02-04 18:04:18', '2021-02-05 16:35:16'),
(2, '20', 5, 0, '2021-02-04 18:18:01', '2021-03-27 10:43:15'),
(3, '20', 6, 0, '2021-02-04 18:20:14', '2021-02-05 17:19:51'),
(4, '20', 7, 0, '2021-02-04 18:22:24', '2021-02-05 17:21:17'),
(5, '20', 8, 0, '2021-02-04 18:23:29', '2021-02-05 17:26:10'),
(6, '20', 9, 0, '2021-02-04 18:24:30', '2021-04-10 15:04:59'),
(7, '20', 10, 0, '2021-02-04 18:25:35', '2021-02-05 16:28:51'),
(8, '20', 4, 0, '2021-02-04 18:26:48', '2021-02-05 18:11:50'),
(9, '20', 11, 0, '2021-02-04 18:27:28', '2021-02-05 16:29:19'),
(10, '20', 12, 0, '2021-02-04 18:30:31', '2021-02-05 16:29:50'),
(11, '20', 13, 0, '2021-02-04 18:31:51', '2021-02-05 16:24:00'),
(12, '20', 16, 0, '2021-02-04 18:34:03', '2021-02-05 16:30:31'),
(13, '20', 58, 0, '2021-02-04 18:54:37', '2021-02-05 16:41:29'),
(14, '20', 59, 0, '2021-02-04 18:55:28', '2021-02-05 17:18:11'),
(15, '20', 60, 0, '2021-02-04 18:55:47', '2021-02-05 17:18:41'),
(16, '20', 61, 0, '2021-02-04 18:56:29', '2021-02-05 17:19:00'),
(17, '20', 62, 0, '2021-02-04 18:57:35', '2021-02-08 12:47:21'),
(18, '20', 63, 0, '2021-02-04 18:59:30', '2021-02-08 12:57:15'),
(19, '20', 64, 0, '2021-02-04 19:00:29', '2021-02-08 12:35:01'),
(20, '20', 65, 0, '2021-02-04 19:01:14', '2021-02-08 12:35:49'),
(21, '20', 66, 0, '2021-02-04 19:02:16', '2021-02-08 12:55:24'),
(22, '20', 67, 0, '2021-02-04 19:03:00', '2021-02-08 13:01:28'),
(23, '20', 93, 0, '2021-02-04 19:06:01', '2021-02-05 17:27:36'),
(24, '20', 94, 0, '2021-02-04 19:07:08', '2021-02-05 17:27:56'),
(25, '20', 98, 0, '2021-02-04 19:08:20', '2021-02-05 18:00:49'),
(26, '20', 99, 0, '2021-02-04 19:08:52', '2021-02-06 15:09:05'),
(27, '20', 100, 0, '2021-02-04 19:09:59', '2021-04-01 11:42:07'),
(28, '20', 101, 0, '2021-02-04 19:10:50', '2021-02-05 16:25:46'),
(29, '20', 102, 0, '2021-02-04 19:11:29', '2021-02-05 18:00:02'),
(30, '20', 68, 0, '2021-02-05 10:19:43', '2021-02-05 17:16:47'),
(31, '20', 69, 0, '2021-02-05 10:21:28', '2021-02-08 12:31:40'),
(32, '20', 70, 0, '2021-02-05 10:27:23', '2021-02-08 12:32:22'),
(33, '20', 71, 0, '2021-02-05 10:29:17', '2021-02-08 12:33:17'),
(34, '20', 72, 0, '2021-02-05 10:30:38', '2021-02-05 17:20:36'),
(35, '20', 103, 0, '2021-02-05 10:32:39', '2021-02-05 16:26:24'),
(36, '20', 76, 0, '2021-02-05 10:34:17', '2021-04-26 12:58:36'),
(37, '20', 77, 0, '2021-02-05 10:35:12', '2021-04-26 12:50:33'),
(38, '20', 78, 0, '2021-02-05 10:36:26', '2021-03-26 17:39:19'),
(39, '20', 79, 0, '2021-02-05 10:37:17', '2021-03-26 17:38:00'),
(40, '20', 80, 0, '2021-02-05 10:40:52', '2021-03-26 17:43:34'),
(41, '20', 28, 0, '2021-02-05 10:43:59', '2021-02-05 16:34:40'),
(42, '20', 29, 0, '2021-02-05 10:45:23', '2021-02-05 16:35:01'),
(43, '20', 30, 0, '2021-02-05 10:46:20', '2021-02-05 16:35:35'),
(44, '20', 31, 0, '2021-02-05 10:46:54', '2021-02-05 16:35:53'),
(45, '20', 32, 0, '2021-02-05 10:49:47', '2021-02-05 16:36:12'),
(46, '20', 33, 0, '2021-02-05 10:52:06', '2021-02-05 16:36:31'),
(47, '20', 34, 0, '2021-02-05 10:52:32', '2021-02-05 16:36:51'),
(48, '20', 35, 0, '2021-02-05 10:53:42', '2021-02-08 14:35:11'),
(49, '20', 36, 0, '2021-02-05 10:58:57', '2021-02-08 12:05:39'),
(50, '20', 37, 0, '2021-02-05 10:59:41', '2021-02-05 16:37:36'),
(51, '20', 38, 0, '2021-02-05 11:03:03', '2021-02-08 11:27:04'),
(52, '20', 39, 0, '2021-02-05 11:03:32', '2021-02-05 16:38:29'),
(53, '20', 40, 0, '2021-02-05 11:03:56', '2021-02-05 16:38:48'),
(54, '20', 41, 0, '2021-02-05 11:04:43', '2021-02-05 16:39:05'),
(55, '20', 42, 0, '2021-02-05 11:05:54', '2021-02-05 16:39:30'),
(56, '20', 104, 0, '2021-02-05 11:07:08', '2021-02-05 18:59:49'),
(57, '20', 105, 0, '2021-02-05 11:07:48', '2021-02-05 16:28:13'),
(58, '20', 106, 0, '2021-02-05 11:08:40', '2021-02-05 16:28:32'),
(59, '20', 81, 0, '2021-02-05 11:09:36', '2021-03-26 17:17:53'),
(60, '20', 82, 0, '2021-02-05 11:09:56', '2021-03-26 17:19:06'),
(61, '20', 83, 0, '2021-02-05 11:10:14', '2021-03-26 17:20:26'),
(62, '20', 84, 0, '2021-02-05 11:10:46', '2021-03-26 17:21:19'),
(63, '20', 85, 0, '2021-02-05 11:12:13', '2021-02-05 17:23:44'),
(64, '20', 86, 0, '2021-02-05 11:12:39', '2021-02-05 17:24:15'),
(65, '20', 87, 0, '2021-02-05 11:13:21', '2021-02-05 17:24:50'),
(66, '20', 88, 0, '2021-02-05 11:13:57', '2021-03-26 17:14:54'),
(67, '20', 89, 0, '2021-02-05 11:14:44', '2021-03-27 10:43:47'),
(68, '20', 90, 0, '2021-02-05 11:15:09', '2021-03-27 10:46:16'),
(69, '20', 91, 0, '2021-02-05 11:15:41', '2021-03-26 17:13:06'),
(70, '20', 92, 0, '2021-02-05 11:16:41', '2021-03-26 17:16:14'),
(71, '20', 45, 0, '2021-02-05 11:20:20', '2021-02-08 12:01:42'),
(72, '20', 46, 0, '2021-02-05 11:21:49', '2021-02-05 16:40:27'),
(73, '20', 47, 0, '2021-02-05 11:22:11', '2021-02-05 16:40:44'),
(74, '20', 48, 0, '2021-02-05 11:23:33', '2021-02-05 16:41:05'),
(75, '20', 49, 0, '2021-02-05 11:23:55', '2021-02-05 16:44:15'),
(76, '20', 50, 0, '2021-02-05 11:24:49', '2021-02-08 14:35:30'),
(77, '20', 51, 0, '2021-02-05 11:25:26', '2021-02-05 16:43:52'),
(78, '20', 52, 0, '2021-02-05 11:25:49', '2021-02-08 11:59:06'),
(79, '20', 53, 0, '2021-02-05 11:26:17', '2021-02-05 16:43:00'),
(80, '20', 54, 0, '2021-02-05 11:26:40', '2021-02-05 16:42:39'),
(81, '20', 55, 0, '2021-02-05 11:27:01', '2021-02-08 12:03:08'),
(82, '20', 56, 0, '2021-02-05 11:27:34', '2021-02-05 16:41:55'),
(83, '20', 17, 0, '2021-02-05 11:29:51', '2021-02-05 16:30:53'),
(84, '20', 18, 0, '2021-02-05 11:30:12', '2021-02-05 16:31:12'),
(85, '20', 19, 0, '2021-02-05 11:31:19', '2021-02-05 16:31:37'),
(86, '20', 20, 0, '2021-02-05 11:31:36', '2021-02-05 16:31:55'),
(87, '20', 21, 0, '2021-02-05 11:32:18', '2021-02-08 14:34:52'),
(88, '20', 22, 0, '2021-02-05 11:32:57', '2021-02-05 16:32:31'),
(89, '20', 23, 0, '2021-02-05 11:33:28', '2021-02-05 16:32:53'),
(90, '20', 24, 0, '2021-02-05 11:33:48', '2021-02-05 16:33:11'),
(91, '20', 25, 0, '2021-02-05 11:34:16', '2021-02-05 16:33:29'),
(92, '20', 26, 0, '2021-02-05 11:34:34', '2021-02-05 16:33:57'),
(93, '20', 27, 0, '2021-02-05 11:35:24', '2021-02-05 16:34:20'),
(94, '20', 73, 0, '2021-02-05 11:37:17', '2021-03-24 17:07:08'),
(95, '20', 74, 0, '2021-02-05 11:37:36', '2021-03-25 11:56:20'),
(96, '20', 75, 0, '2021-02-05 11:37:53', '2021-03-26 17:53:40'),
(97, '20', 44, 0, '2021-02-05 11:40:02', '2021-02-05 16:39:47'),
(98, '20', 14, 0, '2021-02-05 11:42:17', '2021-02-05 16:30:13'),
(99, '20', 95, 0, '2021-02-05 11:56:42', '2021-02-05 17:15:58'),
(100, '20', 96, 0, '2021-02-05 11:56:58', '2021-02-05 17:15:15'),
(101, '20', 97, 0, '2021-02-05 11:57:14', '2021-02-05 17:15:36'),
(102, '20', 15, 0, '2021-02-08 14:38:00', '2021-02-08 14:38:22'),
(103, '20', 43, 0, '2021-02-08 14:40:25', '2021-02-08 14:41:20'),
(104, '', 0, 0, '2021-02-09 15:02:39', '2021-02-09 15:02:39'),
(105, '', 107, 0, '2021-02-13 18:16:48', '2021-02-13 18:16:48'),
(106, '20', 1, 0, '2021-02-19 16:53:49', '2021-02-19 17:15:14');

-- --------------------------------------------------------

--
-- Table structure for table `kr_product_attr_dropdwid`
--

CREATE TABLE `kr_product_attr_dropdwid` (
  `attr_dropdwid` int(11) NOT NULL,
  `product_id` int(11) DEFAULT NULL,
  `attribute_id` int(11) DEFAULT NULL,
  `dropdown_id` int(11) DEFAULT NULL,
  `IsActive` tinyint(1) NOT NULL,
  `createdDate` datetime NOT NULL,
  `modifiedDate` datetime NOT NULL
) ENGINE=InnoDB DEFAULT CHARSET=latin1;

-- --------------------------------------------------------

--
-- Table structure for table `kr_product_attr_varchar`
--

CREATE TABLE `kr_product_attr_varchar` (
  `attr_varchar_id` int(11) NOT NULL,
  `product_id` int(11) DEFAULT NULL,
  `attribute_id` int(11) DEFAULT NULL,
  `attribute_value` text NOT NULL,
  `IsActive` tinyint(1) NOT NULL DEFAULT '1',
  `createdDate` datetime NOT NULL,
  `modifiedDate` datetime NOT NULL
) ENGINE=InnoDB DEFAULT CHARSET=latin1;

-- --------------------------------------------------------

--
-- Table structure for table `kr_product_categoryid`
--

CREATE TABLE `kr_product_categoryid` (
  `product_catiid` int(11) NOT NULL,
  `product_id` int(11) DEFAULT NULL,
  `categoryID` int(11) DEFAULT NULL,
  `IsActive` int(11) NOT NULL,
  `UserId` int(11) NOT NULL,
  `createdDate` datetime NOT NULL,
  `modifiedDate` datetime NOT NULL
) ENGINE=InnoDB DEFAULT CHARSET=latin1;

--
-- Dumping data for table `kr_product_categoryid`
--

INSERT INTO `kr_product_categoryid` (`product_catiid`, `product_id`, `categoryID`, `IsActive`, `UserId`, `createdDate`, `modifiedDate`) VALUES
(1, 1, 2, 1, 17, '2021-02-04 13:07:39', '2021-02-19 17:15:14'),
(2, 2, 3, 1, 17, '2021-02-04 13:07:39', '2021-02-05 16:35:16'),
(3, 3, 4, 1, 1, '2021-02-04 13:07:39', '2021-02-04 13:07:39'),
(4, 4, 6, 1, 17, '2021-02-04 13:07:39', '2021-02-05 18:11:50'),
(5, 5, 8, 1, 17, '2021-02-04 13:07:39', '2021-03-27 10:43:15'),
(6, 6, 10, 1, 17, '2021-02-04 13:07:39', '2021-02-05 17:19:51'),
(7, 7, 11, 1, 17, '2021-02-04 13:07:39', '2021-02-05 17:21:17'),
(8, 8, 12, 1, 17, '2021-02-04 13:07:39', '2021-02-05 17:26:10'),
(9, 9, 13, 1, 1, '2021-02-04 13:07:39', '2021-04-10 15:04:59'),
(10, 10, 15, 1, 17, '2021-02-04 13:07:39', '2021-02-05 16:28:51'),
(11, 11, 16, 1, 17, '2021-02-04 13:07:39', '2021-02-05 16:29:19'),
(12, 12, 17, 1, 17, '2021-02-04 13:07:39', '2021-02-05 16:29:50'),
(13, 13, 18, 1, 17, '2021-02-04 13:07:39', '2021-02-05 16:24:00'),
(14, 14, 19, 1, 17, '2021-02-04 13:07:39', '2021-02-05 16:30:13'),
(15, 15, 22, 1, 17, '2021-02-04 13:07:39', '2021-02-08 14:38:22'),
(16, 16, 22, 1, 17, '2021-02-04 13:07:39', '2021-02-05 16:30:31'),
(17, 17, 22, 1, 17, '2021-02-04 13:07:39', '2021-02-05 16:30:53'),
(18, 18, 22, 1, 17, '2021-02-04 13:07:39', '2021-02-05 16:31:12'),
(19, 19, 22, 1, 17, '2021-02-04 13:07:39', '2021-02-05 16:31:37'),
(20, 20, 22, 1, 17, '2021-02-04 13:07:39', '2021-02-05 16:31:55'),
(21, 21, 22, 1, 17, '2021-02-04 13:07:39', '2021-02-08 14:34:52'),
(22, 22, 22, 1, 17, '2021-02-04 13:07:39', '2021-02-05 16:32:31'),
(23, 23, 22, 1, 17, '2021-02-04 13:07:39', '2021-02-05 16:32:53'),
(24, 24, 22, 1, 17, '2021-02-04 13:07:39', '2021-02-05 16:33:11'),
(25, 25, 22, 1, 17, '2021-02-04 13:07:39', '2021-02-05 16:33:29'),
(26, 26, 22, 1, 17, '2021-02-04 13:07:39', '2021-02-05 16:33:57'),
(27, 27, 22, 1, 17, '2021-02-04 13:07:39', '2021-02-05 16:34:20'),
(28, 28, 15, 1, 17, '2021-02-04 13:07:39', '2021-02-05 16:34:40'),
(29, 29, 15, 1, 17, '2021-02-04 13:07:39', '2021-02-05 16:35:01'),
(30, 30, 15, 1, 17, '2021-02-04 13:07:39', '2021-02-05 16:35:35'),
(31, 31, 15, 1, 17, '2021-02-04 13:07:39', '2021-02-05 16:35:53'),
(32, 32, 15, 1, 17, '2021-02-04 13:07:39', '2021-02-05 16:36:12'),
(33, 33, 15, 1, 17, '2021-02-04 13:07:39', '2021-02-05 16:36:31'),
(34, 34, 15, 1, 17, '2021-02-04 13:07:39', '2021-02-05 16:36:51'),
(35, 35, 15, 1, 17, '2021-02-04 13:07:39', '2021-02-08 14:35:11'),
(36, 36, 15, 1, 17, '2021-02-04 13:07:39', '2021-02-08 12:05:39'),
(37, 37, 15, 1, 17, '2021-02-04 13:07:39', '2021-02-05 16:37:36'),
(38, 38, 15, 1, 17, '2021-02-04 13:07:39', '2021-02-08 11:27:04'),
(39, 39, 15, 1, 17, '2021-02-04 13:07:39', '2021-02-05 16:38:29'),
(40, 40, 15, 1, 17, '2021-02-04 13:07:39', '2021-02-05 16:38:48'),
(41, 41, 15, 1, 17, '2021-02-04 13:07:39', '2021-02-05 16:39:05'),
(42, 42, 15, 1, 17, '2021-02-04 13:07:39', '2021-02-05 16:39:30'),
(43, 43, 16, 1, 17, '2021-02-04 13:07:39', '2021-02-08 14:41:20'),
(44, 44, 16, 1, 17, '2021-02-04 13:07:39', '2021-02-05 16:39:47'),
(45, 45, 16, 1, 17, '2021-02-04 13:07:39', '2021-02-08 12:01:42'),
(46, 46, 16, 1, 17, '2021-02-04 13:07:39', '2021-02-05 16:40:27'),
(47, 47, 16, 1, 17, '2021-02-04 13:07:39', '2021-02-05 16:40:44'),
(48, 48, 16, 1, 17, '2021-02-04 13:07:39', '2021-02-05 16:41:05'),
(49, 49, 16, 1, 17, '2021-02-04 13:07:39', '2021-02-05 16:44:15'),
(50, 50, 16, 1, 17, '2021-02-04 13:07:39', '2021-02-08 14:35:30'),
(51, 51, 16, 1, 17, '2021-02-04 13:07:39', '2021-02-05 16:43:52'),
(52, 52, 16, 1, 17, '2021-02-04 13:07:39', '2021-02-08 11:59:06'),
(53, 53, 16, 1, 17, '2021-02-04 13:07:39', '2021-02-05 16:43:00'),
(54, 54, 16, 1, 17, '2021-02-04 13:07:39', '2021-02-05 16:42:39'),
(55, 55, 16, 1, 17, '2021-02-04 13:07:39', '2021-02-08 12:03:08'),
(56, 56, 16, 1, 17, '2021-02-04 13:07:39', '2021-02-05 16:41:55'),
(57, 57, 18, 1, 1, '2021-02-04 13:07:39', '2021-02-04 13:07:39'),
(58, 58, 23, 1, 17, '2021-02-04 13:07:39', '2021-02-05 16:41:29'),
(59, 59, 23, 1, 17, '2021-02-04 13:07:39', '2021-02-05 17:18:11'),
(60, 60, 23, 1, 17, '2021-02-04 13:07:39', '2021-02-05 17:18:41'),
(61, 61, 23, 1, 17, '2021-02-04 13:07:39', '2021-02-05 17:19:00'),
(62, 62, 23, 1, 17, '2021-02-04 13:07:39', '2021-02-08 12:47:21'),
(63, 63, 23, 1, 17, '2021-02-04 13:07:39', '2021-02-08 12:57:15'),
(64, 64, 23, 1, 17, '2021-02-04 13:07:39', '2021-02-08 12:35:01'),
(65, 65, 23, 1, 17, '2021-02-04 13:07:39', '2021-02-08 12:35:49'),
(66, 66, 23, 1, 17, '2021-02-04 13:07:39', '2021-02-08 12:55:24'),
(67, 67, 23, 1, 17, '2021-02-04 13:07:39', '2021-02-08 13:01:28'),
(68, 68, 17, 1, 17, '2021-02-04 13:07:39', '2021-02-05 17:16:47'),
(69, 69, 17, 1, 17, '2021-02-04 13:07:39', '2021-02-08 12:31:40'),
(70, 70, 17, 1, 17, '2021-02-04 13:07:39', '2021-02-08 12:32:22'),
(71, 71, 17, 1, 17, '2021-02-04 13:07:39', '2021-02-08 12:33:17'),
(72, 72, 17, 1, 17, '2021-02-04 13:07:39', '2021-02-05 17:20:36'),
(73, 73, 24, 1, 17, '2021-02-04 13:07:39', '2021-03-24 17:07:08'),
(74, 74, 24, 1, 17, '2021-02-04 13:07:39', '2021-03-25 11:56:20'),
(75, 75, 24, 1, 17, '2021-02-04 13:07:39', '2021-03-26 17:53:40'),
(76, 76, 13, 1, 17, '2021-02-04 13:07:39', '2021-04-26 12:58:36'),
(77, 77, 13, 1, 17, '2021-02-04 13:07:39', '2021-04-26 12:50:33'),
(78, 78, 25, 1, 17, '2021-02-04 13:07:39', '2021-03-26 17:39:19'),
(79, 79, 25, 1, 17, '2021-02-04 13:07:39', '2021-03-26 17:38:00'),
(80, 80, 25, 1, 17, '2021-02-04 13:07:39', '2021-03-26 17:43:34'),
(81, 81, 8, 1, 17, '2021-02-04 13:07:39', '2021-03-26 17:17:53'),
(82, 82, 8, 1, 17, '2021-02-04 13:07:39', '2021-03-26 17:19:06'),
(83, 83, 8, 1, 17, '2021-02-04 13:07:39', '2021-03-26 17:20:26'),
(84, 84, 8, 1, 17, '2021-02-04 13:07:39', '2021-03-26 17:21:19'),
(85, 85, 8, 1, 17, '2021-02-04 13:07:39', '2021-02-05 17:23:44'),
(86, 86, 8, 1, 17, '2021-02-04 13:07:39', '2021-02-05 17:24:15'),
(87, 87, 8, 1, 17, '2021-02-04 13:07:39', '2021-02-05 17:24:50'),
(88, 88, 8, 1, 17, '2021-02-04 13:07:39', '2021-03-26 17:14:54'),
(89, 89, 8, 1, 17, '2021-02-04 13:07:39', '2021-03-27 10:43:47'),
(90, 90, 8, 1, 17, '2021-02-04 13:07:39', '2021-03-27 10:46:16'),
(91, 91, 8, 1, 17, '2021-02-04 13:07:39', '2021-03-26 17:13:06'),
(92, 92, 8, 1, 17, '2021-02-04 13:07:39', '2021-03-26 17:16:14'),
(93, 93, 26, 1, 17, '2021-02-04 13:07:39', '2021-02-05 17:27:36'),
(94, 94, 26, 1, 17, '2021-02-04 13:07:39', '2021-02-05 17:27:56'),
(95, 95, 8, 1, 17, '2021-02-04 13:07:39', '2021-02-05 17:15:58'),
(96, 96, 8, 1, 17, '2021-02-04 13:07:39', '2021-02-05 17:15:15'),
(97, 97, 8, 1, 17, '2021-02-04 13:07:39', '2021-02-05 17:15:36'),
(98, 98, 10, 1, 17, '2021-02-04 13:07:39', '2021-02-05 18:00:49'),
(99, 99, 10, 1, 17, '2021-02-04 13:07:39', '2021-02-06 15:09:05'),
(100, 100, 10, 1, 1, '2021-02-04 13:07:39', '2021-04-01 11:42:07'),
(101, 101, 10, 1, 17, '2021-02-04 13:07:39', '2021-02-05 16:25:46'),
(102, 102, 10, 1, 17, '2021-02-04 13:07:39', '2021-02-05 18:00:02'),
(103, 103, 10, 1, 17, '2021-02-04 13:07:39', '2021-02-05 16:26:24'),
(104, 104, 11, 1, 17, '2021-02-04 13:07:39', '2021-02-05 18:59:49'),
(105, 105, 11, 1, 17, '2021-02-04 13:07:39', '2021-02-05 16:28:13'),
(106, 106, 11, 1, 17, '2021-02-04 13:07:39', '2021-02-05 16:28:32'),
(107, 4, 5, 1, 17, '2021-02-04 18:26:48', '2021-02-05 18:11:50'),
(108, 14, 29, 1, 17, '2021-02-05 11:42:17', '2021-02-05 16:30:13'),
(109, 107, 1, 1, 17, '2021-02-09 15:02:39', '2021-02-13 18:16:48'),
(110, 107, 2, 1, 17, '2021-02-09 15:02:39', '2021-02-13 18:16:48'),
(111, 107, 3, 1, 17, '2021-02-09 15:02:39', '2021-02-13 18:16:48'),
(112, 107, 28, 1, 17, '2021-02-09 15:02:39', '2021-02-13 18:16:48'),
(113, 107, 28, 1, 1, '2021-02-09 15:02:39', '2021-02-09 15:02:39');

-- --------------------------------------------------------

--
-- Table structure for table `kr_product_feature`
--

CREATE TABLE `kr_product_feature` (
  `featureid` int(11) NOT NULL,
  `product_id` int(11) NOT NULL,
  `themeid` int(11) NOT NULL,
  `bannertitle` varchar(255) NOT NULL,
  `bannerimage` text NOT NULL,
  `bannerlinar` text NOT NULL,
  `userid` int(11) NOT NULL,
  `mspecificationtitle` text NOT NULL,
  `mspecificationdesc` text NOT NULL,
  `IsActive` int(11) NOT NULL,
  `CreatedDate` datetime NOT NULL,
  `ModifiedDate` datetime NOT NULL DEFAULT CURRENT_TIMESTAMP
) ENGINE=MyISAM DEFAULT CHARSET=latin1;

--
-- Dumping data for table `kr_product_feature`
--

INSERT INTO `kr_product_feature` (`featureid`, `product_id`, `themeid`, `bannertitle`, `bannerimage`, `bannerlinar`, `userid`, `mspecificationtitle`, `mspecificationdesc`, `IsActive`, `CreatedDate`, `ModifiedDate`) VALUES
(1, 9, 2, 'Boom Lite', '16147584332Bluetooth_Speaker_01_(1).jpg', 'Big Beats On The Go', 17, '<h1 class=\"text-center text-uppercase\">More Power<br>\r\n          Even Less Noise</h1>', '<p>test description<br></p>', 1, '2021-03-03 13:30:33', '2021-04-26 13:00:39'),
(2, 76, 3, 'Boom Pro', '16147779919Inbase_Boom_Lite_Poster_05.jpg', 'Big Music On The Go', 1, '', '', 1, '2021-03-03 18:56:31', '2021-03-12 13:56:56');

-- --------------------------------------------------------

--
-- Table structure for table `kr_product_images`
--

CREATE TABLE `kr_product_images` (
  `product_img_id` int(11) NOT NULL,
  `product_id` int(11) NOT NULL,
  `sku` varchar(100) NOT NULL,
  `img_path` varchar(500) NOT NULL,
  `isthumbdefault` tinyint(1) NOT NULL,
  `ismediumdefault` tinyint(1) NOT NULL,
  `isbasedefault` tinyint(1) NOT NULL,
  `ordering` int(11) NOT NULL,
  `IsActive` tinyint(1) NOT NULL,
  `createdDate` datetime NOT NULL,
  `modifiedDate` datetime NOT NULL
) ENGINE=InnoDB DEFAULT CHARSET=latin1;

--
-- Dumping data for table `kr_product_images`
--

INSERT INTO `kr_product_images` (`product_img_id`, `product_id`, `sku`, `img_path`, `isthumbdefault`, `ismediumdefault`, `isbasedefault`, `ordering`, `IsActive`, `createdDate`, `modifiedDate`) VALUES
(1, 2, 'Universal Bike Mount', '2_0_1612442058.jpg', 0, 0, 0, 1, 1, '2021-02-04 18:04:18', '2021-02-04 18:04:18'),
(2, 2, 'Universal Bike Mount', '2_1_1612442059.jpg', 0, 0, 0, 2, 1, '2021-02-04 18:04:18', '2021-02-04 18:04:18'),
(3, 2, 'Universal Bike Mount', '2_2_1612442059.jpg', 0, 0, 0, 3, 1, '2021-02-04 18:04:18', '2021-02-04 18:04:18'),
(4, 2, 'Universal Bike Mount', '2_3_1612442059.jpg', 0, 0, 0, 4, 1, '2021-02-04 18:04:18', '2021-02-04 18:04:18'),
(5, 5, 'M5', '5_0_1612442881.jpg', 0, 0, 0, 1, 1, '2021-02-04 18:18:01', '2021-02-04 18:18:01'),
(6, 5, 'M5', '5_1_1612442881.JPG', 0, 0, 0, 2, 1, '2021-02-04 18:18:01', '2021-02-04 18:18:01'),
(7, 5, 'M5', '5_2_1612442881.JPG', 0, 0, 0, 3, 1, '2021-02-04 18:18:01', '2021-02-04 18:18:01'),
(8, 5, 'M5', '5_3_1612442881.JPG', 0, 0, 0, 4, 1, '2021-02-04 18:18:01', '2021-02-04 18:18:01'),
(10, 6, '01.', '6_0_1612443014.JPG', 0, 0, 0, 1, 1, '2021-02-04 18:20:14', '2021-02-04 18:20:14'),
(11, 6, '02', '6_1_1612443014.jpg', 0, 0, 0, 2, 1, '2021-02-04 18:20:14', '2021-02-04 18:20:14'),
(12, 6, '03', '6_2_1612443014.jpg', 0, 0, 0, 3, 1, '2021-02-04 18:20:14', '2021-02-04 18:20:14'),
(13, 6, '07', '6_3_1612443014.jpg', 0, 0, 0, 4, 1, '2021-02-04 18:20:14', '2021-02-04 18:20:14'),
(14, 7, 'PD QC Home Charger', '7_0_1612443144.jpg', 0, 0, 0, 1, 1, '2021-02-04 18:22:24', '2021-02-04 18:22:24'),
(15, 7, 'PD QC Home Charger', '7_1_1612443144.jpg', 0, 0, 0, 2, 1, '2021-02-04 18:22:24', '2021-02-04 18:22:24'),
(16, 7, 'PD QC Home Charger', '7_2_1612443144.jpg', 0, 0, 0, 3, 1, '2021-02-04 18:22:24', '2021-02-04 18:22:24'),
(17, 7, 'PD QC Home Charger', '7_3_1612443144.JPG', 0, 0, 0, 4, 1, '2021-02-04 18:22:24', '2021-02-04 18:22:24'),
(18, 8, 'I watch Charger', '8_0_1612443209.JPG', 0, 0, 0, 1, 1, '2021-02-04 18:23:29', '2021-02-04 18:23:29'),
(19, 8, 'I watch Charger', '8_1_1612443209.JPG', 0, 0, 0, 2, 1, '2021-02-04 18:23:29', '2021-02-04 18:23:29'),
(20, 8, 'I watch Charger', '8_2_1612443210.JPG', 0, 0, 0, 3, 1, '2021-02-04 18:23:29', '2021-02-04 18:23:29'),
(21, 8, 'I watch Charger', '8_3_1612443210.jpg', 0, 0, 0, 4, 1, '2021-02-04 18:23:29', '2021-02-04 18:23:29'),
(22, 8, 'I watch Charger', '8_4_1612443210.jpg', 0, 0, 0, 5, 1, '2021-02-04 18:23:29', '2021-02-04 18:23:29'),
(23, 9, 'Inbase Boom Lite - All Colors', '9_0_1612443270.jpg', 0, 0, 0, 1, 1, '2021-02-04 18:24:30', '2021-02-04 18:24:30'),
(25, 9, 'Inbase Boom Lite - Black Color 04', '9_2_1612443270.jpg', 0, 0, 0, 3, 1, '2021-02-04 18:24:30', '2021-02-04 18:24:30'),
(29, 10, 'Type C', '10_0_1612443335.jpg', 0, 0, 0, 1, 1, '2021-02-04 18:25:35', '2021-02-04 18:25:35'),
(30, 10, 'Type C', '10_1_1612443335.jpg', 0, 0, 0, 2, 1, '2021-02-04 18:25:35', '2021-02-04 18:25:35'),
(31, 10, 'Type C', '10_2_1612443336.jpg', 0, 0, 0, 3, 1, '2021-02-04 18:25:35', '2021-02-04 18:25:35'),
(32, 10, 'Type C', '10_3_1612443336.jpg', 0, 0, 0, 4, 1, '2021-02-04 18:25:35', '2021-02-04 18:25:35'),
(33, 4, 'Urban Fit Midnight Black 01', '4_0_1612443408.jpg', 0, 0, 0, 1, 1, '2021-02-04 18:26:48', '2021-02-04 18:26:48'),
(34, 4, 'Urban Fit Midnight Black 02', '4_1_1612443408.jpg', 0, 0, 0, 2, 1, '2021-02-04 18:26:48', '2021-02-04 18:26:48'),
(35, 4, 'Urban Fit Midnight Black 03', '4_2_1612443408.jpg', 0, 0, 0, 3, 1, '2021-02-04 18:26:48', '2021-02-04 18:26:48'),
(36, 4, 'Urban Fit Midnight Black 04', '4_3_1612443409.jpg', 0, 0, 0, 4, 1, '2021-02-04 18:26:48', '2021-02-04 18:26:48'),
(37, 4, 'Urban Fit Midnight Black 07', '4_4_1612443409.jpg', 0, 0, 0, 5, 1, '2021-02-04 18:26:48', '2021-02-04 18:26:48'),
(38, 11, 'Lightning', '11_0_1612443448.jpg', 0, 0, 0, 1, 1, '2021-02-04 18:27:28', '2021-02-04 18:27:28'),
(39, 11, 'Lightning', '11_1_1612443448.jpg', 0, 0, 0, 2, 1, '2021-02-04 18:27:28', '2021-02-04 18:27:28'),
(40, 11, 'Lightning', '11_2_1612443448.jpg', 0, 0, 0, 3, 1, '2021-02-04 18:27:28', '2021-02-04 18:27:28'),
(41, 11, 'Lightning', '11_3_1612443448.jpg', 0, 0, 0, 4, 1, '2021-02-04 18:27:28', '2021-02-04 18:27:28'),
(42, 12, '1', '12_0_1612443631.JPG', 0, 0, 0, 1, 1, '2021-02-04 18:30:31', '2021-02-04 18:30:31'),
(43, 12, '3 in 1 Short 5A Cable 01', '12_1_1612443631.jpg', 0, 0, 0, 2, 1, '2021-02-04 18:30:31', '2021-02-04 18:30:31'),
(44, 12, '3 in 1 Short 5A Cable 02', '12_2_1612443632.jpg', 0, 0, 0, 3, 1, '2021-02-04 18:30:31', '2021-02-04 18:30:31'),
(45, 12, '3 in 1 Short 5A Cable 03', '12_3_1612443632.jpg', 0, 0, 0, 4, 1, '2021-02-04 18:30:31', '2021-02-04 18:30:31'),
(46, 12, '3 in 1 Short 5A Cable 04', '12_4_1612443632.jpg', 0, 0, 0, 5, 1, '2021-02-04 18:30:31', '2021-02-04 18:30:31'),
(47, 12, '3 in 1 Short 5A Cable 05', '12_5_1612443632.jpg', 0, 0, 0, 6, 1, '2021-02-04 18:30:31', '2021-02-04 18:30:31'),
(48, 13, '4', '13_0_1612443711.jpg', 0, 0, 0, 1, 1, '2021-02-04 18:31:51', '2021-02-04 18:31:51'),
(49, 13, '6', '13_1_1612443711.jpg', 0, 0, 0, 2, 1, '2021-02-04 18:31:51', '2021-02-04 18:31:51'),
(50, 13, 'Aux Cable', '13_2_1612443711.JPG', 0, 0, 0, 3, 1, '2021-02-04 18:31:51', '2021-02-04 18:31:51'),
(51, 13, 'Aux Cable', '13_3_1612443711.JPG', 0, 0, 0, 4, 1, '2021-02-04 18:31:51', '2021-02-04 18:31:51'),
(52, 13, 'Aux Cable', '13_4_1612443711.jpg', 0, 0, 0, 5, 1, '2021-02-04 18:31:51', '2021-02-04 18:31:51'),
(53, 16, 'Micro', '16_0_1612443843.jpg', 0, 0, 0, 1, 1, '2021-02-04 18:34:03', '2021-02-04 18:34:03'),
(54, 16, 'Micro', '16_1_1612443843.jpg', 0, 0, 0, 2, 1, '2021-02-04 18:34:03', '2021-02-04 18:34:03'),
(55, 16, 'Micro', '16_2_1612443843.jpg', 0, 0, 0, 3, 1, '2021-02-04 18:34:03', '2021-02-04 18:34:03'),
(56, 16, 'Micro', '16_3_1612443843.jpg', 0, 0, 0, 4, 1, '2021-02-04 18:34:03', '2021-02-04 18:34:03'),
(57, 58, '1', '58_0_1612445077.jpg', 0, 0, 0, 1, 1, '2021-02-04 18:54:37', '2021-02-04 18:54:37'),
(58, 58, '2', '58_1_1612445077.jpg', 0, 0, 0, 2, 1, '2021-02-04 18:54:37', '2021-02-04 18:54:37'),
(59, 58, '3', '58_2_1612445078.jpg', 0, 0, 0, 3, 1, '2021-02-04 18:54:37', '2021-02-04 18:54:37'),
(60, 58, '4', '58_3_1612445078.jpg', 0, 0, 0, 4, 1, '2021-02-04 18:54:37', '2021-02-04 18:54:37'),
(61, 58, 'Inbase Audio Splitter 02', '58_4_1612445078.jpg', 0, 0, 0, 5, 1, '2021-02-04 18:54:37', '2021-02-04 18:54:37'),
(62, 58, 'Inbase Audio Splitter 04', '58_5_1612445078.jpg', 0, 0, 0, 6, 1, '2021-02-04 18:54:37', '2021-02-04 18:54:37'),
(63, 59, 'Inbase Type C to 3.5mm Audio Jack  White Backgound 01', '59_0_1612445128.jpg', 0, 0, 0, 1, 1, '2021-02-04 18:55:28', '2021-02-04 18:55:28'),
(64, 59, 'Inbase Type C to 3.5mm Audio Jack  White Backgound 02', '59_1_1612445128.jpg', 0, 0, 0, 2, 1, '2021-02-04 18:55:28', '2021-02-04 18:55:28'),
(65, 59, 'Inbase Type C to 3.5mm Audio Jack  White Backgound 03', '59_2_1612445128.jpg', 0, 0, 0, 3, 1, '2021-02-04 18:55:28', '2021-02-04 18:55:28'),
(66, 59, 'Inbase Type C to 3.5mm Audio Jack  White Backgound 04', '59_3_1612445128.jpg', 0, 0, 0, 4, 1, '2021-02-04 18:55:28', '2021-02-04 18:55:28'),
(67, 59, 'Inbase Type C to 3.5mm Audio Jack  White Backgound 05', '59_4_1612445128.jpg', 0, 0, 0, 5, 1, '2021-02-04 18:55:28', '2021-02-04 18:55:28'),
(68, 60, 'Inbase Type C to 3.5mm Audio Jack  White Backgound 01', '60_0_1612445147.jpg', 0, 0, 0, 1, 1, '2021-02-04 18:55:47', '2021-02-04 18:55:47'),
(69, 60, 'Inbase Type C to 3.5mm Audio Jack  White Backgound 02', '60_1_1612445147.jpg', 0, 0, 0, 2, 1, '2021-02-04 18:55:47', '2021-02-04 18:55:47'),
(70, 60, 'Inbase Type C to 3.5mm Audio Jack  White Backgound 03', '60_2_1612445147.jpg', 0, 0, 0, 3, 1, '2021-02-04 18:55:47', '2021-02-04 18:55:47'),
(71, 60, 'Inbase Type C to 3.5mm Audio Jack  White Backgound 04', '60_3_1612445147.jpg', 0, 0, 0, 4, 1, '2021-02-04 18:55:47', '2021-02-04 18:55:47'),
(72, 60, 'Inbase Type C to 3.5mm Audio Jack  White Backgound 05', '60_4_1612445147.jpg', 0, 0, 0, 5, 1, '2021-02-04 18:55:47', '2021-02-04 18:55:47'),
(73, 61, '1', '61_0_1612445189.jpg', 0, 0, 0, 1, 1, '2021-02-04 18:56:29', '2021-02-04 18:56:29'),
(74, 61, '2', '61_1_1612445189.jpg', 0, 0, 0, 2, 1, '2021-02-04 18:56:29', '2021-02-04 18:56:29'),
(75, 61, '3', '61_2_1612445189.jpg', 0, 0, 0, 3, 1, '2021-02-04 18:56:29', '2021-02-04 18:56:29'),
(76, 61, '4', '61_3_1612445189.jpg', 0, 0, 0, 4, 1, '2021-02-04 18:56:29', '2021-02-04 18:56:29'),
(77, 62, 'Gold', '62_0_1612445255.jpg', 0, 0, 0, 1, 1, '2021-02-04 18:57:35', '2021-02-04 18:57:35'),
(78, 62, 'Gold', '62_1_1612445255.jpg', 0, 0, 0, 2, 1, '2021-02-04 18:57:35', '2021-02-04 18:57:35'),
(79, 62, 'Gold', '62_2_1612445255.jpg', 0, 0, 0, 3, 1, '2021-02-04 18:57:35', '2021-02-04 18:57:35'),
(80, 62, 'Gold', '62_3_1612445256.jpg', 0, 0, 0, 4, 1, '2021-02-04 18:57:35', '2021-02-04 18:57:35'),
(81, 62, 'RoseGold', '62_4_1612445256.jpg', 0, 0, 0, 5, 1, '2021-02-04 18:57:35', '2021-02-04 18:57:35'),
(82, 62, 'RoseGold', '62_5_1612445256.jpg', 0, 0, 0, 6, 1, '2021-02-04 18:57:35', '2021-02-04 18:57:35'),
(83, 62, 'Silver', '62_6_1612445256.JPG', 0, 0, 0, 7, 1, '2021-02-04 18:57:35', '2021-02-04 18:57:35'),
(84, 63, '1', '63_0_1612445370.JPG', 0, 0, 0, 1, 1, '2021-02-04 18:59:30', '2021-02-04 18:59:30'),
(85, 63, '2', '63_1_1612445370.JPG', 0, 0, 0, 2, 1, '2021-02-04 18:59:30', '2021-02-04 18:59:30'),
(86, 63, '3', '63_2_1612445370.JPG', 0, 0, 0, 3, 1, '2021-02-04 18:59:30', '2021-02-04 18:59:30'),
(87, 63, '4', '63_3_1612445371.jpg', 0, 0, 0, 4, 1, '2021-02-04 18:59:30', '2021-02-04 18:59:30'),
(88, 64, '1 (1)', '64_0_1612445430.jpg', 0, 0, 0, 1, 1, '2021-02-04 19:00:30', '2021-02-04 19:00:30'),
(89, 64, '2', '64_1_1612445430.jpg', 0, 0, 0, 2, 1, '2021-02-04 19:00:30', '2021-02-04 19:00:30'),
(90, 64, '3', '64_2_1612445430.jpg', 0, 0, 0, 3, 1, '2021-02-04 19:00:30', '2021-02-04 19:00:30'),
(91, 64, '5', '64_3_1612445430.jpg', 0, 0, 0, 4, 1, '2021-02-04 19:00:30', '2021-02-04 19:00:30'),
(92, 64, '6', '64_4_1612445430.jpg', 0, 0, 0, 5, 1, '2021-02-04 19:00:30', '2021-02-04 19:00:30'),
(93, 65, '1 (1)', '65_0_1612445474.jpg', 0, 0, 0, 1, 1, '2021-02-04 19:01:14', '2021-02-04 19:01:14'),
(94, 65, '2', '65_1_1612445474.jpg', 0, 0, 0, 2, 1, '2021-02-04 19:01:14', '2021-02-04 19:01:14'),
(95, 65, '3', '65_2_1612445474.jpg', 0, 0, 0, 3, 1, '2021-02-04 19:01:14', '2021-02-04 19:01:14'),
(96, 65, '4', '65_3_1612445474.jpg', 0, 0, 0, 4, 1, '2021-02-04 19:01:14', '2021-02-04 19:01:14'),
(97, 66, '1', '66_0_1612445536.jpg', 0, 0, 0, 1, 1, '2021-02-04 19:02:16', '2021-02-04 19:02:16'),
(98, 66, '2', '66_1_1612445536.jpg', 0, 0, 0, 2, 1, '2021-02-04 19:02:16', '2021-02-04 19:02:16'),
(99, 66, '3', '66_2_1612445536.jpg', 0, 0, 0, 3, 1, '2021-02-04 19:02:16', '2021-02-04 19:02:16'),
(100, 66, '4', '66_3_1612445536.jpg', 0, 0, 0, 4, 1, '2021-02-04 19:02:16', '2021-02-04 19:02:16'),
(101, 67, '1 (1)', '67_0_1612445580.jpg', 0, 0, 0, 1, 1, '2021-02-04 19:03:00', '2021-02-04 19:03:00'),
(105, 93, 'Urban X1 Wireless White BG - 01', '93_0_1612445761.jpg', 0, 0, 0, 1, 1, '2021-02-04 19:06:01', '2021-02-04 19:06:01'),
(106, 93, 'Urban X1 Wireless White BG - 02', '93_1_1612445761.jpg', 0, 0, 0, 2, 1, '2021-02-04 19:06:01', '2021-02-04 19:06:01'),
(107, 93, 'Urban X1 Wireless White BG - 03', '93_2_1612445761.jpg', 0, 0, 0, 3, 1, '2021-02-04 19:06:01', '2021-02-04 19:06:01'),
(108, 93, 'Urban X1 Wireless White BG - 05', '93_3_1612445761.jpg', 0, 0, 0, 4, 1, '2021-02-04 19:06:01', '2021-02-04 19:06:01'),
(109, 94, 'Urban X1', '94_0_1612445828.jpg', 0, 0, 0, 1, 1, '2021-02-04 19:07:08', '2021-02-04 19:07:08'),
(110, 94, 'Urban X2 Wireless White Background - 02', '94_1_1612445828.jpg', 0, 0, 0, 2, 1, '2021-02-04 19:07:08', '2021-02-04 19:07:08'),
(111, 94, 'Urban X2 Wireless White Background - 03', '94_2_1612445828.jpg', 0, 0, 0, 3, 1, '2021-02-04 19:07:08', '2021-02-04 19:07:08'),
(112, 94, 'Urban X2 Wireless White Background - 04', '94_3_1612445828.jpg', 0, 0, 0, 4, 1, '2021-02-04 19:07:08', '2021-02-04 19:07:08'),
(113, 94, 'Urban X2 Wireless White Background - 05', '94_4_1612445828.jpg', 0, 0, 0, 5, 1, '2021-02-04 19:07:08', '2021-02-04 19:07:08'),
(114, 94, 'Urban X2 Wireless White Background - 06', '94_5_1612445828.jpg', 0, 0, 0, 6, 1, '2021-02-04 19:07:08', '2021-02-04 19:07:08'),
(115, 98, '1', '98_0_1612445900.jpg', 0, 0, 0, 1, 1, '2021-02-04 19:08:20', '2021-02-04 19:08:20'),
(116, 98, '2', '98_1_1612445900.JPG', 0, 0, 0, 2, 1, '2021-02-04 19:08:20', '2021-02-04 19:08:20'),
(117, 98, '3', '98_2_1612445900.jpg', 0, 0, 0, 3, 1, '2021-02-04 19:08:20', '2021-02-04 19:08:20'),
(118, 98, '4', '98_3_1612445901.JPG', 0, 0, 0, 4, 1, '2021-02-04 19:08:20', '2021-02-04 19:08:20'),
(119, 99, 'Inbase Bold Power Bank 10000 mAh 01', '99_0_1612445932.jpg', 0, 0, 0, 1, 1, '2021-02-04 19:08:52', '2021-02-04 19:08:52'),
(120, 99, 'Inbase Bold Power Bank 10000 mAh 02', '99_1_1612445932.jpg', 0, 0, 0, 2, 1, '2021-02-04 19:08:52', '2021-02-04 19:08:52'),
(121, 99, 'Inbase Bold Power Bank 10000 mAh 03', '99_2_1612445933.jpg', 0, 0, 0, 3, 1, '2021-02-04 19:08:52', '2021-02-04 19:08:52'),
(122, 99, 'Inbase Bold Power Bank 10000 mAh 04', '99_3_1612445933.jpg', 0, 0, 0, 4, 1, '2021-02-04 19:08:52', '2021-02-04 19:08:52'),
(123, 99, 'Inbase Bold Power Bank 10000 mAh 05', '99_4_1612445933.jpg', 0, 0, 0, 5, 1, '2021-02-04 19:08:52', '2021-02-04 19:08:52'),
(124, 100, '10000 mah 2', '100_0_1612445999.JPG', 0, 0, 0, 1, 1, '2021-02-04 19:09:59', '2021-02-04 19:09:59'),
(125, 100, '10000 mah 3', '100_1_1612445999.jpg', 0, 0, 0, 2, 1, '2021-02-04 19:09:59', '2021-02-04 19:09:59'),
(126, 100, 'Inbase Pocket 10K Power Bank WBG- Black 01', '100_2_1612445999.jpg', 0, 0, 0, 3, 1, '2021-02-04 19:09:59', '2021-02-04 19:09:59'),
(127, 100, 'Inbase Pocket 10K Power Bank WBG- Black 02', '100_3_1612445999.jpg', 0, 0, 0, 4, 1, '2021-02-04 19:09:59', '2021-02-04 19:09:59'),
(128, 100, 'Inbase Pocket 10K Power Bank WBG- Black 03', '100_4_1612445999.jpg', 0, 0, 0, 5, 1, '2021-02-04 19:09:59', '2021-02-04 19:09:59'),
(129, 101, '6000 mah 1', '101_0_1612446050.jpg', 0, 0, 0, 1, 1, '2021-02-04 19:10:50', '2021-02-04 19:10:50'),
(130, 101, '6000 mah 2', '101_1_1612446050.JPG', 0, 0, 0, 2, 1, '2021-02-04 19:10:50', '2021-02-04 19:10:50'),
(131, 101, '6000 mah 3', '101_2_1612446051.jpg', 0, 0, 0, 3, 1, '2021-02-04 19:10:50', '2021-02-04 19:10:50'),
(132, 101, '6000 mah 4', '101_3_1612446051.jpg', 0, 0, 0, 4, 1, '2021-02-04 19:10:50', '2021-02-04 19:10:50'),
(133, 101, '6000 mah 6', '101_4_1612446051.jpg', 0, 0, 0, 5, 1, '2021-02-04 19:10:50', '2021-02-04 19:10:50'),
(134, 102, '1', '102_0_1612446089.JPG', 0, 0, 0, 1, 1, '2021-02-04 19:11:29', '2021-02-04 19:11:29'),
(135, 102, '2', '102_1_1612446089.jpg', 0, 0, 0, 2, 1, '2021-02-04 19:11:29', '2021-02-04 19:11:29'),
(136, 102, '4', '102_2_1612446089.jpg', 0, 0, 0, 3, 1, '2021-02-04 19:11:29', '2021-02-04 19:11:29'),
(137, 102, '5', '102_3_1612446089.jpg', 0, 0, 0, 4, 1, '2021-02-04 19:11:29', '2021-02-04 19:11:29'),
(138, 68, '1 (1)', '68_0_1612500583.JPG', 0, 0, 0, 1, 1, '2021-02-05 10:19:43', '2021-02-05 10:19:43'),
(139, 68, '2', '68_1_1612500583.JPG', 0, 0, 0, 2, 1, '2021-02-05 10:19:43', '2021-02-05 10:19:43'),
(140, 68, '3', '68_2_1612500583.JPG', 0, 0, 0, 3, 1, '2021-02-05 10:19:43', '2021-02-05 10:19:43'),
(141, 68, '4', '68_3_1612500583.jpg', 0, 0, 0, 4, 1, '2021-02-05 10:19:43', '2021-02-05 10:19:43'),
(142, 69, '25 cm 2 in 1 Nylon Briaded Micro to Type C 0', '69_0_1612500688.jpg', 0, 0, 0, 1, 1, '2021-02-05 10:21:28', '2021-02-05 10:21:28'),
(143, 69, '25 cm 2 in 1 Nylon Briaded Micro to Type C 01', '69_1_1612500688.jpg', 0, 0, 0, 2, 1, '2021-02-05 10:21:28', '2021-02-05 10:21:28'),
(144, 69, '25 cm 2 in 1 Nylon Briaded Micro to Type C 02', '69_2_1612500689.jpg', 0, 0, 0, 3, 1, '2021-02-05 10:21:28', '2021-02-05 10:21:28'),
(145, 69, '25 cm 2 in 1 Nylon Briaded Micro to Type C 03', '69_3_1612500689.jpg', 0, 0, 0, 4, 1, '2021-02-05 10:21:28', '2021-02-05 10:21:28'),
(146, 70, '25 cm 2 in 1 Nylon Briaded Micro to Lightning  02', '70_0_1612501043.jpg', 0, 0, 0, 1, 1, '2021-02-05 10:27:23', '2021-02-05 10:27:23'),
(147, 70, '25 cm 2 in 1 Nylon Briaded Micro to Lightning 03', '70_1_1612501043.jpg', 0, 0, 0, 2, 1, '2021-02-05 10:27:23', '2021-02-05 10:27:23'),
(148, 70, '25 cm 2 in 1 Nylon Briaded Micro to Type C 0', '70_2_1612501043.jpg', 0, 0, 0, 3, 1, '2021-02-05 10:27:23', '2021-02-05 10:27:23'),
(149, 70, '25 cm 2 in 1 Nylon Micro & Lightning 01', '70_3_1612501043.jpg', 0, 0, 0, 4, 1, '2021-02-05 10:27:23', '2021-02-05 10:27:23'),
(150, 71, '1 (1)', '71_0_1612501157.jpg', 0, 0, 0, 1, 1, '2021-02-05 10:29:17', '2021-02-05 10:29:17'),
(151, 71, '2', '71_1_1612501157.jpg', 0, 0, 0, 2, 1, '2021-02-05 10:29:17', '2021-02-05 10:29:17'),
(152, 71, '3', '71_2_1612501157.jpg', 0, 0, 0, 3, 1, '2021-02-05 10:29:17', '2021-02-05 10:29:17'),
(153, 71, '4', '71_3_1612501157.jpg', 0, 0, 0, 4, 1, '2021-02-05 10:29:17', '2021-02-05 10:29:17'),
(154, 72, '1 (1)', '72_0_1612501238.jpg', 0, 0, 0, 1, 1, '2021-02-05 10:30:38', '2021-02-05 10:30:38'),
(155, 72, '1', '72_1_1612501238.jpg', 0, 0, 0, 2, 1, '2021-02-05 10:30:38', '2021-02-05 10:30:38'),
(156, 72, '3', '72_2_1612501238.jpg', 0, 0, 0, 3, 1, '2021-02-05 10:30:38', '2021-02-05 10:30:38'),
(157, 72, '4', '72_3_1612501238.jpg', 0, 0, 0, 4, 1, '2021-02-05 10:30:38', '2021-02-05 10:30:38'),
(158, 72, '5', '72_4_1612501238.jpg', 0, 0, 0, 5, 1, '2021-02-05 10:30:38', '2021-02-05 10:30:38'),
(159, 103, '01.', '103_0_1612501359.JPG', 0, 0, 0, 1, 1, '2021-02-05 10:32:39', '2021-02-05 10:32:39'),
(160, 103, '02', '103_1_1612501359.jpg', 0, 0, 0, 2, 1, '2021-02-05 10:32:39', '2021-02-05 10:32:39'),
(161, 103, '03', '103_2_1612501359.jpg', 0, 0, 0, 3, 1, '2021-02-05 10:32:39', '2021-02-05 10:32:39'),
(162, 103, '07', '103_3_1612501359.jpg', 0, 0, 0, 4, 1, '2021-02-05 10:32:39', '2021-02-05 10:32:39'),
(163, 76, 'Boom Pro ', '76_0_1612501457.jpg', 0, 0, 0, 1, 1, '2021-02-05 10:34:17', '2021-02-05 10:34:17'),
(164, 76, 'Inbase Boom Pro 03', '76_1_1612501457.jpg', 0, 0, 0, 2, 1, '2021-02-05 10:34:17', '2021-02-05 10:34:17'),
(165, 76, 'Inbase Boom Pro 06', '76_2_1612501457.jpg', 0, 0, 0, 3, 1, '2021-02-05 10:34:17', '2021-02-05 10:34:17'),
(166, 76, 'Inbase Boom Pro 7 (1)', '76_3_1612501457.jpg', 0, 0, 0, 4, 1, '2021-02-05 10:34:17', '2021-02-05 10:34:17'),
(173, 78, 'Inbase Free Bud', '78_2_1612501587.jpg', 0, 0, 0, 3, 1, '2021-02-05 10:36:26', '2021-02-05 10:36:26'),
(174, 78, 'Inbase Free Bud', '78_3_1612501587.jpg', 0, 0, 0, 4, 1, '2021-02-05 10:36:26', '2021-02-05 10:36:26'),
(175, 78, 'Inbase Free Bud', '78_4_1612501587.jpg', 0, 0, 0, 5, 1, '2021-02-05 10:36:26', '2021-02-05 10:36:26'),
(176, 80, 'Free Buds 3 (1)', '80_0_1612501852.jpg', 0, 0, 0, 1, 1, '2021-02-05 10:40:52', '2021-02-05 10:40:52'),
(177, 80, 'Free Buds 3 (3)', '80_1_1612501853.jpg', 0, 0, 0, 2, 1, '2021-02-05 10:40:52', '2021-02-05 10:40:52'),
(178, 80, 'Free Buds 3 (4)', '80_2_1612501853.jpg', 0, 0, 0, 3, 1, '2021-02-05 10:40:52', '2021-02-05 10:40:52'),
(180, 28, 'Inbase Type C to Type C Cable ', '28_0_1612502070.jpg', 0, 0, 0, 1, 1, '2021-02-05 10:44:30', '2021-02-05 10:44:30'),
(181, 28, 'Inbase Type C to Type C Cable 02', '28_1_1612502070.jpg', 0, 0, 0, 2, 1, '2021-02-05 10:44:30', '2021-02-05 10:44:30'),
(182, 28, 'Inbase Type C to Type C Cable 03', '28_2_1612502070.jpg', 0, 0, 0, 3, 1, '2021-02-05 10:44:30', '2021-02-05 10:44:30'),
(183, 28, 'Inbase Type C to Type C Cable 04', '28_3_1612502070.jpg', 0, 0, 0, 4, 1, '2021-02-05 10:44:30', '2021-02-05 10:44:30'),
(184, 29, 'MFI Lightning 01', '29_0_1612502123.jpg', 0, 0, 0, 1, 1, '2021-02-05 10:45:23', '2021-02-05 10:45:23'),
(185, 29, 'MFI Lightning 02', '29_1_1612502123.jpg', 0, 0, 0, 2, 1, '2021-02-05 10:45:23', '2021-02-05 10:45:23'),
(186, 29, 'MFI Lightning 03', '29_2_1612502123.jpg', 0, 0, 0, 3, 1, '2021-02-05 10:45:23', '2021-02-05 10:45:23'),
(187, 29, 'MFI Lightning 04', '29_3_1612502123.jpg', 0, 0, 0, 4, 1, '2021-02-05 10:45:23', '2021-02-05 10:45:23'),
(188, 30, '1.', '30_0_1612502180.jpg', 0, 0, 0, 1, 1, '2021-02-05 10:46:20', '2021-02-05 10:46:20'),
(189, 30, '2..', '30_1_1612502180.jpg', 0, 0, 0, 2, 1, '2021-02-05 10:46:20', '2021-02-05 10:46:20'),
(190, 30, '2.', '30_2_1612502180.jpg', 0, 0, 0, 3, 1, '2021-02-05 10:46:20', '2021-02-05 10:46:20'),
(191, 30, '5', '30_3_1612502180.jpg', 0, 0, 0, 4, 1, '2021-02-05 10:46:20', '2021-02-05 10:46:20'),
(192, 30, '6', '30_4_1612502180.jpg', 0, 0, 0, 5, 1, '2021-02-05 10:46:20', '2021-02-05 10:46:20'),
(193, 30, 'Nylon Braided White Background 7', '30_5_1612502180.jpg', 0, 0, 0, 6, 1, '2021-02-05 10:46:20', '2021-02-05 10:46:20'),
(194, 31, '1.', '31_0_1612502214.jpg', 0, 0, 0, 1, 1, '2021-02-05 10:46:54', '2021-02-05 10:46:54'),
(195, 31, '2..', '31_1_1612502214.jpg', 0, 0, 0, 2, 1, '2021-02-05 10:46:54', '2021-02-05 10:46:54'),
(196, 31, '2.', '31_2_1612502214.jpg', 0, 0, 0, 3, 1, '2021-02-05 10:46:54', '2021-02-05 10:46:54'),
(197, 31, '5', '31_3_1612502214.jpg', 0, 0, 0, 4, 1, '2021-02-05 10:46:54', '2021-02-05 10:46:54'),
(198, 31, '6', '31_4_1612502214.jpg', 0, 0, 0, 5, 1, '2021-02-05 10:46:54', '2021-02-05 10:46:54'),
(199, 31, 'Nylon Braided White Background 7', '31_5_1612502214.jpg', 0, 0, 0, 6, 1, '2021-02-05 10:46:54', '2021-02-05 10:46:54'),
(200, 32, '1', '32_0_1612502387.JPG', 0, 0, 0, 1, 1, '2021-02-05 10:49:47', '2021-02-05 10:49:47'),
(201, 32, '2', '32_1_1612502387.jpg', 0, 0, 0, 2, 1, '2021-02-05 10:49:47', '2021-02-05 10:49:47'),
(202, 32, '3', '32_2_1612502387.JPG', 0, 0, 0, 3, 1, '2021-02-05 10:49:47', '2021-02-05 10:49:47'),
(203, 32, '4', '32_3_1612502388.jpg', 0, 0, 0, 4, 1, '2021-02-05 10:49:47', '2021-02-05 10:49:47'),
(204, 32, '5', '32_4_1612502388.JPG', 0, 0, 0, 5, 1, '2021-02-05 10:49:47', '2021-02-05 10:49:47'),
(205, 33, '01', '33_0_1612502526.jpg', 0, 0, 0, 1, 1, '2021-02-05 10:52:06', '2021-02-05 10:52:06'),
(206, 33, '02', '33_1_1612502526.jpg', 0, 0, 0, 2, 1, '2021-02-05 10:52:06', '2021-02-05 10:52:06'),
(207, 33, '03', '33_2_1612502527.jpg', 0, 0, 0, 3, 1, '2021-02-05 10:52:06', '2021-02-05 10:52:06'),
(208, 33, '04', '33_3_1612502527.jpg', 0, 0, 0, 4, 1, '2021-02-05 10:52:06', '2021-02-05 10:52:06'),
(209, 33, '05', '33_4_1612502527.jpg', 0, 0, 0, 5, 1, '2021-02-05 10:52:06', '2021-02-05 10:52:06'),
(210, 33, '06', '33_5_1612502527.jpg', 0, 0, 0, 6, 1, '2021-02-05 10:52:06', '2021-02-05 10:52:06'),
(211, 34, '01', '34_0_1612502552.jpg', 0, 0, 0, 1, 1, '2021-02-05 10:52:32', '2021-02-05 10:52:32'),
(212, 34, '02', '34_1_1612502553.jpg', 0, 0, 0, 2, 1, '2021-02-05 10:52:32', '2021-02-05 10:52:32'),
(213, 34, '03', '34_2_1612502553.jpg', 0, 0, 0, 3, 1, '2021-02-05 10:52:32', '2021-02-05 10:52:32'),
(214, 34, '04', '34_3_1612502553.jpg', 0, 0, 0, 4, 1, '2021-02-05 10:52:32', '2021-02-05 10:52:32'),
(215, 34, '05', '34_4_1612502553.jpg', 0, 0, 0, 5, 1, '2021-02-05 10:52:32', '2021-02-05 10:52:32'),
(216, 34, '06', '34_5_1612502553.jpg', 0, 0, 0, 6, 1, '2021-02-05 10:52:32', '2021-02-05 10:52:32'),
(217, 35, '1', '35_0_1612502622.JPG', 0, 0, 0, 1, 1, '2021-02-05 10:53:42', '2021-02-05 10:53:42'),
(218, 35, '2', '35_1_1612502622.jpg', 0, 0, 0, 2, 1, '2021-02-05 10:53:42', '2021-02-05 10:53:42'),
(219, 35, '4', '35_2_1612502623.JPG', 0, 0, 0, 3, 1, '2021-02-05 10:53:42', '2021-02-05 10:53:42'),
(220, 35, 'Nylon Braided White Background 7', '35_3_1612502623.jpg', 0, 0, 0, 4, 1, '2021-02-05 10:53:42', '2021-02-05 10:53:42'),
(221, 36, '1', '36_0_1612502937.JPG', 0, 0, 0, 1, 1, '2021-02-05 10:58:57', '2021-02-05 10:58:57'),
(222, 36, '2', '36_1_1612502937.jpg', 0, 0, 0, 2, 1, '2021-02-05 10:58:57', '2021-02-05 10:58:57'),
(223, 36, '3', '36_2_1612502937.JPG', 0, 0, 0, 3, 1, '2021-02-05 10:58:57', '2021-02-05 10:58:57'),
(224, 36, '4', '36_3_1612502937.jpg', 0, 0, 0, 4, 1, '2021-02-05 10:58:57', '2021-02-05 10:58:57'),
(225, 37, '1', '37_0_1612502981.jpg', 0, 0, 0, 1, 1, '2021-02-05 10:59:41', '2021-02-05 10:59:41'),
(226, 37, '2', '37_1_1612502981.JPG', 0, 0, 0, 2, 1, '2021-02-05 10:59:41', '2021-02-05 10:59:41'),
(227, 37, '3', '37_2_1612502981.JPG', 0, 0, 0, 3, 1, '2021-02-05 10:59:41', '2021-02-05 10:59:41'),
(228, 37, '4', '37_3_1612502981.jpg', 0, 0, 0, 4, 1, '2021-02-05 10:59:41', '2021-02-05 10:59:41'),
(229, 38, 'Denim Series White Background 1', '38_0_1612503183.JPG', 0, 0, 0, 1, 1, '2021-02-05 11:03:03', '2021-02-05 11:03:03'),
(230, 38, 'Denim Series White Background 2', '38_1_1612503183.JPG', 0, 0, 0, 2, 1, '2021-02-05 11:03:03', '2021-02-05 11:03:03'),
(231, 38, 'Denim Series White Background 3', '38_2_1612503183.jpg', 0, 0, 0, 3, 1, '2021-02-05 11:03:03', '2021-02-05 11:03:03'),
(232, 38, 'Denim Series White Background 5', '38_3_1612503183.jpg', 0, 0, 0, 4, 1, '2021-02-05 11:03:03', '2021-02-05 11:03:03'),
(233, 39, '1', '39_0_1612503212.jpg', 0, 0, 0, 1, 1, '2021-02-05 11:03:32', '2021-02-05 11:03:32'),
(234, 39, '2', '39_1_1612503213.jpg', 0, 0, 0, 2, 1, '2021-02-05 11:03:32', '2021-02-05 11:03:32'),
(235, 39, '3', '39_2_1612503213.JPG', 0, 0, 0, 3, 1, '2021-02-05 11:03:32', '2021-02-05 11:03:32'),
(236, 39, '4', '39_3_1612503213.JPG', 0, 0, 0, 4, 1, '2021-02-05 11:03:32', '2021-02-05 11:03:32'),
(237, 40, 'Leather Series White Background 1', '40_0_1612503236.jpg', 0, 0, 0, 1, 1, '2021-02-05 11:03:56', '2021-02-05 11:03:56'),
(238, 40, 'Leather Series White Background 2', '40_1_1612503236.JPG', 0, 0, 0, 2, 1, '2021-02-05 11:03:56', '2021-02-05 11:03:56'),
(239, 40, 'Leather Series White Background 3', '40_2_1612503236.jpg', 0, 0, 0, 3, 1, '2021-02-05 11:03:56', '2021-02-05 11:03:56'),
(240, 40, 'Leather Series White Background 5', '40_3_1612503236.jpg', 0, 0, 0, 4, 1, '2021-02-05 11:03:56', '2021-02-05 11:03:56'),
(241, 41, '1', '41_0_1612503283.jpg', 0, 0, 0, 1, 1, '2021-02-05 11:04:43', '2021-02-05 11:04:43'),
(242, 41, '2', '41_1_1612503283.jpg', 0, 0, 0, 2, 1, '2021-02-05 11:04:43', '2021-02-05 11:04:43'),
(243, 41, '3', '41_2_1612503283.jpg', 0, 0, 0, 3, 1, '2021-02-05 11:04:43', '2021-02-05 11:04:43'),
(244, 41, '4', '41_3_1612503283.jpg', 0, 0, 0, 4, 1, '2021-02-05 11:04:43', '2021-02-05 11:04:43'),
(245, 41, '5', '41_4_1612503284.JPG', 0, 0, 0, 5, 1, '2021-02-05 11:04:43', '2021-02-05 11:04:43'),
(246, 42, '01', '42_0_1612503354.jpg', 0, 0, 0, 1, 1, '2021-02-05 11:05:54', '2021-02-05 11:05:54'),
(247, 42, '02 ', '42_1_1612503354.JPG', 0, 0, 0, 2, 1, '2021-02-05 11:05:54', '2021-02-05 11:05:54'),
(248, 42, '03', '42_2_1612503354.jpg', 0, 0, 0, 3, 1, '2021-02-05 11:05:54', '2021-02-05 11:05:54'),
(249, 42, '04', '42_3_1612503354.jpg', 0, 0, 0, 4, 1, '2021-02-05 11:05:54', '2021-02-05 11:05:54'),
(250, 42, 'Red', '42_4_1612503354.jpg', 0, 0, 0, 5, 1, '2021-02-05 11:05:54', '2021-02-05 11:05:54'),
(251, 42, 'Red', '42_5_1612503354.jpg', 0, 0, 0, 6, 1, '2021-02-05 11:05:54', '2021-02-05 11:05:54'),
(252, 104, '3 A1', '104_0_1612503428.jpg', 0, 0, 0, 1, 1, '2021-02-05 11:07:08', '2021-02-05 11:07:08'),
(253, 104, '3 A3', '104_1_1612503428.jpg', 0, 0, 0, 2, 1, '2021-02-05 11:07:08', '2021-02-05 11:07:08'),
(254, 104, '3.A2', '104_2_1612503428.jpg', 0, 0, 0, 3, 1, '2021-02-05 11:07:08', '2021-02-05 11:07:08'),
(255, 104, '3.A4', '104_3_1612503428.jpg', 0, 0, 0, 4, 1, '2021-02-05 11:07:08', '2021-02-05 11:07:08'),
(256, 105, '3 A1', '105_0_1612503468.jpg', 0, 0, 0, 1, 1, '2021-02-05 11:07:48', '2021-02-05 11:07:48'),
(257, 105, '3 A3', '105_1_1612503468.jpg', 0, 0, 0, 2, 1, '2021-02-05 11:07:48', '2021-02-05 11:07:48'),
(258, 105, '3.A2', '105_2_1612503468.jpg', 0, 0, 0, 3, 1, '2021-02-05 11:07:48', '2021-02-05 11:07:48'),
(259, 105, '1.A4', '105_0_1612503489.jpg', 0, 0, 0, 1, 1, '2021-02-05 11:08:09', '2021-02-05 11:08:09'),
(260, 106, '3 A1', '106_0_1612503520.jpg', 0, 0, 0, 1, 1, '2021-02-05 11:08:40', '2021-02-05 11:08:40'),
(261, 106, '2.A4', '106_1_1612503520.jpg', 0, 0, 0, 2, 1, '2021-02-05 11:08:40', '2021-02-05 11:08:40'),
(262, 106, '3 A3', '106_2_1612503520.jpg', 0, 0, 0, 3, 1, '2021-02-05 11:08:40', '2021-02-05 11:08:40'),
(263, 106, '3.A2', '106_3_1612503520.jpg', 0, 0, 0, 4, 1, '2021-02-05 11:08:40', '2021-02-05 11:08:40'),
(264, 81, 'Inbase OG 3.5mm 01', '81_0_1612503576.jpg', 0, 0, 0, 1, 1, '2021-02-05 11:09:36', '2021-02-05 11:09:36'),
(265, 81, 'Inbase OG 3.5mm 02', '81_1_1612503576.jpg', 0, 0, 0, 2, 1, '2021-02-05 11:09:36', '2021-02-05 11:09:36'),
(266, 81, 'Inbase OG 3.5mm 03', '81_2_1612503576.jpg', 0, 0, 0, 3, 1, '2021-02-05 11:09:36', '2021-02-05 11:09:36'),
(267, 81, 'Inbase OG 3.5mm 04', '81_3_1612503576.jpg', 0, 0, 0, 4, 1, '2021-02-05 11:09:36', '2021-02-05 11:09:36'),
(268, 82, 'Inbase  OG Lightning 01', '82_0_1612503596.jpg', 0, 0, 0, 1, 1, '2021-02-05 11:09:56', '2021-02-05 11:09:56'),
(269, 82, 'Inbase  OG Lightning 02', '82_1_1612503596.jpg', 0, 0, 0, 2, 1, '2021-02-05 11:09:56', '2021-02-05 11:09:56'),
(270, 82, 'Inbase  OG Lightning 03', '82_2_1612503596.jpg', 0, 0, 0, 3, 1, '2021-02-05 11:09:56', '2021-02-05 11:09:56'),
(271, 82, 'Inbase  OG Lightning 04', '82_3_1612503596.jpg', 0, 0, 0, 4, 1, '2021-02-05 11:09:56', '2021-02-05 11:09:56'),
(272, 83, 'Inbase  OG Type C 01', '83_0_1612503614.jpg', 0, 0, 0, 1, 1, '2021-02-05 11:10:14', '2021-02-05 11:10:14'),
(273, 83, 'Inbase  OG Type C 02', '83_1_1612503614.jpg', 0, 0, 0, 2, 1, '2021-02-05 11:10:14', '2021-02-05 11:10:14'),
(274, 83, 'Inbase  OG Type C 03', '83_2_1612503614.jpg', 0, 0, 0, 3, 1, '2021-02-05 11:10:14', '2021-02-05 11:10:14'),
(275, 83, 'Inbase  OG Type C 04', '83_3_1612503614.jpg', 0, 0, 0, 4, 1, '2021-02-05 11:10:14', '2021-02-05 11:10:14'),
(276, 84, 'Inbase  OG Type C Adv 01', '84_0_1612503646.jpg', 0, 0, 0, 1, 1, '2021-02-05 11:10:46', '2021-02-05 11:10:46'),
(277, 84, 'Inbase  OG Type C Adv 02', '84_1_1612503646.jpg', 0, 0, 0, 2, 1, '2021-02-05 11:10:46', '2021-02-05 11:10:46'),
(278, 84, 'Inbase  OG Type C Adv 03', '84_2_1612503646.jpg', 0, 0, 0, 3, 1, '2021-02-05 11:10:46', '2021-02-05 11:10:46'),
(279, 84, 'Inbase  OG Type C Adv 04', '84_3_1612503646.jpg', 0, 0, 0, 4, 1, '2021-02-05 11:10:46', '2021-02-05 11:10:46'),
(280, 85, 'Inbase D100 Earphone -  Yellow', '85_0_1612503733.jpg', 0, 0, 0, 1, 1, '2021-02-05 11:12:13', '2021-02-05 11:12:13'),
(281, 85, 'Inbase D100 Earphone - Black', '85_1_1612503733.jpg', 0, 0, 0, 2, 1, '2021-02-05 11:12:13', '2021-02-05 11:12:13'),
(282, 85, 'Inbase D100 Earphone - Red', '85_2_1612503733.jpg', 0, 0, 0, 3, 1, '2021-02-05 11:12:13', '2021-02-05 11:12:13'),
(283, 85, 'Inbase D100 Earphone - White', '85_3_1612503733.jpg', 0, 0, 0, 4, 1, '2021-02-05 11:12:13', '2021-02-05 11:12:13'),
(284, 85, 'Inbase D100 Earphone Microphone - Black', '85_4_1612503733.jpg', 0, 0, 0, 5, 1, '2021-02-05 11:12:13', '2021-02-05 11:12:13'),
(285, 85, 'Inbase D100 Earphone Microphone - Red', '85_5_1612503734.jpg', 0, 0, 0, 6, 1, '2021-02-05 11:12:13', '2021-02-05 11:12:13'),
(286, 85, 'Inbase D100 Earphone Microphone - White', '85_6_1612503734.jpg', 0, 0, 0, 7, 1, '2021-02-05 11:12:13', '2021-02-05 11:12:13'),
(287, 85, 'Inbase D100 Earphone Microphone - Yellow', '85_7_1612503734.jpg', 0, 0, 0, 8, 1, '2021-02-05 11:12:13', '2021-02-05 11:12:13'),
(288, 86, 'Inbase D200 Earphone - Black', '86_0_1612503759.jpg', 0, 0, 0, 1, 1, '2021-02-05 11:12:39', '2021-02-05 11:12:39'),
(289, 86, 'Inbase D200 Earphone - Blue Color', '86_1_1612503760.jpg', 0, 0, 0, 2, 1, '2021-02-05 11:12:39', '2021-02-05 11:12:39'),
(290, 86, 'Inbase D200 Earphone - Red Color', '86_2_1612503760.jpg', 0, 0, 0, 3, 1, '2021-02-05 11:12:39', '2021-02-05 11:12:39'),
(291, 86, 'Inbase D200 Earphone - White Color', '86_3_1612503760.jpg', 0, 0, 0, 4, 1, '2021-02-05 11:12:39', '2021-02-05 11:12:39'),
(292, 86, 'Inbase D200 Earphone - Yellow  Color', '86_4_1612503760.jpg', 0, 0, 0, 5, 1, '2021-02-05 11:12:39', '2021-02-05 11:12:39'),
(293, 87, 'Inbase D250 Earphone 01', '87_0_1612503801.jpg', 0, 0, 0, 1, 1, '2021-02-05 11:13:21', '2021-02-05 11:13:21'),
(294, 87, 'Inbase D250 Earphone 02', '87_1_1612503801.jpg', 0, 0, 0, 2, 1, '2021-02-05 11:13:21', '2021-02-05 11:13:21'),
(295, 87, 'Inbase D250 Earphone 03', '87_2_1612503801.jpg', 0, 0, 0, 3, 1, '2021-02-05 11:13:21', '2021-02-05 11:13:21'),
(296, 87, 'Untitled-1', '87_3_1612503801.jpg', 0, 0, 0, 4, 1, '2021-02-05 11:13:21', '2021-02-05 11:13:21'),
(297, 88, 'M9-01 Red', '88_0_1612503837.jpg', 0, 0, 0, 1, 1, '2021-02-05 11:13:57', '2021-02-05 11:13:57'),
(298, 88, 'M9-02 Red', '88_1_1612503837.jpg', 0, 0, 0, 2, 1, '2021-02-05 11:13:57', '2021-02-05 11:13:57'),
(299, 88, 'M9-03 Red', '88_2_1612503837.JPG', 0, 0, 0, 3, 1, '2021-02-05 11:13:57', '2021-02-05 11:13:57'),
(300, 88, 'M9-04 Red', '88_3_1612503837.jpg', 0, 0, 0, 4, 1, '2021-02-05 11:13:57', '2021-02-05 11:13:57'),
(301, 88, 'M9-05 Red', '88_4_1612503837.jpg', 0, 0, 0, 5, 1, '2021-02-05 11:13:57', '2021-02-05 11:13:57'),
(302, 89, 'M6-01', '89_0_1612503884.jpg', 0, 0, 0, 1, 1, '2021-02-05 11:14:44', '2021-02-05 11:14:44'),
(303, 89, 'M6-02', '89_1_1612503884.jpg', 0, 0, 0, 2, 1, '2021-02-05 11:14:44', '2021-02-05 11:14:44'),
(304, 89, 'M6-03', '89_2_1612503884.jpg', 0, 0, 0, 3, 1, '2021-02-05 11:14:44', '2021-02-05 11:14:44'),
(305, 89, 'M6-04', '89_3_1612503884.jpg', 0, 0, 0, 4, 1, '2021-02-05 11:14:44', '2021-02-05 11:14:44'),
(306, 89, 'M6-05', '89_4_1612503884.jpg', 0, 0, 0, 5, 1, '2021-02-05 11:14:44', '2021-02-05 11:14:44'),
(307, 90, 'M7', '90_0_1612503910.JPG', 0, 0, 0, 1, 1, '2021-02-05 11:15:09', '2021-02-05 11:15:09'),
(308, 90, 'M7', '90_1_1612503910.jpg', 0, 0, 0, 2, 1, '2021-02-05 11:15:09', '2021-02-05 11:15:09'),
(309, 90, 'M7', '90_2_1612503910.jpg', 0, 0, 0, 3, 1, '2021-02-05 11:15:09', '2021-02-05 11:15:09'),
(310, 90, 'M7', '90_3_1612503910.jpg', 0, 0, 0, 4, 1, '2021-02-05 11:15:09', '2021-02-05 11:15:09'),
(311, 91, 'M8-01', '91_0_1612503941.JPG', 0, 0, 0, 1, 1, '2021-02-05 11:15:41', '2021-02-05 11:15:41'),
(312, 91, 'M8-02', '91_1_1612503941.JPG', 0, 0, 0, 2, 1, '2021-02-05 11:15:41', '2021-02-05 11:15:41'),
(313, 91, 'M8-03', '91_2_1612503941.jpg', 0, 0, 0, 3, 1, '2021-02-05 11:15:41', '2021-02-05 11:15:41'),
(314, 91, 'M8-04', '91_3_1612503941.jpg', 0, 0, 0, 4, 1, '2021-02-05 11:15:41', '2021-02-05 11:15:41'),
(315, 91, 'M8-05', '91_4_1612503941.jpg', 0, 0, 0, 5, 1, '2021-02-05 11:15:41', '2021-02-05 11:15:41'),
(316, 92, 'M10', '92_0_1612504001.jpg', 0, 0, 0, 1, 1, '2021-02-05 11:16:41', '2021-02-05 11:16:41'),
(317, 92, 'M10', '92_1_1612504002.JPG', 0, 0, 0, 2, 1, '2021-02-05 11:16:41', '2021-02-05 11:16:41'),
(318, 92, 'M10', '92_2_1612504002.jpg', 0, 0, 0, 3, 1, '2021-02-05 11:16:41', '2021-02-05 11:16:41'),
(319, 92, 'M10', '92_3_1612504002.jpg', 0, 0, 0, 4, 1, '2021-02-05 11:16:41', '2021-02-05 11:16:41'),
(320, 92, 'M10', '92_4_1612504002.jpg', 0, 0, 0, 5, 1, '2021-02-05 11:16:41', '2021-02-05 11:16:41'),
(321, 45, 'MFI Lightning 01', '45_0_1612504220.jpg', 0, 0, 0, 1, 1, '2021-02-05 11:20:20', '2021-02-05 11:20:20'),
(322, 45, 'MFI Lightning 02', '45_1_1612504220.jpg', 0, 0, 0, 2, 1, '2021-02-05 11:20:20', '2021-02-05 11:20:20'),
(323, 45, 'MFI Lightning 03', '45_2_1612504220.jpg', 0, 0, 0, 3, 1, '2021-02-05 11:20:20', '2021-02-05 11:20:20'),
(324, 45, 'MFI Lightning 04', '45_3_1612504220.jpg', 0, 0, 0, 4, 1, '2021-02-05 11:20:20', '2021-02-05 11:20:20'),
(325, 46, 'Nylon Braided White Background 1', '46_0_1612504309.jpg', 0, 0, 0, 1, 1, '2021-02-05 11:21:49', '2021-02-05 11:21:49'),
(326, 46, 'Nylon Braided White Background 2', '46_1_1612504309.jpg', 0, 0, 0, 2, 1, '2021-02-05 11:21:49', '2021-02-05 11:21:49'),
(327, 46, 'Nylon Braided White Background 4', '46_2_1612504310.jpg', 0, 0, 0, 3, 1, '2021-02-05 11:21:49', '2021-02-05 11:21:49'),
(328, 46, 'Nylon Braided White Background 6', '46_3_1612504310.jpg', 0, 0, 0, 4, 1, '2021-02-05 11:21:49', '2021-02-05 11:21:49'),
(329, 46, 'Nylon Braided White Background 7', '46_4_1612504310.jpg', 0, 0, 0, 5, 1, '2021-02-05 11:21:49', '2021-02-05 11:21:49'),
(330, 47, 'Nylon Braided White Background 1', '47_0_1612504331.jpg', 0, 0, 0, 1, 1, '2021-02-05 11:22:11', '2021-02-05 11:22:11'),
(331, 47, 'Nylon Braided White Background 2', '47_1_1612504331.jpg', 0, 0, 0, 2, 1, '2021-02-05 11:22:11', '2021-02-05 11:22:11'),
(332, 47, 'Nylon Braided White Background 4', '47_2_1612504331.jpg', 0, 0, 0, 3, 1, '2021-02-05 11:22:11', '2021-02-05 11:22:11'),
(333, 47, 'Nylon Braided White Background 6', '47_3_1612504331.jpg', 0, 0, 0, 4, 1, '2021-02-05 11:22:11', '2021-02-05 11:22:11'),
(334, 47, 'Nylon Braided White Background 7', '47_4_1612504331.jpg', 0, 0, 0, 5, 1, '2021-02-05 11:22:11', '2021-02-05 11:22:11'),
(335, 48, '01', '48_0_1612504413.jpeg', 0, 0, 0, 1, 1, '2021-02-05 11:23:33', '2021-02-05 11:23:33'),
(336, 48, '02', '48_1_1612504413.jpg', 0, 0, 0, 2, 1, '2021-02-05 11:23:33', '2021-02-05 11:23:33'),
(337, 48, '03', '48_2_1612504413.jpg', 0, 0, 0, 3, 1, '2021-02-05 11:23:33', '2021-02-05 11:23:33'),
(338, 48, '04', '48_3_1612504413.jpg', 0, 0, 0, 4, 1, '2021-02-05 11:23:33', '2021-02-05 11:23:33'),
(339, 48, '05', '48_4_1612504413.jpg', 0, 0, 0, 5, 1, '2021-02-05 11:23:33', '2021-02-05 11:23:33'),
(340, 49, '01', '49_0_1612504435.jpeg', 0, 0, 0, 1, 1, '2021-02-05 11:23:55', '2021-02-05 11:23:55'),
(341, 49, '02', '49_1_1612504435.jpg', 0, 0, 0, 2, 1, '2021-02-05 11:23:55', '2021-02-05 11:23:55'),
(342, 49, '03', '49_2_1612504435.jpg', 0, 0, 0, 3, 1, '2021-02-05 11:23:55', '2021-02-05 11:23:55'),
(343, 49, '04', '49_3_1612504435.jpg', 0, 0, 0, 4, 1, '2021-02-05 11:23:55', '2021-02-05 11:23:55'),
(344, 49, '05', '49_4_1612504435.jpg', 0, 0, 0, 5, 1, '2021-02-05 11:23:55', '2021-02-05 11:23:55'),
(345, 50, '1', '50_0_1612504489.JPG', 0, 0, 0, 1, 1, '2021-02-05 11:24:49', '2021-02-05 11:24:49'),
(346, 50, '4', '50_1_1612504489.JPG', 0, 0, 0, 2, 1, '2021-02-05 11:24:49', '2021-02-05 11:24:49'),
(347, 50, '2', '50_2_1612504489.JPG', 0, 0, 0, 3, 1, '2021-02-05 11:24:49', '2021-02-05 11:24:49'),
(348, 50, '3', '50_3_1612504489.JPG', 0, 0, 0, 4, 1, '2021-02-05 11:24:49', '2021-02-05 11:24:49'),
(349, 51, '1 (1)', '51_0_1612504526.jpg', 0, 0, 0, 1, 1, '2021-02-05 11:25:26', '2021-02-05 11:25:26'),
(350, 51, '2', '51_1_1612504526.JPG', 0, 0, 0, 2, 1, '2021-02-05 11:25:26', '2021-02-05 11:25:26'),
(351, 51, '3', '51_2_1612504526.JPG', 0, 0, 0, 3, 1, '2021-02-05 11:25:26', '2021-02-05 11:25:26'),
(352, 51, '5', '51_3_1612504526.JPG', 0, 0, 0, 4, 1, '2021-02-05 11:25:26', '2021-02-05 11:25:26'),
(353, 52, 'Denim Series White Background 1', '52_0_1612504549.jpg', 0, 0, 0, 1, 1, '2021-02-05 11:25:49', '2021-02-05 11:25:49'),
(354, 52, 'Denim Series White Background 2', '52_1_1612504549.jpg', 0, 0, 0, 2, 1, '2021-02-05 11:25:49', '2021-02-05 11:25:49'),
(355, 52, 'Denim Series White Background 3.', '52_2_1612504549.jpg', 0, 0, 0, 3, 1, '2021-02-05 11:25:49', '2021-02-05 11:25:49'),
(356, 52, 'Denim Series White Background 4', '52_3_1612504549.jpg', 0, 0, 0, 4, 1, '2021-02-05 11:25:49', '2021-02-05 11:25:49'),
(357, 53, '1', '53_0_1612504577.jpg', 0, 0, 0, 1, 1, '2021-02-05 11:26:17', '2021-02-05 11:26:17'),
(358, 53, '2', '53_1_1612504577.jpg', 0, 0, 0, 2, 1, '2021-02-05 11:26:17', '2021-02-05 11:26:17'),
(359, 53, '3', '53_2_1612504577.JPG', 0, 0, 0, 3, 1, '2021-02-05 11:26:17', '2021-02-05 11:26:17'),
(360, 53, '4', '53_3_1612504577.jpg', 0, 0, 0, 4, 1, '2021-02-05 11:26:17', '2021-02-05 11:26:17'),
(361, 54, 'Leather Series White Background 1 (1)', '54_0_1612504600.jpg', 0, 0, 0, 1, 1, '2021-02-05 11:26:40', '2021-02-05 11:26:40'),
(362, 54, 'Leather Series White Background 2', '54_1_1612504600.jpg', 0, 0, 0, 2, 1, '2021-02-05 11:26:40', '2021-02-05 11:26:40'),
(363, 54, 'Leather Series White Background 3', '54_2_1612504600.jpg', 0, 0, 0, 3, 1, '2021-02-05 11:26:40', '2021-02-05 11:26:40'),
(364, 54, 'Leather Series White Background 4', '54_3_1612504600.jpg', 0, 0, 0, 4, 1, '2021-02-05 11:26:40', '2021-02-05 11:26:40'),
(365, 55, 'Metal Series White  Background 1', '55_0_1612504621.jpg', 0, 0, 0, 1, 1, '2021-02-05 11:27:01', '2021-02-05 11:27:01'),
(366, 55, 'Metal Series White  Background 2', '55_1_1612504621.jpg', 0, 0, 0, 2, 1, '2021-02-05 11:27:01', '2021-02-05 11:27:01'),
(367, 55, 'Metal Series White  Background 3', '55_2_1612504621.jpg', 0, 0, 0, 3, 1, '2021-02-05 11:27:01', '2021-02-05 11:27:01'),
(368, 55, 'Metal Series White  Background 4', '55_3_1612504622.JPG', 0, 0, 0, 4, 1, '2021-02-05 11:27:01', '2021-02-05 11:27:01'),
(369, 56, '01', '56_0_1612504655.JPG', 0, 0, 0, 1, 1, '2021-02-05 11:27:35', '2021-02-05 11:27:35'),
(370, 56, 'Black', '56_1_1612504655.JPG', 0, 0, 0, 2, 1, '2021-02-05 11:27:35', '2021-02-05 11:27:35'),
(371, 56, 'Black', '56_2_1612504655.jpg', 0, 0, 0, 3, 1, '2021-02-05 11:27:35', '2021-02-05 11:27:35'),
(372, 56, 'Red', '56_3_1612504655.JPG', 0, 0, 0, 4, 1, '2021-02-05 11:27:35', '2021-02-05 11:27:35'),
(373, 56, 'Red', '56_4_1612504655.JPG', 0, 0, 0, 5, 1, '2021-02-05 11:27:35', '2021-02-05 11:27:35'),
(374, 17, 'Nylon Braided White Background 1', '17_0_1612504791.jpg', 0, 0, 0, 1, 1, '2021-02-05 11:29:51', '2021-02-05 11:29:51'),
(375, 17, 'Nylon Braided White Background 2', '17_1_1612504791.jpg', 0, 0, 0, 2, 1, '2021-02-05 11:29:51', '2021-02-05 11:29:51'),
(376, 17, 'Nylon Braided White Background 3', '17_2_1612504791.jpg', 0, 0, 0, 3, 1, '2021-02-05 11:29:51', '2021-02-05 11:29:51'),
(377, 17, 'Nylon Braided White Background 4', '17_3_1612504791.jpg', 0, 0, 0, 4, 1, '2021-02-05 11:29:51', '2021-02-05 11:29:51'),
(378, 17, 'Nylon Braided White Background 7', '17_4_1612504791.jpg', 0, 0, 0, 5, 1, '2021-02-05 11:29:51', '2021-02-05 11:29:51'),
(379, 18, 'Nylon Braided White Background 1', '18_0_1612504812.jpg', 0, 0, 0, 1, 1, '2021-02-05 11:30:12', '2021-02-05 11:30:12'),
(380, 18, 'Nylon Braided White Background 2', '18_1_1612504812.jpg', 0, 0, 0, 2, 1, '2021-02-05 11:30:12', '2021-02-05 11:30:12'),
(381, 18, 'Nylon Braided White Background 3', '18_2_1612504812.jpg', 0, 0, 0, 3, 1, '2021-02-05 11:30:12', '2021-02-05 11:30:12'),
(382, 18, 'Nylon Braided White Background 4', '18_3_1612504812.jpg', 0, 0, 0, 4, 1, '2021-02-05 11:30:12', '2021-02-05 11:30:12'),
(383, 18, 'Nylon Braided White Background 7', '18_4_1612504813.jpg', 0, 0, 0, 5, 1, '2021-02-05 11:30:12', '2021-02-05 11:30:12'),
(384, 19, '01', '19_0_1612504879.jpeg', 0, 0, 0, 1, 1, '2021-02-05 11:31:19', '2021-02-05 11:31:19'),
(385, 19, '02', '19_1_1612504879.jpg', 0, 0, 0, 2, 1, '2021-02-05 11:31:19', '2021-02-05 11:31:19'),
(386, 19, '03', '19_2_1612504879.jpeg', 0, 0, 0, 3, 1, '2021-02-05 11:31:19', '2021-02-05 11:31:19'),
(387, 19, '04', '19_3_1612504879.jpg', 0, 0, 0, 4, 1, '2021-02-05 11:31:19', '2021-02-05 11:31:19'),
(388, 19, '05', '19_4_1612504879.jpg', 0, 0, 0, 5, 1, '2021-02-05 11:31:19', '2021-02-05 11:31:19'),
(389, 20, '01', '20_0_1612504896.jpeg', 0, 0, 0, 1, 1, '2021-02-05 11:31:36', '2021-02-05 11:31:36'),
(390, 20, '02', '20_1_1612504896.jpg', 0, 0, 0, 2, 1, '2021-02-05 11:31:36', '2021-02-05 11:31:36'),
(391, 20, '03', '20_2_1612504896.jpeg', 0, 0, 0, 3, 1, '2021-02-05 11:31:36', '2021-02-05 11:31:36'),
(392, 20, '04', '20_3_1612504896.jpg', 0, 0, 0, 4, 1, '2021-02-05 11:31:36', '2021-02-05 11:31:36'),
(393, 20, '05', '20_4_1612504896.jpg', 0, 0, 0, 5, 1, '2021-02-05 11:31:36', '2021-02-05 11:31:36'),
(394, 21, '1', '21_0_1612504938.JPG', 0, 0, 0, 1, 1, '2021-02-05 11:32:18', '2021-02-05 11:32:18'),
(395, 21, '3', '21_1_1612504938.jpg', 0, 0, 0, 2, 1, '2021-02-05 11:32:18', '2021-02-05 11:32:18'),
(396, 21, '4', '21_2_1612504938.JPG', 0, 0, 0, 3, 1, '2021-02-05 11:32:18', '2021-02-05 11:32:18'),
(397, 21, '6', '21_3_1612504938.jpg', 0, 0, 0, 4, 1, '2021-02-05 11:32:18', '2021-02-05 11:32:18'),
(398, 22, '1 (1)', '22_0_1612504978.jpg', 0, 0, 0, 1, 1, '2021-02-05 11:32:58', '2021-02-05 11:32:58'),
(399, 22, '2', '22_1_1612504978.JPG', 0, 0, 0, 2, 1, '2021-02-05 11:32:58', '2021-02-05 11:32:58'),
(400, 22, '3', '22_2_1612504978.JPG', 0, 0, 0, 3, 1, '2021-02-05 11:32:58', '2021-02-05 11:32:58'),
(401, 22, '4', '22_3_1612504978.jpg', 0, 0, 0, 4, 1, '2021-02-05 11:32:58', '2021-02-05 11:32:58'),
(402, 23, 'Denim Series White Background 1', '23_0_1612505008.JPG', 0, 0, 0, 1, 1, '2021-02-05 11:33:28', '2021-02-05 11:33:28'),
(403, 23, 'Denim Series White Background 2', '23_1_1612505008.JPG', 0, 0, 0, 2, 1, '2021-02-05 11:33:28', '2021-02-05 11:33:28'),
(404, 23, 'Denim Series White Background 3.', '23_2_1612505008.jpg', 0, 0, 0, 3, 1, '2021-02-05 11:33:28', '2021-02-05 11:33:28'),
(405, 23, 'Denim Series White Background 4', '23_3_1612505008.jpg', 0, 0, 0, 4, 1, '2021-02-05 11:33:28', '2021-02-05 11:33:28'),
(406, 24, '1', '24_0_1612505028.jpg', 0, 0, 0, 1, 1, '2021-02-05 11:33:48', '2021-02-05 11:33:48'),
(407, 24, '2', '24_1_1612505028.jpg', 0, 0, 0, 2, 1, '2021-02-05 11:33:48', '2021-02-05 11:33:48'),
(408, 24, '3', '24_2_1612505029.JPG', 0, 0, 0, 3, 1, '2021-02-05 11:33:48', '2021-02-05 11:33:48'),
(409, 24, '4', '24_3_1612505029.jpg', 0, 0, 0, 4, 1, '2021-02-05 11:33:48', '2021-02-05 11:33:48'),
(410, 25, 'Leather Series White Background 1', '25_0_1612505056.jpg', 0, 0, 0, 1, 1, '2021-02-05 11:34:16', '2021-02-05 11:34:16'),
(411, 25, 'Leather Series White Background 2', '25_1_1612505056.jpg', 0, 0, 0, 2, 1, '2021-02-05 11:34:16', '2021-02-05 11:34:16'),
(412, 25, 'Leather Series White Background 3', '25_2_1612505056.JPG', 0, 0, 0, 3, 1, '2021-02-05 11:34:16', '2021-02-05 11:34:16'),
(413, 25, 'Leather Series White Background 4', '25_3_1612505057.jpg', 0, 0, 0, 4, 1, '2021-02-05 11:34:16', '2021-02-05 11:34:16'),
(414, 26, 'Metal Series White  Background 1', '26_0_1612505074.jpg', 0, 0, 0, 1, 1, '2021-02-05 11:34:34', '2021-02-05 11:34:34'),
(415, 26, 'Metal Series White  Background 2', '26_1_1612505074.JPG', 0, 0, 0, 2, 1, '2021-02-05 11:34:34', '2021-02-05 11:34:34'),
(416, 26, 'Metal Series White  Background 3', '26_2_1612505074.jpg', 0, 0, 0, 3, 1, '2021-02-05 11:34:34', '2021-02-05 11:34:34'),
(417, 26, 'Metal Series White  Background 4', '26_3_1612505074.jpg', 0, 0, 0, 4, 1, '2021-02-05 11:34:34', '2021-02-05 11:34:34'),
(418, 27, '01', '27_0_1612505125.JPG', 0, 0, 0, 1, 1, '2021-02-05 11:35:25', '2021-02-05 11:35:25'),
(419, 27, 'Black', '27_1_1612505125.jpg', 0, 0, 0, 2, 1, '2021-02-05 11:35:25', '2021-02-05 11:35:25'),
(420, 27, 'Black', '27_2_1612505125.jpg', 0, 0, 0, 3, 1, '2021-02-05 11:35:25', '2021-02-05 11:35:25'),
(421, 27, 'Red', '27_3_1612505125.jpg', 0, 0, 0, 4, 1, '2021-02-05 11:35:25', '2021-02-05 11:35:25'),
(422, 27, 'Red', '27_4_1612505125.jpg', 0, 0, 0, 5, 1, '2021-02-05 11:35:25', '2021-02-05 11:35:25'),
(423, 73, 'Inbase Microphone - 3.5mm Audio Jack', '73_0_1612505237.jpg', 0, 0, 0, 1, 1, '2021-02-05 11:37:17', '2021-02-05 11:37:17'),
(424, 73, 'Microphone 3.5mm', '73_1_1612505237.jpg', 0, 0, 0, 2, 1, '2021-02-05 11:37:17', '2021-02-05 11:37:17'),
(425, 73, 'Microphone 3.5mm', '73_2_1612505237.jpg', 0, 0, 0, 3, 1, '2021-02-05 11:37:17', '2021-02-05 11:37:17'),
(426, 73, 'Microphone 3.5mm', '73_3_1612505237.jpg', 0, 0, 0, 4, 1, '2021-02-05 11:37:17', '2021-02-05 11:37:17'),
(427, 74, 'Inbase Microphone -  Lightning', '74_0_1612505256.jpg', 0, 0, 0, 1, 1, '2021-02-05 11:37:36', '2021-02-05 11:37:36'),
(428, 74, 'Microphone Lightning', '74_1_1612505257.jpg', 0, 0, 0, 2, 1, '2021-02-05 11:37:36', '2021-02-05 11:37:36'),
(429, 74, 'Microphone Lightning', '74_2_1612505257.jpg', 0, 0, 0, 3, 1, '2021-02-05 11:37:36', '2021-02-05 11:37:36'),
(430, 74, 'Microphone Lightning', '74_3_1612505257.jpg', 0, 0, 0, 4, 1, '2021-02-05 11:37:36', '2021-02-05 11:37:36'),
(431, 75, 'Inbase Microphone - Type C', '75_0_1612505273.jpg', 0, 0, 0, 1, 1, '2021-02-05 11:37:53', '2021-02-05 11:37:53'),
(432, 75, 'Microphone Type C', '75_1_1612505273.jpg', 0, 0, 0, 2, 1, '2021-02-05 11:37:53', '2021-02-05 11:37:53'),
(433, 75, 'Microphone Type C', '75_2_1612505273.jpg', 0, 0, 0, 3, 1, '2021-02-05 11:37:53', '2021-02-05 11:37:53'),
(434, 75, 'Microphone Type C', '75_3_1612505273.jpg', 0, 0, 0, 4, 1, '2021-02-05 11:37:53', '2021-02-05 11:37:53'),
(435, 44, 'Lightning', '44_0_1612505402.jpg', 0, 0, 0, 1, 1, '2021-02-05 11:40:02', '2021-02-05 11:40:02'),
(436, 44, 'Lightning', '44_1_1612505402.jpg', 0, 0, 0, 2, 1, '2021-02-05 11:40:02', '2021-02-05 11:40:02'),
(437, 44, 'Lightning', '44_2_1612505402.jpg', 0, 0, 0, 3, 1, '2021-02-05 11:40:02', '2021-02-05 11:40:02'),
(438, 44, 'Lightning', '44_3_1612505402.jpg', 0, 0, 0, 4, 1, '2021-02-05 11:40:02', '2021-02-05 11:40:02'),
(439, 14, '1', '14_0_1612505537.jpg', 0, 0, 0, 1, 1, '2021-02-05 11:42:17', '2021-02-05 11:42:17'),
(440, 14, '2', '14_1_1612505537.jpg', 0, 0, 0, 2, 1, '2021-02-05 11:42:17', '2021-02-05 11:42:17'),
(441, 14, '3', '14_2_1612505537.jpg', 0, 0, 0, 3, 1, '2021-02-05 11:42:17', '2021-02-05 11:42:17'),
(442, 14, '4', '14_3_1612505537.jpg', 0, 0, 0, 4, 1, '2021-02-05 11:42:17', '2021-02-05 11:42:17'),
(443, 14, '5', '14_4_1612505537.jpg', 0, 0, 0, 5, 1, '2021-02-05 11:42:17', '2021-02-05 11:42:17'),
(444, 95, 'Urban GT1 01', '95_0_1612506402.jpg', 0, 0, 0, 1, 1, '2021-02-05 11:56:42', '2021-02-05 11:56:42'),
(445, 95, 'Urban GT1 02', '95_1_1612506402.jpg', 0, 0, 0, 2, 1, '2021-02-05 11:56:42', '2021-02-05 11:56:42'),
(446, 95, 'Urban GT1 03', '95_2_1612506402.jpg', 0, 0, 0, 3, 1, '2021-02-05 11:56:42', '2021-02-05 11:56:42'),
(447, 95, 'Urban GT1 04', '95_3_1612506402.jpg', 0, 0, 0, 4, 1, '2021-02-05 11:56:42', '2021-02-05 11:56:42'),
(448, 95, 'Urban GT1 05', '95_4_1612506402.jpg', 0, 0, 0, 5, 1, '2021-02-05 11:56:42', '2021-02-05 11:56:42'),
(449, 96, 'Urban GT2  (1)', '96_0_1612506418.jpg', 0, 0, 0, 1, 1, '2021-02-05 11:56:58', '2021-02-05 11:56:58'),
(450, 96, 'Urban GT2  (2)', '96_1_1612506419.jpg', 0, 0, 0, 2, 1, '2021-02-05 11:56:58', '2021-02-05 11:56:58'),
(451, 96, 'Urban GT2  (3)', '96_2_1612506419.jpg', 0, 0, 0, 3, 1, '2021-02-05 11:56:58', '2021-02-05 11:56:58'),
(452, 96, 'Urban GT2  (4)', '96_3_1612506419.jpg', 0, 0, 0, 4, 1, '2021-02-05 11:56:58', '2021-02-05 11:56:58'),
(453, 96, 'Urban GT2  (5)', '96_4_1612506419.jpg', 0, 0, 0, 5, 1, '2021-02-05 11:56:58', '2021-02-05 11:56:58'),
(454, 97, 'Urban GT03  (1)', '97_0_1612506434.jpg', 0, 0, 0, 1, 1, '2021-02-05 11:57:14', '2021-02-05 11:57:14'),
(455, 97, 'Urban GT03  (2)', '97_1_1612506435.jpg', 0, 0, 0, 2, 1, '2021-02-05 11:57:14', '2021-02-05 11:57:14'),
(456, 97, 'Urban GT03  (3)', '97_2_1612506435.jpg', 0, 0, 0, 3, 1, '2021-02-05 11:57:14', '2021-02-05 11:57:14'),
(457, 97, 'Urban GT03  (4)', '97_3_1612506435.jpg', 0, 0, 0, 4, 1, '2021-02-05 11:57:14', '2021-02-05 11:57:14'),
(458, 97, 'Urban GT03  (5)', '97_4_1612506435.jpg', 0, 0, 0, 5, 1, '2021-02-05 11:57:14', '2021-02-05 11:57:14'),
(459, 78, 'Bl', '78_0_1612524132.jpg', 0, 0, 0, 1, 1, '2021-02-05 16:52:12', '2021-02-05 16:52:12'),
(460, 78, 'Bl01', '78_1_1612524132.jpg', 0, 0, 0, 2, 1, '2021-02-05 16:52:12', '2021-02-05 16:52:12'),
(461, 5, 'M5', '5_0_1612526468.JPG', 0, 0, 0, 1, 1, '2021-02-05 17:31:08', '2021-02-05 17:31:08'),
(462, 80, 'Free Buds 3 (5)', '80_0_1612527902.jpg', 0, 0, 0, 1, 1, '2021-02-05 17:55:02', '2021-02-05 17:55:02'),
(468, 9, '02', '9_5_1612766408.jpg', 0, 0, 0, 6, 1, '2021-02-08 12:10:08', '2021-02-08 12:10:08'),
(469, 9, '03', '9_6_1612766408.jpg', 0, 0, 0, 7, 1, '2021-02-08 12:10:08', '2021-02-08 12:10:08');
INSERT INTO `kr_product_images` (`product_img_id`, `product_id`, `sku`, `img_path`, `isthumbdefault`, `ismediumdefault`, `isbasedefault`, `ordering`, `IsActive`, `createdDate`, `modifiedDate`) VALUES
(470, 9, '04', '9_7_1612766408.jpg', 0, 0, 0, 8, 1, '2021-02-08 12:10:08', '2021-02-08 12:10:08'),
(471, 9, '05', '9_8_1612766409.jpg', 0, 0, 0, 9, 1, '2021-02-08 12:10:08', '2021-02-08 12:10:08'),
(472, 9, 'R1', '9_0_1612766596.jpg', 0, 0, 0, 1, 1, '2021-02-08 12:13:16', '2021-02-08 12:13:16'),
(474, 9, 'G1', '9_2_1612766596.jpg', 0, 0, 0, 3, 1, '2021-02-08 12:13:16', '2021-02-08 12:13:16'),
(475, 9, 'Bl1', '9_3_1612766596.jpg', 0, 0, 0, 4, 1, '2021-02-08 12:13:16', '2021-02-08 12:13:16'),
(476, 9, 'R2', '9_4_1612766596.jpg', 0, 0, 0, 5, 1, '2021-02-08 12:13:16', '2021-02-08 12:13:16'),
(477, 9, 'R4', '9_5_1612766596.jpg', 0, 0, 0, 6, 1, '2021-02-08 12:13:16', '2021-02-08 12:13:16'),
(478, 9, 'Bl2', '9_0_1612767061.jpg', 0, 0, 0, 1, 1, '2021-02-08 12:21:01', '2021-02-08 12:21:01'),
(479, 9, 'G2', '9_1_1612767061.jpg', 0, 0, 0, 2, 1, '2021-02-08 12:21:01', '2021-02-08 12:21:01'),
(480, 9, 'GY1', '9_2_1612767061.jpg', 0, 0, 0, 3, 1, '2021-02-08 12:21:01', '2021-02-08 12:21:01'),
(481, 9, 'Bl4', '9_3_1612767061.jpg', 0, 0, 0, 4, 1, '2021-02-08 12:21:01', '2021-02-08 12:21:01'),
(482, 9, 'GY2', '9_0_1612767208.jpg', 0, 0, 0, 1, 1, '2021-02-08 12:23:28', '2021-02-08 12:23:28'),
(483, 9, 'G4', '9_1_1612767209.jpg', 0, 0, 0, 2, 1, '2021-02-08 12:23:28', '2021-02-08 12:23:28'),
(484, 9, 'GY4', '9_2_1612767209.jpg', 0, 0, 0, 3, 1, '2021-02-08 12:23:28', '2021-02-08 12:23:28'),
(485, 77, '01', '77_0_1612767495.jpg', 0, 0, 0, 1, 1, '2021-02-08 12:28:15', '2021-02-08 12:28:15'),
(486, 77, '02', '77_1_1612767495.jpg', 0, 0, 0, 2, 1, '2021-02-08 12:28:15', '2021-02-08 12:28:15'),
(487, 77, '03', '77_2_1612767495.jpg', 0, 0, 0, 3, 1, '2021-02-08 12:28:15', '2021-02-08 12:28:15'),
(488, 77, '04', '77_3_1612767495.jpg', 0, 0, 0, 4, 1, '2021-02-08 12:28:15', '2021-02-08 12:28:15'),
(489, 77, '05', '77_4_1612767495.jpg', 0, 0, 0, 5, 1, '2021-02-08 12:28:15', '2021-02-08 12:28:15'),
(490, 62, 'RoseGold', '62_0_1612768579.jpg', 0, 0, 0, 1, 1, '2021-02-08 12:46:19', '2021-02-08 12:46:19'),
(491, 62, 'RoseGold', '62_1_1612768579.jpg', 0, 0, 0, 2, 1, '2021-02-08 12:46:19', '2021-02-08 12:46:19'),
(492, 62, 'Silver', '62_2_1612768579.JPG', 0, 0, 0, 3, 1, '2021-02-08 12:46:19', '2021-02-08 12:46:19'),
(493, 62, 'Silver', '62_3_1612768579.jpg', 0, 0, 0, 4, 1, '2021-02-08 12:46:19', '2021-02-08 12:46:19'),
(494, 62, 'Silver', '62_4_1612768579.jpg', 0, 0, 0, 5, 1, '2021-02-08 12:46:19', '2021-02-08 12:46:19'),
(495, 66, 'Gold', '66_0_1612768981.JPG', 0, 0, 0, 1, 1, '2021-02-08 12:53:01', '2021-02-08 12:53:01'),
(496, 66, 'White', '66_1_1612768981.jpg', 0, 0, 0, 2, 1, '2021-02-08 12:53:01', '2021-02-08 12:53:01'),
(497, 66, 'Gold', '66_2_1612768981.JPG', 0, 0, 0, 3, 1, '2021-02-08 12:53:01', '2021-02-08 12:53:01'),
(498, 66, 'Gold', '66_3_1612768982.JPG', 0, 0, 0, 4, 1, '2021-02-08 12:53:01', '2021-02-08 12:53:01'),
(499, 66, 'White', '66_0_1612769096.JPG', 0, 0, 0, 1, 1, '2021-02-08 12:54:56', '2021-02-08 12:54:56'),
(500, 66, 'White', '66_1_1612769096.JPG', 0, 0, 0, 2, 1, '2021-02-08 12:54:56', '2021-02-08 12:54:56'),
(501, 67, '2', '67_0_1612769473.jpg', 0, 0, 0, 1, 1, '2021-02-08 13:01:13', '2021-02-08 13:01:13'),
(502, 67, '3', '67_1_1612769473.jpg', 0, 0, 0, 2, 1, '2021-02-08 13:01:13', '2021-02-08 13:01:13'),
(503, 67, '4', '67_2_1612769473.jpg', 0, 0, 0, 3, 1, '2021-02-08 13:01:13', '2021-02-08 13:01:13'),
(504, 15, '25 cm 2 in 1 Nylon Briaded Micro to Lightning  02', '15_0_1612775280.jpg', 0, 0, 0, 1, 1, '2021-02-08 14:38:00', '2021-02-08 14:38:00'),
(505, 15, '25 cm 2 in 1 Nylon Briaded Micro to Lightning 03', '15_1_1612775280.jpg', 0, 0, 0, 2, 1, '2021-02-08 14:38:00', '2021-02-08 14:38:00'),
(506, 15, '25 cm 2 in 1 Nylon Briaded Micro to Type C 0', '15_2_1612775280.jpg', 0, 0, 0, 3, 1, '2021-02-08 14:38:00', '2021-02-08 14:38:00'),
(507, 15, '25 cm 2 in 1 Nylon Micro & Lightning 01', '15_3_1612775280.jpg', 0, 0, 0, 4, 1, '2021-02-08 14:38:00', '2021-02-08 14:38:00'),
(508, 43, 'Nylon Braided White Background 1', '43_0_1612775425.jpg', 0, 0, 0, 1, 1, '2021-02-08 14:40:25', '2021-02-08 14:40:25'),
(509, 43, 'Nylon Braided White Background 2', '43_1_1612775425.jpg', 0, 0, 0, 2, 1, '2021-02-08 14:40:25', '2021-02-08 14:40:25'),
(510, 43, 'Nylon Braided White Background 4', '43_2_1612775425.jpg', 0, 0, 0, 3, 1, '2021-02-08 14:40:25', '2021-02-08 14:40:25'),
(511, 43, 'Nylon Braided White Background 6', '43_3_1612775425.jpg', 0, 0, 0, 4, 1, '2021-02-08 14:40:25', '2021-02-08 14:40:25'),
(512, 43, 'Nylon Braided White Background 7', '43_4_1612775425.jpg', 0, 0, 0, 5, 1, '2021-02-08 14:40:25', '2021-02-08 14:40:25'),
(514, 107, 'Inbase Adjustable Bracket 03', '107_0_1613220408.jpg', 0, 0, 0, 1, 1, '2021-02-13 18:16:48', '2021-02-13 18:16:48'),
(515, 107, 'Inbase Adjustable Bracket 02', '107_1_1613220408.jpg', 0, 0, 0, 2, 1, '2021-02-13 18:16:48', '2021-02-13 18:16:48'),
(516, 1, 'Colors', '1_0_1613733829.jpg', 0, 0, 0, 1, 1, '2021-02-19 16:53:49', '2021-02-19 16:53:49'),
(517, 1, 'Free your Neck Pains', '1_1_1613733830.jpg', 0, 0, 0, 2, 1, '2021-02-19 16:53:49', '2021-02-19 16:53:49'),
(518, 1, 'Material', '1_2_1613733830.jpg', 0, 0, 0, 3, 1, '2021-02-19 16:53:49', '2021-02-19 16:53:49'),
(519, 1, 'Multiple Angles', '1_3_1613733830.jpg', 0, 0, 0, 4, 1, '2021-02-19 16:53:49', '2021-02-19 16:53:49'),
(522, 1, 'Stand you Phone for chargers 01', '1_0_1613735087.jpg', 0, 0, 0, 1, 1, '2021-02-19 17:14:47', '2021-02-19 17:14:47');

-- --------------------------------------------------------

--
-- Table structure for table `kr_product_images_old`
--

CREATE TABLE `kr_product_images_old` (
  `product_img_id` int(11) NOT NULL,
  `product_id` int(11) NOT NULL,
  `sku` varchar(100) NOT NULL,
  `img_path` varchar(500) NOT NULL,
  `isthumbdefault` tinyint(1) NOT NULL,
  `ismediumdefault` tinyint(1) NOT NULL,
  `isbasedefault` tinyint(1) NOT NULL,
  `ordering` int(11) NOT NULL,
  `IsActive` tinyint(1) NOT NULL,
  `createdDate` datetime NOT NULL,
  `modifiedDate` datetime NOT NULL
) ENGINE=InnoDB DEFAULT CHARSET=latin1;

-- --------------------------------------------------------

--
-- Table structure for table `kr_product_list_features`
--

CREATE TABLE `kr_product_list_features` (
  `specificationid` int(11) NOT NULL,
  `product_id` int(11) NOT NULL,
  `specimage` text NOT NULL,
  `spectitle` varchar(255) NOT NULL,
  `specvalue` text NOT NULL,
  `sortingorder` int(11) NOT NULL,
  `imagealignment` int(11) NOT NULL,
  `userid` int(11) NOT NULL,
  `IsActive` int(11) NOT NULL,
  `CreatedDate` datetime NOT NULL,
  `ModifiedDate` datetime NOT NULL DEFAULT CURRENT_TIMESTAMP
) ENGINE=MyISAM DEFAULT CHARSET=latin1;

--
-- Dumping data for table `kr_product_list_features`
--

INSERT INTO `kr_product_list_features` (`specificationid`, `product_id`, `specimage`, `spectitle`, `specvalue`, `sortingorder`, `imagealignment`, `userid`, `IsActive`, `CreatedDate`, `ModifiedDate`) VALUES
(1, 73, '16165858280Pin_Drop_Silence.jpg', 'Pin Drop Silence', 'With Noise Cancellation feature, this clip microphone ensures a smooth and perfect recording with no noise disturbance.', 1, 1, 17, 1, '2021-03-24 17:07:08', '2021-03-24 17:07:08'),
(2, 73, '16165858287LOng_Product_Life.jpg', 'Long Product Life', 'Made with Ultra Durable PVC Material for Cable, this clip microphone can go on for years and ensure durability and ruggedness in your daily recording.', 2, 2, 17, 1, '2021-03-24 17:07:08', '2021-03-24 17:07:08'),
(3, 73, '16165858283Record_From_Distance.jpg', 'Record from Distance', 'With a 1.5 meter cable length, you can record from long distance without tangles and hindrances.', 3, 1, 17, 1, '2021-03-24 17:07:08', '2021-03-24 17:07:08'),
(4, 73, '16165858285Something_For_Extra.jpg', 'Something extra for clear recording', 'The clip microphone comes with tie clip and foam windscreen', 4, 2, 17, 1, '2021-03-24 17:07:08', '2021-03-24 17:07:08'),
(5, 74, '16166535802Pin_Drop.jpg', 'Pin Drop Silence', 'With Noise Cancellation feature, this clip microphone guarantees a smooth and perfect recording with no noise disturbance.', 1, 1, 17, 1, '2021-03-25 11:56:20', '2021-03-25 11:56:20'),
(6, 74, '16166535805Long_Product_Durablity.jpg', 'Long Product Life', 'Made with Cable Fiber, this clip microphone can go on for years and ensure durability and ruggedness in your daily recording.', 2, 2, 17, 1, '2021-03-25 11:56:20', '2021-03-25 11:56:20'),
(7, 74, '16166535806Record_From_Distance.jpg', 'Record from Distance', 'With a 1.5 meter cable length, you can record from long distance without tangles and hindrances.', 3, 1, 17, 1, '2021-03-25 11:56:20', '2021-03-25 11:56:20'),
(8, 74, '16166535803Something_extra.jpg', 'Something extra for clear recording', 'The clip microphone comes with mind muffs, tie clip and foam windscreen', 4, 2, 17, 1, '2021-03-25 11:56:20', '2021-03-25 11:56:20'),
(9, 9, '16166787299Small_But_Packs_A_Bunch.jpg', 'Small But Packs a Punch', 'Boom Lite is small, compact and lightweight speaker as it weighs only 271 grams and comes with a powerful output of 3W*1, promising a combination of high performance and unmatchable style.', 1, 1, 17, 1, '2021-03-25 14:39:36', '2021-04-10 15:04:59'),
(10, 9, '16166633766Tws_Connection.jpg', 'TWS Technology', 'Boom Lite speaker gives you the possibility to connect two speakers thanks to its True Wireless Connection (TWS) feature providing you a stereo sound experience.', 2, 2, 17, 1, '2021-03-25 14:39:36', '2021-04-10 15:04:59'),
(11, 9, '16166633765Unmatched_Range_&_Connectivity.jpg', 'Unmatched Range and Connectivity', 'The small party speaker comes equipped with Bluetooth V4.2 which provides a connectivity and wireless range of 10 metres making it an ideal companion to listen to your favourite songs while cooking your favourite dish in your kitchen.', 3, 1, 17, 1, '2021-03-25 14:39:36', '2021-04-10 15:04:59'),
(12, 9, '16166787293Consume_LEss_Give.jpg', 'Consume Less, Give More', 'The speaker has an in-built battery capacity of 500 mAh which has a charge time of 2 hours but gives out an unparalleled playback time of 4 hours in single charge, doubling your leisure listening time.', 4, 2, 17, 1, '2021-03-25 14:39:36', '2021-04-10 15:04:59'),
(13, 9, '16166787293Play_Rain.jpg', 'Play in Rain Too', 'Certified with IP68, the speaker is water resistant making it ideal for water related activities and yeah, you can enjoy sweet monsoon melodies', 5, 1, 17, 1, '2021-03-25 18:55:29', '2021-04-10 15:04:59'),
(14, 9, '16166787297more_Connectivity.jpg', 'More Connectivity', 'Apart from Bluetooth, you can also play your favourite tracks on Boom Lite through USB cable, TF card, FM, and Aux cable.', 6, 2, 17, 1, '2021-03-25 18:55:29', '2021-04-10 15:04:59'),
(15, 9, '16166787294Favorite_Colour.jpg', 'Comes in Your Favourite Colors', 'Apart from classic black, the speaker is also available in Red, Green, Grey and Blue colors to choose from.', 7, 1, 17, 1, '2021-03-25 18:55:29', '2021-04-10 15:04:59'),
(16, 90, '16167585007call_without_hands.jpg', 'Call Without Hands', 'The wired earphone allows users to enjoy hands-free calling experience by having a microphone and volume adjustable controls which allows the user to control the volume and talk while performing other activities such as driving, cooking etc.', 1, 1, 17, 1, '2021-03-26 17:04:59', '2021-03-27 10:46:16'),
(17, 90, '16167585006Durable.jpg', 'Durable, Stylish and Crystal Clear', 'Made with TPE round cable wire, the wired earphone has a length of 1.2 metre and comes in 2 colors-  Black and White.', 2, 2, 17, 1, '2021-03-26 17:04:59', '2021-03-27 10:46:16'),
(18, 5, '16167588024Call_Without_Hands.jpg', 'Call Without Hands', 'The wired earphone allows users to enjoy hands-free calling experience by having a microphone and volume adjustable controls which allows the user to control the volume and talk while performing other activities such as driving, cooking etc.', 1, 1, 17, 1, '2021-03-26 17:10:02', '2021-03-27 10:43:15'),
(19, 5, '16167588026Durable.jpg', 'Durable , Stylish and Crystal Clear', 'Made with TPE round cable wire, the wired earphone has a length of 1.2 metre and comes in 2 colors-  Black and White.', 2, 2, 17, 1, '2021-03-26 17:10:02', '2021-03-27 10:43:15'),
(20, 89, '16167589025Call_Without_HAnds.jpg', 'Call Without Hands', 'The wired earphone allows users to enjoy hands-free calling experience by having a microphone and volume adjustable controls which allows the user to control the volume and talk while performing other activities such as driving, cooking etc.', 1, 1, 17, 1, '2021-03-26 17:11:42', '2021-03-27 10:43:47'),
(21, 89, '16167589027Durable.jpg', 'Durable, Stylish and Crystal Clear', 'Made with TPE round cable wire, the wired earphone has a length of 1.2 metre and comes in 2 colors-  Black and White.', 2, 2, 17, 1, '2021-03-26 17:11:42', '2021-03-27 10:43:47'),
(22, 91, '16167589869Call_Without_Hand.jpg', 'Call without hands', 'The wired earphone allows users to enjoy hands-free calling experience by having a microphone and volume adjustable controls which allows the user to control the volume and talk while performing other activities such as driving, cooking etc.', 1, 1, 17, 1, '2021-03-26 17:13:06', '2021-03-26 17:13:06'),
(23, 91, '16167589861Durable.jpg', 'Durable , Stylish and Crystal Clear', 'Made with TPE round cable wire, the wired earphone has a length of 1.2 metre and comes in 2 colors-  Black and White.', 2, 2, 17, 1, '2021-03-26 17:13:06', '2021-03-26 17:13:06'),
(24, 88, '16167590945Call_Without_HAnds.jpg', 'Call without hands', 'The wired earphone allows users to enjoy hands-free calling experience which allows you to focus your main attention on other activities such as driving, cooking etc.', 1, 1, 17, 1, '2021-03-26 17:14:54', '2021-03-26 17:14:54'),
(25, 88, '16167590948Durable_&_Crystal_CLear.jpg', 'Durable and Crystal Clear', 'Equipped with Kevlar Core Cable, the wired earphone has a length of 1.2 metre and comes with Dual Driver of a size of 10mm and Graphene Composite Diaphragm which gives out crystal clear sound to the user.', 2, 2, 17, 1, '2021-03-26 17:14:54', '2021-03-26 17:14:54'),
(26, 92, '16167591749call_Without_HAnd.jpg', 'Call without hands', 'The wired earphone allows users to enjoy hands-free calling experience which allows you to focus your main attention on other activities such as driving, cooking etc.', 1, 1, 17, 1, '2021-03-26 17:16:14', '2021-03-26 17:16:14'),
(27, 92, '16167591745Durable.jpg', 'Durable and Crystal Clear', 'Equipped with Kevlar Core Cable, the wired earphone has a length of 1.2 metre and comes with Dual Driver of a size of 10mm and Graphene Composite Diaphragm which gives out crystal clear sound to the user.', 2, 2, 17, 1, '2021-03-26 17:16:14', '2021-03-26 17:16:14'),
(28, 81, '16167592736Call_Without_Hand_01.jpg', 'Call without hands', 'The wired earphone allows users to enjoy hands-free calling experience while focusing their main attention on other activities such as driving, cooking etc.', 1, 1, 17, 1, '2021-03-26 17:17:53', '2021-03-26 17:17:53'),
(29, 81, '16167592735Durable_&_Long_LAsting.jpg', 'Durable and Long Lasting', 'Made with PE material, the wired earphone has a length of 1.2 metre and comes with a built-in storage box for storing and keeping the wired earphone while not in use.', 2, 2, 17, 1, '2021-03-26 17:17:53', '2021-03-26 17:17:53'),
(30, 82, '16167593468Call_Without_Hands.jpg', 'Call without hands', 'The wired earphone allows users to enjoy hands-free calling experience while focusing their main attention on other activities such as driving, cooking etc.', 1, 1, 17, 1, '2021-03-26 17:19:06', '2021-03-26 17:19:06'),
(31, 82, '16167593466Durable_&_Long_Lasting.jpg', 'Durable and Long Lasting', 'Made with PE material, the wired earphone has a length of 1.2 metre and comes with a built-in storage box for storing and keeping the wired earphone while not in use.', 2, 2, 17, 1, '2021-03-26 17:19:06', '2021-03-26 17:19:06'),
(32, 83, '16167594266call_Without_Hand.jpg', 'Call without hands', 'The wired earphone allows users to enjoy hands-free calling experience while focusing their main attention on other activities such as driving, cooking etc.', 1, 1, 17, 1, '2021-03-26 17:20:26', '2021-03-26 17:20:26'),
(33, 83, '16167594268Durable_&_Long_LAsting.jpg', 'Durable and Long Lasting', 'Made with PE material, the wired earphone has a length of 1.2 metre and comes with a built-in storage box for storing and keeping the wired earphone while not in use.', 2, 2, 17, 1, '2021-03-26 17:20:26', '2021-03-26 17:20:26'),
(34, 84, '16167594793call_Without_Hand.jpg', 'Call without hands', 'The wired earphone allows users to enjoy hands-free calling experience and comes with Tangle free cable which allows you to focus your main attention on other activities such as driving, cooking etc.', 1, 1, 17, 1, '2021-03-26 17:21:19', '2021-03-26 17:21:19'),
(35, 84, '16167594794Durable_&_Long_LAsting.jpg', 'Durable and Long Lasting', 'Made with PE material, the wired earphone has a length of 1.2 metre and comes with a built-in storage box for storing and keeping the wired earphone while not in use.', 2, 2, 17, 1, '2021-03-26 17:21:19', '2021-03-26 17:21:19'),
(36, 79, '16167604809Works_in__Exreme.jpg', 'Work in extreme conditions', 'This TWS earbuds works fine in extreme temperatures ranging from -10 to 60 Celsius showcasing its toughness and endurance.', 1, 1, 17, 1, '2021-03-26 17:38:00', '2021-03-26 17:38:00'),
(37, 79, '16167604802Seamless_COnnectivity.jpg', 'Seamless Connectivity and Unmatched Range', 'With Advanced Bluetooth Version 5.0 and wireless range of 10 metres, enjoy your favorite music with any hindrance or disturbance without fearing the distance.', 2, 2, 17, 1, '2021-03-26 17:38:00', '2021-03-26 17:38:00'),
(38, 79, '16167604807Never_Runout_Battery.jpg', 'Never run out of battery', 'With charging time of 90 minutes and standby time of 14 days, never fear running out of battery. If without any power, just put it back in the charging case as it has 500 mAh capacity and will charge your earbuds in no time.', 3, 1, 17, 1, '2021-03-26 17:38:00', '2021-03-26 17:38:00'),
(39, 79, '16167604803Water_Resistant.jpg', 'LightWeight and Water Resistant', 'Weighing only 4.6 grams each and IPX5 Certified, Free Buds 2 Pro is an ideal companion for all your extensive workout and physical activities with being sweat and water resistant.', 4, 2, 17, 1, '2021-03-26 17:38:00', '2021-03-26 17:38:00'),
(40, 78, '16167605599Goes_On_SIngle_Charge.jpg', 'Goes on and one in single charge', 'Free Buds 2 has a charge time of 90 minutes and gives out a talk time of 3 hours in single charge enhancing your listening experience longer.', 1, 1, 17, 1, '2021-03-26 17:39:19', '2021-03-26 17:39:19'),
(41, 78, '16167605597Bigger_BAttery.jpg', 'Bigger the Battery, the better', 'The TWS Earbuds has an earbuds battery capacity of 50 mAh and 350 mAh for the  charging case ensuring longer playtime.', 2, 2, 17, 1, '2021-03-26 17:39:19', '2021-03-26 17:39:19'),
(42, 78, '16167605593Light_WEight_Water_Proof.jpg', 'LightWeight and Water Resistant', 'Weighing only 4.6 grams each and comes equipped with High Level V5.0 Chip, Free Buds 2 is an ideal companion for all your extensive workout and physical activities with being sweat and water resistant.', 3, 1, 17, 1, '2021-03-26 17:39:19', '2021-03-26 17:39:19'),
(43, 80, '16167608148Seamelss_Connectivity.jpg', 'Seamless Connectivity and Unmatched Range', 'With Advanced Bluetooth Version 5.0 and wireless range of 10 metres, enjoy your favorite music with any hindrance or disturbance without fearing the distance.', 1, 1, 17, 1, '2021-03-26 17:43:34', '2021-03-26 17:43:34'),
(44, 80, '16167608141Never_Runout_OF_Battery.jpg', 'Never run out of battery', 'With a  charging time of 90 minutes and standby time of 14 days, never fear running out of battery. If without any power, just put it back in the charging case as it has 450 mAh capacity and will charge your earbuds in no time.', 2, 2, 17, 1, '2021-03-26 17:43:34', '2021-03-26 17:43:34'),
(45, 80, '16167608142Light_As_A_Fether.jpg', 'Light as a feather', 'Weighing only 4.6 grams each, Free Buds 3 is an ideal companion for all your extensive workout and physical activities with being sweat and water resistant.', 3, 1, 17, 1, '2021-03-26 17:43:34', '2021-03-26 17:43:34'),
(46, 76, '16167610047TWS.jpg', 'TWS Technology', 'Boom Pro speaker gives you the possibility to connect two speakers thanks to its True Wireless Connection (TWS) feature amplifying your stereo sound listening experience.', 1, 2, 17, 1, '2021-03-26 17:46:44', '2021-04-26 12:58:36'),
(47, 76, '16167610043Unmatched_Range_&_Connectivity.jpg', 'Unmatched Range and Connectivity', 'The Boom Pro comes equipped with Bluetooth version V4.2 which provides a connectivity and wireless range of 10 metres making it an ideal companion to listen to your favourite songs while cooking your favourite dish in your kitchen.', 2, 1, 17, 1, '2021-03-26 17:46:44', '2021-04-26 12:58:36'),
(48, 76, '16167610042Big_BAttery_&_Long_Playtime.jpg', 'Big Battery, Long Playtime', 'The speaker has an in-built battery capacity of 1500 mAh which has a charge time of 4 hours but gives out an unparalleled playback time of 5 hours in single charge, doubling your leisure listening time.', 3, 2, 17, 1, '2021-03-26 17:46:44', '2021-04-26 12:58:36'),
(49, 76, '16167610042Play_Rain_in_too.jpg', 'Play in Rain Too', 'Certified with IP68, Boom Pro is water resistant making it ideal for pool parties and water related activities and yeah, you can enjoy sweet monsoon melodies too.', 4, 1, 17, 1, '2021-03-26 17:46:44', '2021-04-26 12:58:36'),
(50, 76, '16167610041ROugh_&_Tough.jpg', 'Tough and Rugged', 'Boom Pro is made with durable fabric which make it a rugged and finished design  and comes with a specially designed Graphene Coated Driver with a size of 57mm getting out a powerful output of 5W*1, promising a combination of high performance and unmatchable style.', 5, 2, 17, 1, '2021-03-26 17:46:44', '2021-04-26 12:58:36'),
(51, 77, '16167611921TWS_Connection.jpg', 'TWS Technology', 'Boom Pro Max speaker give you the possibility to connect two speakers thanks to its True Wireless Connection (TWS) feature amplifying your stereo sound listening experience.', 1, 1, 17, 1, '2021-03-26 17:49:52', '2021-04-26 12:50:33'),
(52, 77, '16167611924Unmatched_Range_&_Connectivity.jpg', 'Unmatched Range and Connectivity', 'The Boom Pro Max comes equipped with Bluetooth version V4.2 which provides a connectivity and wireless range of 10 metres making it an ideal companion to listen to your favourite songs while cooking your favourite dish in your kitchen.', 2, 2, 17, 1, '2021-03-26 17:49:52', '2021-04-26 12:50:33'),
(53, 77, '16167611922Single_Charge.jpg', 'Goes Long on Single Charge', 'The speaker has a charge time of 4 hours but gives out an unparalleled playback time of 6 hours in single charge, doubling your leisure listening time.', 3, 1, 17, 1, '2021-03-26 17:49:52', '2021-04-26 12:50:33'),
(54, 77, '16167611924PLay_in_Rain_Too.jpg', 'Play in Rain Too', 'Certified with IP68, Boom Pro Max is water resistant making it ideal for pool parties and water related activities and yeah, you can enjoy sweet monsoon melodies too.', 4, 2, 17, 1, '2021-03-26 17:49:52', '2021-04-26 12:50:33'),
(55, 77, '16167611927Rough_&_Tough.jpg', 'Tough and Rugged', 'Boom Pro is made with durable fabric which make it a rugged and finished design  and comes with a specially designed Graphene Coated Driver with a size of 57mm getting out a powerful output of 5W*2, promising a combination of high performance and unmatchable style.', 5, 1, 17, 1, '2021-03-26 17:49:52', '2021-04-26 12:50:33'),
(56, 75, '16167614204Pin_Drop_Silent.jpg', 'Pin Drop Silence', 'With Noise Cancellation feature, this clip microphone guarantees a smooth and perfect recording with no noise disturbance.', 1, 1, 17, 1, '2021-03-26 17:53:40', '2021-03-26 17:53:40'),
(57, 75, '16167614207Long_Product_Life.jpg', 'Long Product Life', 'Made with Cable Fiber, this clip microphone can go on for years and ensure durability and ruggedness in your daily recording.', 2, 2, 17, 1, '2021-03-26 17:53:40', '2021-03-26 17:53:40'),
(58, 75, '16167614206Record_From_Long_Distance.jpg', 'Record from Distance', 'With a 1.5 meter cable length, you can record from long distance without tangles and hindrances.', 3, 1, 17, 1, '2021-03-26 17:53:40', '2021-03-26 17:53:40'),
(59, 75, '16167614207Something_Exra.jpg', 'Something extra for clear recording', 'The clip microphone comes with mind muffs, tie clip and foam windscreen', 4, 2, 17, 1, '2021-03-26 17:53:40', '2021-03-26 17:53:40');

-- --------------------------------------------------------

--
-- Table structure for table `kr_product_old_25_10`
--

CREATE TABLE `kr_product_old_25_10` (
  `product_id` int(11) NOT NULL,
  `dropdown_id` varchar(255) NOT NULL,
  `product_name` varchar(255) NOT NULL,
  `description` text NOT NULL,
  `longdescription` text NOT NULL,
  `metaname` text NOT NULL,
  `metadescription` text NOT NULL,
  `metakeyword` text NOT NULL,
  `model` varchar(255) NOT NULL,
  `sku` varchar(255) NOT NULL,
  `product_url` varchar(500) NOT NULL,
  `quantity` int(11) DEFAULT '0',
  `configqua` tinyint(1) DEFAULT '0',
  `minquantity` int(11) DEFAULT '0',
  `isquaincrease` int(11) DEFAULT '0',
  `price` decimal(11,2) DEFAULT '0.00',
  `specialprice` decimal(11,2) DEFAULT '0.00',
  `spl_fromdate` datetime DEFAULT NULL,
  `spl_todate` datetime DEFAULT NULL,
  `isnewproduct` tinyint(1) NOT NULL DEFAULT '0',
  `isfeaturedproduct` tinyint(1) NOT NULL DEFAULT '0',
  `newprod_fromdate` datetime DEFAULT NULL,
  `newprod_todate` datetime DEFAULT NULL,
  `attributeMapId` int(11) DEFAULT '0',
  `taxId` int(11) DEFAULT '0',
  `manufacturerId` int(11) DEFAULT '0',
  `related_products` varchar(500) NOT NULL,
  `suggested_products` varchar(500) NOT NULL,
  `soldout` tinyint(1) NOT NULL DEFAULT '0',
  `iscustomized` tinyint(1) NOT NULL,
  `uploadecustomizedimg` varchar(255) NOT NULL,
  `chkpvatt` tinyint(1) NOT NULL DEFAULT '0',
  `displayinhome` tinyint(1) NOT NULL,
  `IsActive` tinyint(1) NOT NULL DEFAULT '0',
  `created_date` datetime DEFAULT NULL,
  `modified_date` datetime DEFAULT NULL,
  `userid` int(11) DEFAULT '0'
) ENGINE=InnoDB DEFAULT CHARSET=latin1;

-- --------------------------------------------------------

--
-- Table structure for table `kr_product_specialfeature`
--

CREATE TABLE `kr_product_specialfeature` (
  `specialid` int(11) NOT NULL,
  `featureid` int(11) NOT NULL,
  `backgroundimage` text NOT NULL,
  `featureicon` text NOT NULL,
  `shortdescription` text NOT NULL,
  `userid` int(11) NOT NULL,
  `sortingorder` int(11) NOT NULL,
  `IsActive` int(11) NOT NULL,
  `CreatedDate` datetime NOT NULL,
  `ModifiedDate` datetime NOT NULL DEFAULT CURRENT_TIMESTAMP
) ENGINE=MyISAM DEFAULT CHARSET=latin1;

--
-- Dumping data for table `kr_product_specialfeature`
--

INSERT INTO `kr_product_specialfeature` (`specialid`, `featureid`, `backgroundimage`, `featureicon`, `shortdescription`, `userid`, `sortingorder`, `IsActive`, `CreatedDate`, `ModifiedDate`) VALUES
(1, 1, '', '16147776471Urban_wireless_Neckband_(1).jpg', 'Boom Lite is small, compact and lightweight speaker as it weighs only 271 grams and can be carry in your pocket but comes with a powerful output of 3W*1, promising a combination of high performance and unmatchable style.', 17, 1, 1, '2021-03-03 13:30:33', '2021-04-26 13:00:39'),
(2, 2, '16155356676earphone1.png', '16155356671more-power-icon1.png', 'BoomPro', 17, 1, 1, '2021-03-03 18:56:31', '2021-03-12 13:56:56'),
(3, 2, '16155356672image1.jpg', '16155356670more-power-icon2.png', 'Special Feature', 1, 0, 1, '2021-03-12 13:24:27', '2021-03-12 13:56:56');

-- --------------------------------------------------------

--
-- Table structure for table `kr_recentview`
--

CREATE TABLE `kr_recentview` (
  `recentid` int(11) NOT NULL,
  `product_id` int(11) NOT NULL,
  `customer_id` int(11) NOT NULL,
  `session_id` varchar(255) NOT NULL,
  `IsActive` int(11) NOT NULL,
  `Createddate` datetime NOT NULL
) ENGINE=MyISAM DEFAULT CHARSET=latin1;

--
-- Dumping data for table `kr_recentview`
--

INSERT INTO `kr_recentview` (`recentid`, `product_id`, `customer_id`, `session_id`, `IsActive`, `Createddate`) VALUES
(2, 2318, 1, '', 1, '2020-12-16 18:29:21'),
(5, 2318, 1, '', 1, '2020-12-16 18:36:04'),
(6, 2318, 1, '', 1, '2020-12-16 18:37:35'),
(7, 3820, 1, '', 1, '2020-12-16 18:39:29'),
(8, 3820, 1, '', 1, '2020-12-16 18:57:19'),
(9, 2318, 1, '', 1, '2020-12-17 11:18:18'),
(10, 3820, 1, '', 1, '2020-12-17 11:37:03'),
(11, 2318, 0, 'q3me8b5oo47qftfhvl6i16oqvb', 1, '2020-12-17 11:37:46'),
(12, 3820, 0, 'q3me8b5oo47qftfhvl6i16oqvb', 1, '2020-12-17 11:42:46'),
(13, 3820, 1, '', 1, '2020-12-17 12:09:27'),
(14, 2318, 1, '', 1, '2020-12-17 12:24:09'),
(15, 2317, 1, '', 1, '2020-12-17 12:24:10'),
(16, 3820, 1, '', 1, '2020-12-17 12:24:11'),
(17, 2318, 0, 'q3me8b5oo47qftfhvl6i16oqvb', 1, '2020-12-17 14:03:52'),
(18, 3820, 1, '', 1, '2020-12-17 14:39:12'),
(19, 3820, 1, '', 1, '2020-12-17 15:41:24'),
(20, 2318, 1, '', 1, '2020-12-17 15:47:58'),
(21, 3820, 1, '', 1, '2020-12-17 16:08:57'),
(22, 3820, 1, '', 1, '2020-12-17 18:11:58'),
(23, 3820, 1, '', 1, '2020-12-17 18:57:45'),
(24, 2318, 1, '', 1, '2020-12-17 19:54:32'),
(25, 3820, 1, '', 1, '2020-12-17 19:54:52'),
(26, 3818, 1, '', 1, '2020-12-17 20:12:30'),
(27, 2318, 1, '', 1, '2020-12-17 20:23:11'),
(28, 3820, 1, '', 1, '2020-12-17 20:23:47'),
(29, 3820, 31, '', 1, '2020-12-18 10:54:25'),
(30, 3819, 31, '', 1, '2020-12-18 10:55:40'),
(31, 3820, 31, '', 1, '2020-12-18 10:55:59'),
(32, 2317, 31, '', 1, '2020-12-18 10:55:59'),
(33, 2317, 31, '', 1, '2020-12-18 10:57:49'),
(34, 3820, 31, '', 1, '2020-12-18 10:58:44'),
(35, 3820, 0, 'jc5o09psb93rof79kq09f3esul', 1, '2020-12-18 11:38:11'),
(36, 3820, 31, '', 1, '2020-12-18 12:03:18'),
(37, 2317, 31, '', 1, '2020-12-18 12:06:45'),
(38, 2318, 31, '', 1, '2020-12-18 12:10:05'),
(39, 3819, 31, '', 1, '2020-12-18 13:37:23'),
(40, 3819, 1, '', 1, '2020-12-18 13:39:52'),
(41, 3819, 1, '', 1, '2020-12-18 14:20:11'),
(42, 2317, 0, '330apcht75vvi52d02vcqh8jt3', 1, '2020-12-18 16:42:37'),
(43, 2317, 0, '330apcht75vvi52d02vcqh8jt3', 1, '2020-12-18 16:42:57'),
(44, 3822, 0, '330apcht75vvi52d02vcqh8jt3', 1, '2020-12-18 17:06:29'),
(45, 3822, 0, '330apcht75vvi52d02vcqh8jt3', 1, '2020-12-18 17:07:19'),
(46, 3822, 0, '330apcht75vvi52d02vcqh8jt3', 1, '2020-12-18 17:33:16'),
(47, 3820, 1, '', 1, '2020-12-18 17:42:53'),
(48, 3820, 1, '', 1, '2020-12-18 17:45:05'),
(49, 3820, 1, '', 1, '2020-12-18 17:46:41'),
(50, 3820, 1, '', 1, '2020-12-18 18:02:32'),
(51, 2317, 1, '', 1, '2020-12-18 18:04:05'),
(52, 2317, 1, '', 1, '2020-12-18 18:12:15'),
(53, 3819, 1, '', 1, '2020-12-18 18:12:23'),
(54, 2318, 1, '', 1, '2020-12-18 18:14:31'),
(55, 3820, 1, '', 1, '2020-12-18 18:18:30'),
(56, 3819, 0, 'jc5o09psb93rof79kq09f3esul', 1, '2020-12-18 18:39:31'),
(57, 3820, 1, '', 1, '2020-12-18 19:19:23'),
(58, 2318, 1, '', 1, '2020-12-18 19:22:11'),
(59, 3820, 1, '', 1, '2020-12-18 19:23:50'),
(60, 3819, 1, '', 1, '2020-12-18 19:28:05'),
(61, 3820, 1, '', 1, '2020-12-18 20:15:04'),
(62, 3820, 1, '', 1, '2020-12-18 20:47:19'),
(63, 4146, 0, 'a00aaommv42i1i95o364rnc0ku', 1, '2020-12-18 21:29:33'),
(64, 4187, 92, '', 1, '2020-12-19 10:51:40'),
(65, 3820, 92, '', 1, '2020-12-19 10:53:24'),
(66, 3820, 92, '', 1, '2020-12-19 10:59:24'),
(67, 4144, 92, '', 1, '2020-12-19 11:01:51'),
(68, 4156, 92, '', 1, '2020-12-19 11:11:52'),
(69, 3819, 92, '', 1, '2020-12-19 11:16:19'),
(70, 3820, 92, '', 1, '2020-12-19 11:16:33'),
(71, 4156, 92, '', 1, '2020-12-19 11:20:37'),
(72, 4159, 92, '', 1, '2020-12-19 11:43:20'),
(73, 2318, 0, '1v46jm34ppbjst1eie4ab97hp0', 1, '2020-12-19 11:45:29'),
(74, 3819, 0, '1v46jm34ppbjst1eie4ab97hp0', 1, '2020-12-19 11:45:47'),
(75, 3820, 0, '1v46jm34ppbjst1eie4ab97hp0', 1, '2020-12-19 11:46:19'),
(76, 3819, 0, '1v46jm34ppbjst1eie4ab97hp0', 1, '2020-12-19 12:05:28'),
(77, 4252, 0, 'ia4l9d204met819gpq0gn4gss5', 1, '2020-12-19 14:10:11'),
(78, 4341, 0, 'kqpjsh3ebvcaqt6q5d8sro955b', 1, '2020-12-21 16:10:54'),
(79, 3820, 0, 'kqpjsh3ebvcaqt6q5d8sro955b', 1, '2020-12-21 16:43:49'),
(80, 2318, 0, 'kqpjsh3ebvcaqt6q5d8sro955b', 1, '2020-12-21 16:44:35'),
(81, 3820, 0, 'kqpjsh3ebvcaqt6q5d8sro955b', 1, '2020-12-21 16:46:07'),
(82, 2317, 0, 'kqpjsh3ebvcaqt6q5d8sro955b', 1, '2020-12-21 18:54:51'),
(83, 2318, 0, 'kqpjsh3ebvcaqt6q5d8sro955b', 1, '2020-12-21 18:55:35'),
(84, 2317, 0, 'kqpjsh3ebvcaqt6q5d8sro955b', 1, '2020-12-21 19:01:38'),
(85, 2318, 0, 'kqpjsh3ebvcaqt6q5d8sro955b', 1, '2020-12-21 19:03:44'),
(86, 2317, 0, 'kqpjsh3ebvcaqt6q5d8sro955b', 1, '2020-12-21 19:03:47'),
(87, 3820, 0, 'kqpjsh3ebvcaqt6q5d8sro955b', 1, '2020-12-21 19:03:52'),
(88, 2318, 0, 'hcoffskidhv96i36k7fe8pma28', 1, '2020-12-22 14:51:42'),
(89, 2317, 0, 'hcoffskidhv96i36k7fe8pma28', 1, '2020-12-22 17:09:31'),
(90, 2318, 0, 'hcoffskidhv96i36k7fe8pma28', 1, '2020-12-22 17:09:37'),
(91, 2317, 0, 'hcoffskidhv96i36k7fe8pma28', 1, '2020-12-22 17:09:41'),
(92, 4255, 0, 'hcoffskidhv96i36k7fe8pma28', 1, '2020-12-22 17:12:00'),
(93, 4255, 0, 'hcoffskidhv96i36k7fe8pma28', 1, '2020-12-22 17:12:09'),
(94, 4340, 0, 'hcoffskidhv96i36k7fe8pma28', 1, '2020-12-22 17:12:52'),
(95, 4255, 0, 'hcoffskidhv96i36k7fe8pma28', 1, '2020-12-22 17:12:56'),
(96, 4255, 0, 'hcoffskidhv96i36k7fe8pma28', 1, '2020-12-22 17:13:40'),
(97, 4255, 0, 'hcoffskidhv96i36k7fe8pma28', 1, '2020-12-22 17:14:52'),
(98, 4255, 0, 'hcoffskidhv96i36k7fe8pma28', 1, '2020-12-22 17:15:49'),
(99, 4255, 0, 'hcoffskidhv96i36k7fe8pma28', 1, '2020-12-22 17:15:53'),
(100, 4340, 0, 'hcoffskidhv96i36k7fe8pma28', 1, '2020-12-22 17:15:57'),
(101, 4255, 0, 'hcoffskidhv96i36k7fe8pma28', 1, '2020-12-22 17:16:14'),
(102, 4332, 0, 'hcoffskidhv96i36k7fe8pma28', 1, '2020-12-22 17:16:41'),
(103, 4255, 0, 'hcoffskidhv96i36k7fe8pma28', 1, '2020-12-22 17:16:44'),
(104, 4255, 0, 'hcoffskidhv96i36k7fe8pma28', 1, '2020-12-22 17:25:16'),
(105, 3820, 0, 'hcoffskidhv96i36k7fe8pma28', 1, '2020-12-22 18:33:15'),
(106, 3820, 0, 'jfjs9rogahh7gni42dpb70vcrg', 1, '2020-12-26 18:25:45'),
(107, 3820, 0, '9akjdob2cliovqa1pegcmepm86', 1, '2020-12-26 18:37:33'),
(108, 3820, 1, '', 1, '2020-12-28 11:39:56'),
(109, 2317, 1, '', 1, '2020-12-28 11:52:00'),
(110, 2317, 1, '', 1, '2020-12-28 12:39:44'),
(111, 3820, 1, '', 1, '2020-12-28 15:08:40'),
(112, 3820, 1, '', 1, '2020-12-28 15:34:54'),
(113, 4254, 1, '', 1, '2020-12-28 15:47:50'),
(114, 2317, 1, '', 1, '2020-12-28 15:47:57'),
(115, 2318, 1, '', 1, '2020-12-28 15:48:01'),
(116, 4341, 1, '', 1, '2020-12-28 15:48:12'),
(117, 3820, 1, '', 1, '2020-12-28 16:38:18'),
(118, 3820, 1, '', 1, '2020-12-28 16:52:45'),
(119, 3820, 1, '', 1, '2020-12-28 16:53:16'),
(120, 2318, 1, '', 1, '2020-12-28 16:53:34'),
(121, 3820, 1, '', 1, '2020-12-28 16:53:50'),
(122, 2317, 1, '', 1, '2020-12-28 16:54:01'),
(123, 3820, 1, '', 1, '2020-12-28 16:59:09'),
(124, 2317, 1, '', 1, '2020-12-28 17:19:44'),
(125, 2317, 1, '', 1, '2020-12-28 17:22:46'),
(126, 4342, 1, '', 1, '2020-12-28 17:24:09'),
(127, 3820, 1, '', 1, '2020-12-28 17:24:20'),
(128, 2317, 1, '', 1, '2020-12-28 17:24:29'),
(129, 2318, 1, '', 1, '2020-12-28 17:24:33'),
(130, 2317, 1, '', 1, '2020-12-28 17:30:09'),
(131, 3820, 1, '', 1, '2020-12-28 17:31:23'),
(132, 2317, 1, '', 1, '2020-12-28 17:32:44'),
(133, 3820, 1, '', 1, '2020-12-28 17:32:53'),
(134, 2317, 1, '', 1, '2020-12-28 17:33:32'),
(135, 2318, 0, 'ete4cf8ofk1a9sr5okje9qt123', 1, '2020-12-28 17:42:58'),
(136, 2317, 1, '', 1, '2020-12-28 17:48:29'),
(137, 4283, 1, '', 1, '2020-12-28 17:49:54'),
(138, 3820, 1, '', 1, '2020-12-28 17:50:03'),
(139, 3820, 1, '', 1, '2020-12-28 17:55:27'),
(140, 3820, 1, '', 1, '2020-12-28 17:56:53'),
(141, 3820, 1, '', 1, '2020-12-28 17:57:21'),
(142, 3820, 1, '', 1, '2020-12-28 18:02:43'),
(143, 4281, 1, '', 1, '2020-12-28 18:23:08'),
(144, 2317, 1, '', 1, '2020-12-28 18:23:44'),
(145, 3820, 1, '', 1, '2020-12-28 18:29:37'),
(146, 2317, 1, '', 1, '2020-12-28 18:29:50'),
(147, 3820, 1, '', 1, '2020-12-28 18:30:24'),
(148, 3820, 1, '', 1, '2020-12-28 18:31:59'),
(149, 2317, 1, '', 1, '2020-12-28 18:57:41'),
(150, 2317, 1, '', 1, '2020-12-28 19:01:14'),
(151, 2318, 1, '', 1, '2020-12-28 19:01:14'),
(152, 3820, 0, 'ov67n18ghhneljq8si9ue02dvj', 1, '2020-12-28 20:58:24'),
(153, 2317, 0, 'l0hm7lhsrb14horcr8rtf1qs74', 1, '2020-12-29 11:13:28'),
(154, 2317, 1, '', 1, '2020-12-29 11:53:20'),
(155, 2318, 1, '', 1, '2020-12-29 12:06:21'),
(156, 2317, 1, '', 1, '2020-12-29 12:06:21'),
(157, 2317, 0, 'l0hm7lhsrb14horcr8rtf1qs74', 1, '2020-12-29 12:21:16'),
(158, 3820, 1, '', 1, '2020-12-29 12:24:30'),
(159, 3820, 1, '', 1, '2020-12-29 12:41:49'),
(160, 3820, 0, 'l0hm7lhsrb14horcr8rtf1qs74', 1, '2020-12-29 12:42:25'),
(161, 2317, 0, 'l0hm7lhsrb14horcr8rtf1qs74', 1, '2020-12-29 12:42:33'),
(162, 3820, 0, 'l0hm7lhsrb14horcr8rtf1qs74', 1, '2020-12-29 12:52:08'),
(163, 4255, 0, 'l0hm7lhsrb14horcr8rtf1qs74', 1, '2020-12-29 12:52:15'),
(164, 4256, 0, 'l0hm7lhsrb14horcr8rtf1qs74', 1, '2020-12-29 12:52:23'),
(165, 2317, 1, '', 1, '2020-12-29 12:58:49'),
(166, 2318, 1, '', 1, '2020-12-29 13:02:44'),
(167, 2317, 1, '', 1, '2020-12-29 13:02:44'),
(168, 3820, 1, '', 1, '2020-12-29 13:03:34'),
(169, 4324, 1, '', 1, '2020-12-29 13:03:38'),
(170, 2317, 0, 'l0hm7lhsrb14horcr8rtf1qs74', 1, '2020-12-29 13:05:58'),
(171, 2317, 0, '573km6nvgnp0s8b2idqs8t2oct', 1, '2020-12-29 13:12:06'),
(172, 2318, 0, '573km6nvgnp0s8b2idqs8t2oct', 1, '2020-12-29 13:12:17'),
(173, 2318, 0, '573km6nvgnp0s8b2idqs8t2oct', 1, '2020-12-29 13:12:36'),
(174, 2317, 0, 'l0hm7lhsrb14horcr8rtf1qs74', 1, '2020-12-29 13:13:48'),
(175, 3820, 0, 'l0hm7lhsrb14horcr8rtf1qs74', 1, '2020-12-29 13:14:09'),
(176, 2318, 0, '573km6nvgnp0s8b2idqs8t2oct', 1, '2020-12-29 13:18:28'),
(177, 3820, 1, '', 1, '2020-12-29 13:22:13'),
(178, 3820, 0, '573km6nvgnp0s8b2idqs8t2oct', 1, '2020-12-29 13:24:46'),
(179, 2317, 1, '', 1, '2020-12-29 13:26:15'),
(180, 2318, 0, 'l0hm7lhsrb14horcr8rtf1qs74', 1, '2020-12-29 13:29:25'),
(181, 3820, 0, 'l0hm7lhsrb14horcr8rtf1qs74', 1, '2020-12-29 13:29:41'),
(182, 4358, 0, 'l0hm7lhsrb14horcr8rtf1qs74', 1, '2020-12-29 13:31:38'),
(183, 3820, 0, 'l0hm7lhsrb14horcr8rtf1qs74', 1, '2020-12-29 13:32:45'),
(184, 2317, 0, 'l0hm7lhsrb14horcr8rtf1qs74', 1, '2020-12-29 14:06:28'),
(185, 4255, 0, 'l0hm7lhsrb14horcr8rtf1qs74', 1, '2020-12-29 14:07:15'),
(186, 2317, 0, '6ldd83oc48pk3obltfsk3tsq6l', 1, '2020-12-29 14:49:32'),
(187, 2318, 1, '', 1, '2020-12-29 15:27:02'),
(188, 4254, 1, '', 1, '2020-12-29 15:39:38'),
(189, 4254, 0, '6ldd83oc48pk3obltfsk3tsq6l', 1, '2020-12-29 15:46:50'),
(190, 3820, 0, '6ldd83oc48pk3obltfsk3tsq6l', 1, '2020-12-29 15:46:59'),
(191, 3820, 0, '6ldd83oc48pk3obltfsk3tsq6l', 1, '2020-12-29 16:05:04'),
(192, 4254, 1, '', 1, '2020-12-29 16:42:59'),
(193, 4255, 1, '', 1, '2020-12-29 16:43:19'),
(194, 4340, 1, '', 1, '2020-12-29 17:03:45'),
(195, 4332, 1, '', 1, '2020-12-29 17:07:34'),
(196, 4339, 1, '', 1, '2020-12-29 17:09:00'),
(197, 4343, 1, '', 1, '2020-12-29 17:09:01'),
(198, 4332, 1, '', 1, '2020-12-29 17:13:58'),
(199, 4356, 1, '', 1, '2020-12-29 17:53:11'),
(200, 4355, 1, '', 1, '2020-12-29 17:55:34'),
(201, 4256, 1, '', 1, '2020-12-29 17:56:32'),
(202, 4356, 1, '', 1, '2020-12-29 18:08:46'),
(203, 4356, 0, '6ldd83oc48pk3obltfsk3tsq6l', 1, '2020-12-29 18:12:10'),
(204, 4356, 0, '6ldd83oc48pk3obltfsk3tsq6l', 1, '2020-12-29 18:20:19'),
(205, 4324, 1, '', 1, '2020-12-29 18:20:21'),
(206, 4340, 1, '', 1, '2020-12-29 19:08:02'),
(207, 4254, 1, '', 1, '2020-12-29 19:36:26'),
(208, 4340, 1, '', 1, '2020-12-29 19:37:04'),
(209, 3820, 1, '', 1, '2020-12-29 19:37:18'),
(210, 3819, 1, '', 1, '2020-12-29 19:37:23'),
(211, 3820, 1, '', 1, '2020-12-29 19:38:00'),
(212, 4324, 1, '', 1, '2020-12-29 19:43:18'),
(213, 4324, 1, '', 1, '2020-12-29 19:44:01'),
(214, 4254, 1, '', 1, '2020-12-29 20:05:38'),
(215, 4254, 1, '', 1, '2020-12-30 10:20:00'),
(216, 3820, 1, '', 1, '2020-12-30 10:20:14'),
(217, 4254, 1, '', 1, '2020-12-30 16:44:19'),
(218, 4254, 1, '', 1, '2020-12-30 16:48:34'),
(219, 4254, 1, '', 1, '2020-12-30 17:02:49'),
(220, 4254, 1, '', 1, '2020-12-30 17:41:26'),
(221, 3819, 1, '', 1, '2020-12-31 10:36:28'),
(222, 4252, 1, '', 1, '2020-12-31 11:56:30'),
(223, 4343, 1, '', 1, '2020-12-31 13:04:25'),
(224, 4251, 0, 'u9i3jtgckjic2f7bl192kkv3o8', 1, '2020-12-31 16:03:01'),
(225, 3820, 0, 'cnhg8loi103p5jccmlq7le278p', 1, '2021-01-02 13:58:13'),
(226, 3820, 0, 'pp4ok3h0a5n3fia7ho767sv8di', 1, '2021-01-04 11:03:30'),
(227, 4254, 0, '9kc7uruh65t4tuafkmjq1a5ioa', 1, '2021-01-04 15:02:43'),
(228, 4254, 0, '9kc7uruh65t4tuafkmjq1a5ioa', 1, '2021-01-04 15:08:19'),
(229, 4254, 0, '9kc7uruh65t4tuafkmjq1a5ioa', 1, '2021-01-04 15:33:27'),
(230, 4255, 0, '9kc7uruh65t4tuafkmjq1a5ioa', 1, '2021-01-04 15:58:22'),
(231, 4255, 0, '9kc7uruh65t4tuafkmjq1a5ioa', 1, '2021-01-04 15:58:34'),
(232, 3820, 0, '9kc7uruh65t4tuafkmjq1a5ioa', 1, '2021-01-04 16:08:13'),
(233, 4254, 0, '9kc7uruh65t4tuafkmjq1a5ioa', 1, '2021-01-04 16:08:32'),
(234, 3820, 0, '9kc7uruh65t4tuafkmjq1a5ioa', 1, '2021-01-04 16:08:46'),
(235, 4255, 0, '9kc7uruh65t4tuafkmjq1a5ioa', 1, '2021-01-04 16:09:08'),
(236, 4254, 0, 'pp4ok3h0a5n3fia7ho767sv8di', 1, '2021-01-04 16:31:30'),
(237, 4254, 0, 'pp4ok3h0a5n3fia7ho767sv8di', 1, '2021-01-04 16:32:39'),
(238, 3820, 0, 'pp4ok3h0a5n3fia7ho767sv8di', 1, '2021-01-04 16:43:08'),
(239, 3820, 0, 'ec2osnler17cks4ui8jbfi8g9m', 1, '2021-01-05 10:42:39'),
(240, 3820, 0, '9omvbrdp1tsnm8603r175g6v6e', 1, '2021-01-05 17:01:47'),
(241, 4254, 0, 'lef3scqjrd3b9glotrmdelabcs', 1, '2021-01-07 17:00:47'),
(242, 3820, 0, 'frdvq0tol182abgqckj0aj4cbj', 1, '2021-01-07 20:18:22'),
(243, 3820, 0, 'eqelvlonph9u4dvo5fv51jn285', 1, '2021-01-07 20:47:04'),
(244, 4254, 0, 'mo2coa4n8d4h2v5frskdlacd74', 1, '2021-01-08 11:19:09'),
(245, 4251, 0, 'mo2coa4n8d4h2v5frskdlacd74', 1, '2021-01-08 11:19:44'),
(246, 3820, 0, 'mo2coa4n8d4h2v5frskdlacd74', 1, '2021-01-08 11:20:02'),
(247, 3820, 0, 'mo2coa4n8d4h2v5frskdlacd74', 1, '2021-01-08 11:34:31'),
(248, 4254, 0, 'mo2coa4n8d4h2v5frskdlacd74', 1, '2021-01-08 15:43:47'),
(249, 4324, 0, '9j78r8mnmrl7t7hq4mv8p2sk09', 1, '2021-01-08 17:37:36'),
(250, 4343, 0, '9j78r8mnmrl7t7hq4mv8p2sk09', 1, '2021-01-08 18:23:01'),
(251, 4254, 0, '28glsbrv582b4315elo1madqvh', 1, '2021-01-08 18:32:19'),
(252, 3820, 0, '28glsbrv582b4315elo1madqvh', 1, '2021-01-08 18:33:08'),
(253, 3820, 0, '9j78r8mnmrl7t7hq4mv8p2sk09', 1, '2021-01-08 18:57:43'),
(254, 3820, 0, '9j78r8mnmrl7t7hq4mv8p2sk09', 1, '2021-01-08 19:13:59'),
(255, 3820, 0, 't83vvsegl63q58jgoeufa3o2li', 1, '2021-01-09 11:09:33'),
(256, 3820, 0, 't83vvsegl63q58jgoeufa3o2li', 1, '2021-01-09 11:11:47'),
(257, 4253, 0, 'utlkupf8imhbu9g6h4alio51tq', 1, '2021-01-12 19:08:47'),
(258, 4254, 0, 'utlkupf8imhbu9g6h4alio51tq', 1, '2021-01-12 19:09:04'),
(259, 3820, 0, 'utlkupf8imhbu9g6h4alio51tq', 1, '2021-01-12 19:09:26'),
(260, 3820, 0, 'utlkupf8imhbu9g6h4alio51tq', 1, '2021-01-12 19:14:38'),
(261, 3820, 0, 'utlkupf8imhbu9g6h4alio51tq', 1, '2021-01-12 19:21:25'),
(262, 4254, 0, 'c35i5tfg6d75ri82etmgo4j44j', 1, '2021-01-13 13:34:56'),
(263, 3820, 0, 'fi842tau30rv7k9h53a8bcjevl', 1, '2021-01-13 14:21:33'),
(264, 4251, 0, 'a8ho9vtskhonhhi528qjnpsnpg', 1, '2021-01-16 16:09:21'),
(265, 4339, 0, 'oi619en5eh6133s6astrm6bu79', 1, '2021-01-18 11:28:39'),
(266, 3820, 0, 'oi619en5eh6133s6astrm6bu79', 1, '2021-01-18 11:28:58'),
(267, 4356, 1, '', 1, '2021-01-19 15:10:42'),
(268, 3820, 1, '', 1, '2021-01-19 15:11:51'),
(269, 4340, 1, '', 1, '2021-01-19 17:23:15'),
(270, 3820, 1, '', 1, '2021-01-19 17:25:18'),
(271, 4254, 0, 'v7jldbq97dk1uvot4up3u5sfna', 1, '2021-01-21 16:53:26'),
(272, 3819, 0, 'fpsh16gfsr9hdm27sqg38io7lv', 1, '2021-01-28 13:35:55'),
(273, 4356, 0, 'fpsh16gfsr9hdm27sqg38io7lv', 1, '2021-01-28 13:36:14'),
(274, 4254, 0, '3ar3lql902o4iah1596bqkffua', 1, '2021-01-28 14:04:21'),
(275, 4359, 0, '3ar3lql902o4iah1596bqkffua', 1, '2021-01-28 14:29:00'),
(276, 4359, 0, '3ar3lql902o4iah1596bqkffua', 1, '2021-01-28 14:35:11'),
(277, 4359, 0, 'fpsh16gfsr9hdm27sqg38io7lv', 1, '2021-01-28 14:35:26'),
(278, 4327, 0, '3ar3lql902o4iah1596bqkffua', 1, '2021-01-28 14:35:57'),
(279, 4327, 0, '3ar3lql902o4iah1596bqkffua', 1, '2021-01-28 14:35:58'),
(280, 4251, 0, 'fpsh16gfsr9hdm27sqg38io7lv', 1, '2021-01-28 14:36:26'),
(281, 4359, 0, '3ar3lql902o4iah1596bqkffua', 1, '2021-01-28 15:34:49'),
(282, 4356, 0, '3ar3lql902o4iah1596bqkffua', 1, '2021-01-28 18:33:09'),
(283, 4359, 0, '3ar3lql902o4iah1596bqkffua', 1, '2021-01-28 18:41:14'),
(284, 4340, 0, '3ar3lql902o4iah1596bqkffua', 1, '2021-01-28 18:42:01'),
(285, 4359, 0, 'pihl47ssjcq6cisc3fgisum2f3', 1, '2021-01-29 11:11:36'),
(286, 4340, 0, 'j6thgtv7dn8oc39bkrh69ph0vb', 1, '2021-01-29 11:51:25'),
(287, 4341, 0, 'j6thgtv7dn8oc39bkrh69ph0vb', 1, '2021-01-29 11:51:34'),
(288, 4340, 0, 'j6thgtv7dn8oc39bkrh69ph0vb', 1, '2021-01-29 12:11:55'),
(289, 4359, 1, '', 1, '2021-01-29 12:16:39'),
(290, 4254, 0, 'j6thgtv7dn8oc39bkrh69ph0vb', 1, '2021-01-29 12:19:13'),
(291, 4359, 0, 'phu36qk1d6p368cei9mk0q767b', 1, '2021-01-29 12:19:24'),
(292, 3820, 1, '', 1, '2021-01-29 12:21:42'),
(293, 4356, 0, 'phu36qk1d6p368cei9mk0q767b', 1, '2021-01-29 12:21:44'),
(294, 4258, 0, 'phu36qk1d6p368cei9mk0q767b', 1, '2021-01-29 12:21:59'),
(295, 4254, 0, 'phu36qk1d6p368cei9mk0q767b', 1, '2021-01-29 12:22:14'),
(296, 4359, 0, 'phu36qk1d6p368cei9mk0q767b', 1, '2021-01-29 12:23:41'),
(297, 4356, 1, '', 1, '2021-01-29 12:25:53'),
(298, 4359, 1, '', 1, '2021-01-29 12:32:38'),
(299, 4359, 0, 'j6thgtv7dn8oc39bkrh69ph0vb', 1, '2021-01-29 12:55:53'),
(300, 4359, 1, '', 1, '2021-01-29 13:07:36'),
(301, 4356, 1, '', 1, '2021-01-29 13:13:25'),
(302, 4359, 0, 'qbl1lrpak9c686ldtschl29pon', 1, '2021-01-29 13:25:56'),
(303, 4254, 0, 'qbl1lrpak9c686ldtschl29pon', 1, '2021-01-29 13:34:50'),
(304, 3819, 0, 'qbl1lrpak9c686ldtschl29pon', 1, '2021-01-29 13:35:53'),
(305, 4254, 0, 'qbl1lrpak9c686ldtschl29pon', 1, '2021-01-29 13:55:11'),
(306, 4359, 0, 'qbl1lrpak9c686ldtschl29pon', 1, '2021-01-29 13:55:41'),
(307, 4251, 0, 'pihl47ssjcq6cisc3fgisum2f3', 1, '2021-01-29 14:13:13'),
(308, 4255, 0, 'pihl47ssjcq6cisc3fgisum2f3', 1, '2021-01-29 14:13:27'),
(309, 4254, 0, 'pihl47ssjcq6cisc3fgisum2f3', 1, '2021-01-29 14:14:00'),
(310, 4340, 0, 'pihl47ssjcq6cisc3fgisum2f3', 1, '2021-01-29 14:14:16'),
(311, 4254, 0, 'pihl47ssjcq6cisc3fgisum2f3', 1, '2021-01-29 14:14:39'),
(312, 4359, 0, 'pihl47ssjcq6cisc3fgisum2f3', 1, '2021-01-29 14:14:45'),
(313, 4359, 0, '6c5u252craa0d2bbfe6v8qfdep', 1, '2021-02-01 11:29:30'),
(314, 4359, 0, '6c5u252craa0d2bbfe6v8qfdep', 1, '2021-02-01 16:00:21'),
(315, 4251, 0, 'qcr9qa7eaada3ekupggjmo2tdi', 1, '2021-02-02 16:30:25'),
(316, 4340, 0, 'qcr9qa7eaada3ekupggjmo2tdi', 1, '2021-02-02 16:30:50'),
(317, 4356, 0, 'qcr9qa7eaada3ekupggjmo2tdi', 1, '2021-02-02 16:36:10'),
(318, 3820, 0, 'qcr9qa7eaada3ekupggjmo2tdi', 1, '2021-02-02 16:38:33'),
(319, 4254, 0, 'qcr9qa7eaada3ekupggjmo2tdi', 1, '2021-02-02 16:38:49'),
(320, 4251, 0, 'qcr9qa7eaada3ekupggjmo2tdi', 1, '2021-02-02 16:54:52'),
(321, 4327, 0, 'bmqebacg3lrpmnlp07c8bvlm1a', 1, '2021-02-03 13:11:04'),
(322, 4359, 0, 'iun4em0rhihs81csnfh39c8573', 1, '2021-02-03 13:19:44'),
(323, 4359, 0, 'iun4em0rhihs81csnfh39c8573', 1, '2021-02-03 13:23:07'),
(324, 4259, 0, 'klc2jdg6kc91rpf208tctg10gf', 1, '2021-02-03 13:30:08'),
(325, 4255, 0, 'bmqebacg3lrpmnlp07c8bvlm1a', 1, '2021-02-03 14:40:20'),
(326, 4254, 0, 'bmqebacg3lrpmnlp07c8bvlm1a', 1, '2021-02-03 14:40:47'),
(327, 4251, 0, 'iun4em0rhihs81csnfh39c8573', 1, '2021-02-03 14:42:39'),
(328, 4359, 0, 'iun4em0rhihs81csnfh39c8573', 1, '2021-02-03 14:42:47'),
(329, 93, 0, 'vdrmrd6mb7sfsribbtf9n505bh', 1, '2021-02-04 12:41:16'),
(330, 1, 0, 'b330ja0pmv3qh6emi7np2p745b', 1, '2021-02-04 13:08:42'),
(331, 1, 0, 'vdrmrd6mb7sfsribbtf9n505bh', 1, '2021-02-04 13:09:58'),
(332, 9, 0, 'vdrmrd6mb7sfsribbtf9n505bh', 1, '2021-02-04 13:18:26'),
(333, 4, 0, '3afpfj06gdt7226nvjl0f8bbbo', 1, '2021-02-04 14:53:17'),
(334, 1, 0, 'nhi61mp9u9ona8miei75ct6tf2', 1, '2021-02-04 18:04:32'),
(335, 1, 0, 'nhi61mp9u9ona8miei75ct6tf2', 1, '2021-02-04 18:04:33'),
(336, 1, 0, 'nhi61mp9u9ona8miei75ct6tf2', 1, '2021-02-04 18:05:00'),
(337, 1, 0, 'nhi61mp9u9ona8miei75ct6tf2', 1, '2021-02-04 18:05:00'),
(338, 2, 0, 'm115du3h9h7057rmb2nonruj50', 1, '2021-02-04 18:05:10'),
(339, 2, 0, 'nhi61mp9u9ona8miei75ct6tf2', 1, '2021-02-04 18:05:34'),
(340, 2, 0, 'vdrmrd6mb7sfsribbtf9n505bh', 1, '2021-02-04 18:10:24'),
(341, 2, 0, 'vdrmrd6mb7sfsribbtf9n505bh', 1, '2021-02-04 18:13:56'),
(342, 2, 0, 'm115du3h9h7057rmb2nonruj50', 1, '2021-02-04 18:36:30'),
(343, 9, 0, 'm115du3h9h7057rmb2nonruj50', 1, '2021-02-04 18:37:03'),
(344, 2, 0, 'vdrmrd6mb7sfsribbtf9n505bh', 1, '2021-02-04 18:42:45'),
(345, 9, 0, 'vdrmrd6mb7sfsribbtf9n505bh', 1, '2021-02-04 18:54:17'),
(346, 2, 0, 'davutc8k37b1m78fhjgporbc8p', 1, '2021-02-05 11:43:54'),
(347, 4, 0, 'davutc8k37b1m78fhjgporbc8p', 1, '2021-02-05 11:44:17'),
(348, 37, 0, 'davutc8k37b1m78fhjgporbc8p', 1, '2021-02-05 12:33:47'),
(349, 9, 0, 'davutc8k37b1m78fhjgporbc8p', 1, '2021-02-05 12:34:03'),
(350, 76, 0, 'davutc8k37b1m78fhjgporbc8p', 1, '2021-02-05 12:34:16'),
(351, 4, 0, 'nhi61mp9u9ona8miei75ct6tf2', 1, '2021-02-05 12:48:04'),
(352, 49, 0, 'davutc8k37b1m78fhjgporbc8p', 1, '2021-02-05 12:54:58'),
(353, 80, 0, 'davutc8k37b1m78fhjgporbc8p', 1, '2021-02-05 12:59:47'),
(354, 9, 0, 'k7u8aqq4m87esl28kas8q6608d', 1, '2021-02-05 15:17:10'),
(355, 58, 0, 'davutc8k37b1m78fhjgporbc8p', 1, '2021-02-05 16:23:04'),
(356, 13, 0, 'davutc8k37b1m78fhjgporbc8p', 1, '2021-02-05 16:24:19'),
(357, 12, 0, 'davutc8k37b1m78fhjgporbc8p', 1, '2021-02-05 16:44:57'),
(358, 78, 0, 'davutc8k37b1m78fhjgporbc8p', 1, '2021-02-05 16:52:46'),
(359, 73, 0, 'davutc8k37b1m78fhjgporbc8p', 1, '2021-02-05 17:07:26'),
(360, 5, 0, 'davutc8k37b1m78fhjgporbc8p', 1, '2021-02-05 17:29:08'),
(361, 88, 0, 'davutc8k37b1m78fhjgporbc8p', 1, '2021-02-05 17:42:43'),
(362, 79, 0, 'davutc8k37b1m78fhjgporbc8p', 1, '2021-02-05 17:43:12'),
(363, 80, 0, 'davutc8k37b1m78fhjgporbc8p', 1, '2021-02-05 17:43:19'),
(364, 80, 0, 'davutc8k37b1m78fhjgporbc8p', 1, '2021-02-05 17:53:59'),
(365, 54, 0, 'davutc8k37b1m78fhjgporbc8p', 1, '2021-02-05 17:57:58'),
(366, 102, 0, 'davutc8k37b1m78fhjgporbc8p', 1, '2021-02-05 17:59:27'),
(367, 5, 0, 'davutc8k37b1m78fhjgporbc8p', 1, '2021-02-05 18:03:30'),
(368, 91, 0, 'davutc8k37b1m78fhjgporbc8p', 1, '2021-02-05 18:04:14'),
(369, 93, 0, 'davutc8k37b1m78fhjgporbc8p', 1, '2021-02-05 18:05:55'),
(370, 94, 0, 'davutc8k37b1m78fhjgporbc8p', 1, '2021-02-05 18:06:41'),
(371, 9, 0, 'davutc8k37b1m78fhjgporbc8p', 1, '2021-02-05 18:10:47'),
(372, 4, 0, 'davutc8k37b1m78fhjgporbc8p', 1, '2021-02-05 18:12:01'),
(373, 79, 0, 'davutc8k37b1m78fhjgporbc8p', 1, '2021-02-05 18:42:17'),
(374, 80, 0, 'davutc8k37b1m78fhjgporbc8p', 1, '2021-02-05 18:42:34'),
(375, 4, 0, 'davutc8k37b1m78fhjgporbc8p', 1, '2021-02-05 18:43:25'),
(376, 9, 0, 'davutc8k37b1m78fhjgporbc8p', 1, '2021-02-05 18:43:57'),
(377, 5, 0, 'davutc8k37b1m78fhjgporbc8p', 1, '2021-02-05 18:56:14'),
(378, 89, 0, 'davutc8k37b1m78fhjgporbc8p', 1, '2021-02-05 18:56:27'),
(379, 1, 0, 'nhi61mp9u9ona8miei75ct6tf2', 1, '2021-02-05 20:07:48'),
(380, 4, 0, 'nhi61mp9u9ona8miei75ct6tf2', 1, '2021-02-05 20:08:11'),
(381, 9, 0, 'kkehpi91oaqnt9t3j8f9rb5k1j', 1, '2021-02-06 10:31:27'),
(382, 78, 0, 'kkehpi91oaqnt9t3j8f9rb5k1j', 1, '2021-02-06 10:31:54'),
(383, 4, 0, 'gn28k2fb1iccgrck9behlp0thv', 1, '2021-02-06 12:29:02'),
(384, 9, 0, 'vduear5ns01hk0kgbpa6densmq', 1, '2021-02-06 13:13:02'),
(385, 77, 0, 'vduear5ns01hk0kgbpa6densmq', 1, '2021-02-06 16:00:41'),
(386, 14, 0, 'm2gon0lhsjv6jp98d111sipihm', 1, '2021-02-06 17:54:48'),
(387, 33, 0, 'm2gon0lhsjv6jp98d111sipihm', 1, '2021-02-06 17:55:06'),
(388, 38, 0, 'b80d0t1bnm971acj1nrgrsv0qn', 1, '2021-02-08 11:26:33'),
(389, 51, 0, 'b80d0t1bnm971acj1nrgrsv0qn', 1, '2021-02-08 11:28:49'),
(390, 4, 0, 'jtjm0h9tismmr3s43kmidsk3pr', 1, '2021-02-08 11:38:59'),
(391, 45, 0, 'b80d0t1bnm971acj1nrgrsv0qn', 1, '2021-02-08 12:01:11'),
(392, 9, 0, 'b80d0t1bnm971acj1nrgrsv0qn', 1, '2021-02-08 12:17:12'),
(393, 76, 0, 'b80d0t1bnm971acj1nrgrsv0qn', 1, '2021-02-08 12:25:09'),
(394, 77, 0, 'b80d0t1bnm971acj1nrgrsv0qn', 1, '2021-02-08 12:25:23'),
(395, 77, 0, 'b80d0t1bnm971acj1nrgrsv0qn', 1, '2021-02-08 12:26:25'),
(396, 4, 0, 'b80d0t1bnm971acj1nrgrsv0qn', 1, '2021-02-08 12:29:29'),
(397, 69, 0, 'b80d0t1bnm971acj1nrgrsv0qn', 1, '2021-02-08 12:32:34'),
(398, 64, 0, 'b80d0t1bnm971acj1nrgrsv0qn', 1, '2021-02-08 12:34:08'),
(399, 62, 0, 'b80d0t1bnm971acj1nrgrsv0qn', 1, '2021-02-08 12:38:24'),
(400, 65, 0, 'b80d0t1bnm971acj1nrgrsv0qn', 1, '2021-02-08 12:39:57'),
(401, 62, 0, 'b80d0t1bnm971acj1nrgrsv0qn', 1, '2021-02-08 12:40:10'),
(402, 65, 0, 'b80d0t1bnm971acj1nrgrsv0qn', 1, '2021-02-08 12:40:17'),
(403, 62, 0, 'b80d0t1bnm971acj1nrgrsv0qn', 1, '2021-02-08 12:40:32'),
(404, 62, 0, 'b80d0t1bnm971acj1nrgrsv0qn', 1, '2021-02-08 12:48:11'),
(405, 66, 0, 'b80d0t1bnm971acj1nrgrsv0qn', 1, '2021-02-08 12:54:10'),
(406, 67, 0, 'b80d0t1bnm971acj1nrgrsv0qn', 1, '2021-02-08 12:58:58'),
(407, 79, 0, 'b80d0t1bnm971acj1nrgrsv0qn', 1, '2021-02-08 13:09:14'),
(408, 78, 0, 'b80d0t1bnm971acj1nrgrsv0qn', 1, '2021-02-08 13:11:52'),
(409, 35, 0, 'b80d0t1bnm971acj1nrgrsv0qn', 1, '2021-02-08 13:25:02'),
(410, 43, 0, 'b80d0t1bnm971acj1nrgrsv0qn', 1, '2021-02-08 14:33:56'),
(411, 1, 0, '3atb3rhp9p4bvnfjbv4k2i6lhf', 1, '2021-02-08 15:11:14'),
(412, 75, 0, 'v776oqcjj321k8m2ppc3bakihc', 1, '2021-02-08 15:16:17'),
(413, 21, 0, 'v776oqcjj321k8m2ppc3bakihc', 1, '2021-02-08 15:18:11'),
(414, 2, 0, 'v776oqcjj321k8m2ppc3bakihc', 1, '2021-02-08 15:19:27'),
(415, 100, 0, 'v776oqcjj321k8m2ppc3bakihc', 1, '2021-02-08 15:29:52'),
(416, 48, 0, 'jtjm0h9tismmr3s43kmidsk3pr', 1, '2021-02-08 15:37:35'),
(417, 48, 0, 'jtjm0h9tismmr3s43kmidsk3pr', 1, '2021-02-08 15:37:35'),
(418, 89, 0, 'jtjm0h9tismmr3s43kmidsk3pr', 1, '2021-02-08 15:38:25'),
(419, 9, 0, 'jtjm0h9tismmr3s43kmidsk3pr', 1, '2021-02-08 15:38:51'),
(420, 9, 0, 'b80d0t1bnm971acj1nrgrsv0qn', 1, '2021-02-08 16:21:24'),
(421, 14, 1, '', 1, '2021-02-08 16:26:05'),
(422, 74, 1, '', 1, '2021-02-08 16:28:28'),
(423, 74, 1, '', 1, '2021-02-08 16:30:08'),
(424, 4, 1, '', 1, '2021-02-08 16:30:19'),
(425, 80, 0, 'vvpgv9ul532ge2kbaqvm8pmhrq', 1, '2021-02-09 10:17:07'),
(426, 2, 0, 'vvpgv9ul532ge2kbaqvm8pmhrq', 1, '2021-02-09 10:23:12'),
(427, 62, 1, '', 1, '2021-02-09 11:23:08'),
(428, 20, 1, '', 1, '2021-02-09 11:41:11'),
(429, 20, 1, '', 1, '2021-02-09 11:49:14'),
(430, 2, 1, '', 1, '2021-02-09 12:17:38'),
(431, 104, 1, '', 1, '2021-02-09 12:17:44'),
(432, 75, 0, 'vvpgv9ul532ge2kbaqvm8pmhrq', 1, '2021-02-09 14:48:01'),
(433, 14, 0, 'vvpgv9ul532ge2kbaqvm8pmhrq', 1, '2021-02-09 14:48:38'),
(434, 4, 1, '', 1, '2021-02-09 15:02:14'),
(435, 4, 0, 's0a8gg6a7lbphik9qa4f514bsr', 1, '2021-02-09 15:57:51'),
(436, 9, 0, 's0a8gg6a7lbphik9qa4f514bsr', 1, '2021-02-09 15:58:27'),
(437, 80, 0, 's0a8gg6a7lbphik9qa4f514bsr', 1, '2021-02-09 15:58:58'),
(438, 1, 0, 'got2g990p8mv16iu10sfr8d5kv', 1, '2021-02-09 17:56:21'),
(439, 93, 0, 'am9sh2dj6tf5o70kvec7k5fh61', 1, '2021-02-09 23:48:48'),
(440, 93, 0, 'am9sh2dj6tf5o70kvec7k5fh61', 1, '2021-02-09 23:52:20'),
(441, 94, 0, 'r0m0sq6vlfkiu4jrd7equ5eg7q', 1, '2021-02-10 12:57:31'),
(442, 93, 0, 'r0m0sq6vlfkiu4jrd7equ5eg7q', 1, '2021-02-10 12:58:23'),
(443, 4, 0, 'iqq165gs5mfhscmmtvogho84vq', 1, '2021-02-10 13:23:32'),
(444, 76, 0, 'iqq165gs5mfhscmmtvogho84vq', 1, '2021-02-10 13:23:54'),
(445, 20, 0, '873pbj5gcfoa3m5b4c8heulsrl', 1, '2021-02-10 13:24:05'),
(446, 5, 0, '873pbj5gcfoa3m5b4c8heulsrl', 1, '2021-02-10 13:24:14'),
(447, 66, 0, '873pbj5gcfoa3m5b4c8heulsrl', 1, '2021-02-10 13:25:39'),
(448, 4, 0, '873pbj5gcfoa3m5b4c8heulsrl', 1, '2021-02-10 13:26:49'),
(449, 21, 0, 'il51jqer99beiarcaa7qvugnab', 1, '2021-02-10 15:00:14'),
(450, 1, 0, 'i4471htscjbcbtaf1chggcumj4', 1, '2021-02-10 18:03:13'),
(451, 0, 0, 'obbmmesaoiqcifmje0h7rckg5v', 1, '2021-02-10 20:26:31'),
(452, 64, 0, 'fieovpndtklfbpk5o82kdi49q6', 1, '2021-02-11 00:00:37'),
(453, 64, 0, 'fieovpndtklfbpk5o82kdi49q6', 1, '2021-02-11 00:02:06'),
(454, 85, 0, 'rofqfg70b1lmhv31htvrvq2bjf', 1, '2021-02-11 02:57:33'),
(455, 87, 0, 'rofqfg70b1lmhv31htvrvq2bjf', 1, '2021-02-11 02:58:55'),
(456, 97, 0, 'rofqfg70b1lmhv31htvrvq2bjf', 1, '2021-02-11 02:59:40'),
(457, 6, 0, 'rofqfg70b1lmhv31htvrvq2bjf', 1, '2021-02-11 03:02:00'),
(458, 6, 0, 'rofqfg70b1lmhv31htvrvq2bjf', 1, '2021-02-11 03:02:14'),
(459, 4, 0, 'iufim16uuitgphluc80bd98lb2', 1, '2021-02-11 08:12:03'),
(460, 80, 0, 'r41eqnfham3carj76qm9rn0rhp', 1, '2021-02-11 10:22:19'),
(461, 79, 0, '2k45695takp1neo0qh3jj1fm7r', 1, '2021-02-11 11:46:36'),
(462, 80, 0, '2k45695takp1neo0qh3jj1fm7r', 1, '2021-02-11 11:46:53'),
(463, 0, 0, '2480aoq2b24u9kgt8hrv7jleet', 1, '2021-02-11 14:07:46'),
(464, 80, 0, 'fesakh3ko178k33mauq8rl11r9', 1, '2021-02-11 18:39:05'),
(465, 14, 0, 'il4es9kv81st5gtrt4g4k1lh6r', 1, '2021-02-12 10:17:43'),
(466, 64, 0, 'bftus7n9ju9k4kmuidcjbd9k11', 1, '2021-02-12 15:41:18'),
(467, 2, 0, '88p91tqmj1j1omp3d73d8sjn10', 1, '2021-02-12 16:15:10'),
(468, 80, 0, 'j9ngoa6emsrinci27979fd6ifg', 1, '2021-02-12 17:59:22'),
(469, 8, 0, 'bm0nk447ej8ifi4u6jjul9j8ku', 1, '2021-02-13 12:23:52'),
(470, 107, 0, 'rikgpq5ei2dbf0of356durneou', 1, '2021-02-13 17:57:48'),
(471, 81, 0, 'hpjojdcaedmm2v9e23oo14gcg7', 1, '2021-02-13 18:55:47'),
(472, 14, 0, 'flo08dif061fo7k1m3rr03vb9c', 1, '2021-02-13 19:56:28'),
(473, 14, 0, 'sqmkveie7v1lro5r2cpj8hu947', 1, '2021-02-14 20:02:18'),
(474, 4, 0, '4k7jf5n6ibvdfon2ojef2pjfhj', 1, '2021-02-15 08:08:28'),
(475, 105, 0, 'ipa5b1km0d5nepsol96ib864hf', 1, '2021-02-15 11:28:51'),
(476, 4, 0, 'gddvns4jsjt3b0fsmmllnsb6u0', 1, '2021-02-15 11:31:39'),
(477, 4, 0, 'ipa5b1km0d5nepsol96ib864hf', 1, '2021-02-15 11:31:39'),
(478, 4, 0, 'nl2ht9ndusf8nah5sju9pui5cm', 1, '2021-02-15 17:37:21'),
(479, 4, 0, '1f9ogfrcc36i2fu1s4f5m8vusd', 1, '2021-02-15 20:54:58'),
(480, 80, 0, 'q720otj24v7g8apu8gk337420i', 1, '2021-02-15 22:31:58'),
(481, 14, 0, 'rlp5hsm66rquolp96cftlrilqk', 1, '2021-02-15 23:01:51'),
(482, 14, 0, 'rlp5hsm66rquolp96cftlrilqk', 1, '2021-02-15 23:01:51'),
(483, 4, 0, 'aliikifv2gpr95kfh26dsljtb7', 1, '2021-02-15 23:41:16'),
(484, 4, 0, 'aliikifv2gpr95kfh26dsljtb7', 1, '2021-02-15 23:42:27'),
(485, 4, 0, '8gpsql5ncsqp55hd5ij6cg2ugv', 1, '2021-02-16 16:22:00'),
(486, 63, 0, '8gpsql5ncsqp55hd5ij6cg2ugv', 1, '2021-02-16 20:29:08'),
(487, 2, 0, '6fsncjsh0b1akifn6aooucie9s', 1, '2021-02-17 04:17:54'),
(488, 1, 0, '6fsncjsh0b1akifn6aooucie9s', 1, '2021-02-17 04:23:16'),
(489, 107, 0, '6fsncjsh0b1akifn6aooucie9s', 1, '2021-02-17 04:23:36'),
(490, 58, 0, 'vfolkf52eeuj6bb5laemrl9l65', 1, '2021-02-17 10:49:15'),
(491, 58, 0, 'vfolkf52eeuj6bb5laemrl9l65', 1, '2021-02-17 10:49:23'),
(492, 93, 0, 'pdt9hk0gnulq53k8c1uu1e28pb', 1, '2021-02-17 12:23:03'),
(493, 4, 0, 'usof2hk1sqq690hv7qs67k6hcj', 1, '2021-02-17 16:40:12'),
(494, 14, 0, 'usof2hk1sqq690hv7qs67k6hcj', 1, '2021-02-17 16:40:28'),
(495, 83, 0, '3jnaqbbbiorrffub1kri6irv2s', 1, '2021-02-17 20:37:03'),
(496, 4, 0, 'a1ngqde4a4b0ul6gtvla6sumks', 1, '2021-02-18 03:07:41'),
(497, 107, 0, '5h6ucku93af7uhfg4s3jbr0b7v', 1, '2021-02-18 06:26:08'),
(498, 107, 0, '5h6ucku93af7uhfg4s3jbr0b7v', 1, '2021-02-18 06:26:39'),
(499, 107, 0, '68c543tdghus1m1eg3o8uf7m5s', 1, '2021-02-18 06:41:55'),
(500, 107, 102, '', 1, '2021-02-18 06:57:38'),
(501, 107, 102, '', 1, '2021-02-18 08:16:57'),
(502, 98, 0, 'gehp7q4gvqr0tf1pk80jeufl0v', 1, '2021-02-18 08:41:01'),
(503, 107, 102, '', 1, '2021-02-18 11:04:14'),
(504, 107, 102, '', 1, '2021-02-18 11:04:15'),
(505, 107, 102, '', 1, '2021-02-18 11:04:15'),
(506, 4, 0, '4et4d0ii4k2csehs058p2fjmic', 1, '2021-02-18 11:31:06'),
(507, 91, 0, '98keuou39m9btlh0u02ks058a5', 1, '2021-02-18 18:50:36'),
(508, 4, 0, '98keuou39m9btlh0u02ks058a5', 1, '2021-02-18 18:54:21'),
(509, 80, 0, '98keuou39m9btlh0u02ks058a5', 1, '2021-02-18 18:55:00'),
(510, 4, 0, '37bdnrcqajk8prhq49ajai6hqm', 1, '2021-02-18 19:22:27'),
(511, 4, 0, '37bdnrcqajk8prhq49ajai6hqm', 1, '2021-02-18 19:22:28'),
(512, 1, 0, 'jc9jm209qett804d29f8il3mmp', 1, '2021-02-18 19:43:34'),
(513, 1, 0, 'af0cbb9osadps0pijhn0ip9b5a', 1, '2021-02-18 20:14:25'),
(514, 4, 0, 'r1ks1dvhhq2nnd09kpmt943ikl', 1, '2021-02-19 13:40:50'),
(515, 4, 0, 'kfkeee0nuk6tia0hgk4etuao5f', 1, '2021-02-19 13:41:39'),
(516, 4, 0, 'kfkeee0nuk6tia0hgk4etuao5f', 1, '2021-02-19 13:41:54'),
(517, 99, 0, 'k3jol63di5sk2kup675fubfe10', 1, '2021-02-19 14:53:54'),
(518, 77, 0, 'k3jol63di5sk2kup675fubfe10', 1, '2021-02-19 14:55:52'),
(519, 81, 0, 'fark0n8d5fnm6oeol2ipmj2pe6', 1, '2021-02-19 15:08:34'),
(520, 83, 0, 'fark0n8d5fnm6oeol2ipmj2pe6', 1, '2021-02-19 15:09:39'),
(521, 79, 0, 'ujv3fjkim97n1jm69qenel12c3', 1, '2021-02-19 15:44:26'),
(522, 2, 0, 'ujv3fjkim97n1jm69qenel12c3', 1, '2021-02-19 15:45:04'),
(523, 7, 0, 'ujv3fjkim97n1jm69qenel12c3', 1, '2021-02-19 15:48:50'),
(524, 1, 0, 'i809rsp9aptthjraavd8cm77q3', 1, '2021-02-19 16:54:41'),
(525, 92, 0, 'gk8ejp6grr8ksh4rlnjjnukka0', 1, '2021-02-19 18:08:41'),
(526, 78, 0, 'gk8ejp6grr8ksh4rlnjjnukka0', 1, '2021-02-19 18:14:04'),
(527, 4, 0, 'n7o8q7flj3duoain7u71d5otal', 1, '2021-02-20 00:08:11'),
(528, 78, 0, 'n7o8q7flj3duoain7u71d5otal', 1, '2021-02-20 00:09:01'),
(529, 9, 0, 'ieshj9bqnke9orbl6iitq3i8hk', 1, '2021-02-20 11:41:54'),
(530, 97, 0, 'ieshj9bqnke9orbl6iitq3i8hk', 1, '2021-02-20 11:54:03'),
(531, 1, 0, 'ure7au80b1kd80c6s6fauk5065', 1, '2021-02-20 16:23:49'),
(532, 49, 0, 'ure7au80b1kd80c6s6fauk5065', 1, '2021-02-20 16:39:14'),
(533, 2, 0, 'ure7au80b1kd80c6s6fauk5065', 1, '2021-02-20 16:39:39'),
(534, 1, 0, 'evr77bmk6qos43j1vs5bcjmllg', 1, '2021-02-20 19:01:32'),
(535, 4, 0, 'jpivfgvbtq6l3i5rsvqbqmg44t', 1, '2021-02-20 20:05:45'),
(536, 1, 0, 'bcnraes0a5jipm232eeond59jn', 1, '2021-02-20 20:27:12'),
(537, 4, 0, '97455p1ukp619an6t935arkuio', 1, '2021-02-20 23:03:48'),
(538, 1, 0, '97455p1ukp619an6t935arkuio', 1, '2021-02-20 23:04:27'),
(539, 5, 0, 'ts06mmqb10tjql1f6g1na33rks', 1, '2021-02-21 09:39:53'),
(540, 1, 0, 'j93fo7flujlflgscmlbapmvi66', 1, '2021-02-21 16:49:54'),
(541, 4, 0, 'j93fo7flujlflgscmlbapmvi66', 1, '2021-02-21 16:50:31'),
(542, 14, 0, 'j93fo7flujlflgscmlbapmvi66', 1, '2021-02-21 16:52:02'),
(543, 69, 0, 'i8elbgckcq7m72gdj6tbktf768', 1, '2021-02-21 20:32:08'),
(544, 4, 0, 'juo9130fnmu9081pkomv20f3rg', 1, '2021-02-21 21:37:02'),
(545, 4, 0, 'juo9130fnmu9081pkomv20f3rg', 1, '2021-02-21 21:37:03'),
(546, 4, 0, '5bmjom54abg88fqn977o2hljiv', 1, '2021-02-21 21:55:39'),
(547, 6, 0, '95bo9g9mjv865t1eidho5v2g9c', 1, '2021-02-22 02:08:36'),
(548, 2, 0, 'ktqvdi6ga8jpn8ropimku4hpqn', 1, '2021-02-22 05:30:17'),
(549, 14, 0, 'li0u45rtgmnk36fet3vv52719p', 1, '2021-02-22 13:46:59'),
(550, 4, 0, 't6j82f7fo9jm4o3ab731ij1fle', 1, '2021-02-23 09:51:56'),
(551, 4, 0, '259jskg5kde81jvm3dee8q9ie2', 1, '2021-02-23 10:39:58'),
(552, 97, 0, 'lv81u2ctd3odvnrtchupm5cns0', 1, '2021-02-23 11:45:37'),
(553, 1, 0, 'b0cu636qaf3t728b0l9l4sn6bn', 1, '2021-02-23 13:32:04'),
(554, 101, 0, 'n5la4oncmplhk9q5v1qumbq19e', 1, '2021-02-23 18:14:42'),
(555, 100, 0, 'n5la4oncmplhk9q5v1qumbq19e', 1, '2021-02-23 18:15:19'),
(556, 102, 0, 'n5la4oncmplhk9q5v1qumbq19e', 1, '2021-02-23 18:15:34'),
(557, 64, 0, '92j1pohdth5iad7p4fcka9qa87', 1, '2021-02-23 18:40:55'),
(558, 102, 0, 'd1msi02oocqjmao231mgod5jin', 1, '2021-02-23 18:44:11'),
(559, 100, 0, 'd1msi02oocqjmao231mgod5jin', 1, '2021-02-23 18:44:57'),
(560, 103, 0, 'd1msi02oocqjmao231mgod5jin', 1, '2021-02-23 18:46:15'),
(561, 101, 0, 'd1msi02oocqjmao231mgod5jin', 1, '2021-02-23 18:47:04'),
(562, 6, 0, '8eufv1o8hsupnr9gjdiia4msb3', 1, '2021-02-23 18:54:40'),
(563, 98, 0, '8eufv1o8hsupnr9gjdiia4msb3', 1, '2021-02-23 18:54:51'),
(564, 101, 0, '8eufv1o8hsupnr9gjdiia4msb3', 1, '2021-02-23 18:55:08'),
(565, 100, 0, '8eufv1o8hsupnr9gjdiia4msb3', 1, '2021-02-23 18:55:19'),
(566, 100, 0, '8eufv1o8hsupnr9gjdiia4msb3', 1, '2021-02-23 18:55:31'),
(567, 14, 0, 'mr37f44fb4foiiam77pnr254s6', 1, '2021-02-23 19:40:09'),
(568, 9, 0, 'lolmiq248ashq8777fifg0su09', 1, '2021-02-23 19:52:04'),
(569, 14, 0, 'k139b7qknhmjepohdo1d1l198a', 1, '2021-02-23 20:16:09'),
(570, 100, 0, 'gltch4ogmo05k1f227fo7a511l', 1, '2021-02-23 21:24:52'),
(571, 93, 0, 'b658d5a9vhq7gpuupnun51on6m', 1, '2021-02-23 21:58:44'),
(572, 1, 0, 'b658d5a9vhq7gpuupnun51on6m', 1, '2021-02-23 22:00:24'),
(573, 1, 0, 'b658d5a9vhq7gpuupnun51on6m', 1, '2021-02-23 22:00:25'),
(574, 1, 0, 'b658d5a9vhq7gpuupnun51on6m', 1, '2021-02-23 22:00:25'),
(575, 1, 0, 'b658d5a9vhq7gpuupnun51on6m', 1, '2021-02-23 22:00:25'),
(576, 6, 0, 'b658d5a9vhq7gpuupnun51on6m', 1, '2021-02-23 22:01:18'),
(577, 98, 0, 'b658d5a9vhq7gpuupnun51on6m', 1, '2021-02-23 22:04:37'),
(578, 98, 0, 'b658d5a9vhq7gpuupnun51on6m', 1, '2021-02-23 22:09:36'),
(579, 14, 0, 'b658d5a9vhq7gpuupnun51on6m', 1, '2021-02-23 22:12:39'),
(580, 2, 0, 'b658d5a9vhq7gpuupnun51on6m', 1, '2021-02-23 22:21:52'),
(581, 14, 0, 'b658d5a9vhq7gpuupnun51on6m', 1, '2021-02-23 22:40:31'),
(582, 4, 0, '64e5j3q0dk57hceimasuebnhhd', 1, '2021-02-23 22:43:32'),
(583, 77, 0, '64e5j3q0dk57hceimasuebnhhd', 1, '2021-02-23 22:45:32'),
(584, 4, 0, 'b658d5a9vhq7gpuupnun51on6m', 1, '2021-02-23 22:52:05'),
(585, 4, 0, 's32oonrjec1kjock65fvci50bu', 1, '2021-02-24 01:51:18'),
(586, 83, 0, 'm85273sh6p6b36ds4n3nr2oiah', 1, '2021-02-24 07:43:18'),
(587, 83, 0, 'm85273sh6p6b36ds4n3nr2oiah', 1, '2021-02-24 07:44:26'),
(588, 100, 0, '3lkgctlqrcc5i62vsn56rq79jm', 1, '2021-02-24 08:51:05'),
(589, 77, 0, 'fmkkf4riju3065bdag3lga17f8', 1, '2021-02-24 11:16:58'),
(590, 9, 0, 'fmkkf4riju3065bdag3lga17f8', 1, '2021-02-24 11:18:53'),
(591, 6, 0, '8qa4tmr6pkm47kkcnghsok8qtf', 1, '2021-02-24 12:36:33'),
(592, 100, 0, 'hp4qmln85ktvprerj6an56855u', 1, '2021-02-24 12:47:33'),
(593, 2, 0, 'hp4qmln85ktvprerj6an56855u', 1, '2021-02-24 12:48:14'),
(594, 1, 0, 'c7jo87877gj9h5kdul5qhdjkq0', 1, '2021-02-24 13:24:15'),
(595, 4, 0, 'alc8hrr064kmjvpf3lkr1brluq', 1, '2021-02-24 13:43:55'),
(596, 40, 0, '9k521j7s4bropftn617ra774bc', 1, '2021-02-24 13:49:35'),
(597, 100, 0, 'tlh1k00arconuo4q4qti7sfeoc', 1, '2021-02-24 14:57:36'),
(598, 29, 0, 'tlh1k00arconuo4q4qti7sfeoc', 1, '2021-02-24 15:00:56'),
(599, 14, 0, '971o0ai28u2s3ea5elr2dgi8h8', 1, '2021-02-24 17:26:55'),
(600, 1, 0, 'lrvvajde9kcvu462f52dbl01et', 1, '2021-02-24 17:54:56'),
(601, 4, 0, 'hrlgjpe6q14t7tn9g8b3s143c2', 1, '2021-02-24 18:13:05'),
(602, 4, 0, 'hrlgjpe6q14t7tn9g8b3s143c2', 1, '2021-02-24 18:13:55'),
(603, 1, 0, 'l2slesa444msbig6cbjen8n2ou', 1, '2021-02-24 19:11:19'),
(604, 14, 0, 'l2slesa444msbig6cbjen8n2ou', 1, '2021-02-24 19:12:27'),
(605, 4, 0, 'njjmg744qpb5um0t1qejeirq5l', 1, '2021-02-24 22:07:34'),
(606, 4, 0, 'mb3jq5ar4ul9ev2gkcf2qrp8fo', 1, '2021-02-24 22:45:58'),
(607, 2, 0, '95app7sfo3lr2f8uoqofkqou91', 1, '2021-02-24 23:24:11'),
(608, 80, 0, 'bvtk11patjo5iv8pbpe2mk4vd1', 1, '2021-02-25 04:08:24'),
(609, 4, 0, 'ndeldelar9994l1vvjlhgn5sct', 1, '2021-02-25 07:34:09'),
(610, 93, 0, 'tv7smuh6fqgvtdvkb90ddv4231', 1, '2021-02-25 09:05:27'),
(611, 4, 0, '8nn7vmmlv2615vjtr35ljur2fg', 1, '2021-02-25 09:22:24'),
(612, 4, 0, 'lg9cmii27hhmt87udd2ug7563f', 1, '2021-02-25 10:46:48'),
(613, 4, 0, 'i2bh10ffmkdrmsltcoipc4sgss', 1, '2021-02-25 11:17:29'),
(614, 4, 0, 'mbltmarq90of89262u5pdjjv8g', 1, '2021-02-25 11:31:04'),
(615, 2, 0, 'mbltmarq90of89262u5pdjjv8g', 1, '2021-02-25 11:31:49'),
(616, 4, 0, 'igc0blhjna0dfbcim847dukq3u', 1, '2021-02-25 12:54:06'),
(617, 4, 0, '8oak5v330emgkooib9b5adosfa', 1, '2021-02-25 12:55:46'),
(618, 4, 0, 'veg3dg7u858969u00b29tfp6si', 1, '2021-02-25 13:00:32'),
(619, 4, 0, 'pfft67k4gkms3eppg13a4mpifu', 1, '2021-02-25 13:05:39'),
(620, 4, 0, 'j2o3k4153368c7hno6emd970ap', 1, '2021-02-25 13:07:23'),
(621, 4, 0, 'g62b6qqbssosbocpu9prn1ktbt', 1, '2021-02-25 13:07:59'),
(622, 4, 0, 'm69h1p514ekubjc66jult92msq', 1, '2021-02-25 13:11:09'),
(623, 4, 0, 'gsmi1bbutqjarquvr10gatk9e0', 1, '2021-02-25 13:14:08'),
(624, 4, 0, 'ql9qv6j5a1q22cu0ctugeo6hbn', 1, '2021-02-25 13:19:20'),
(625, 4, 0, '1ave96ombpjk93744660b074ek', 1, '2021-02-25 13:23:26'),
(626, 4, 0, 'tcis2gbrhtnu3ep360papln8d9', 1, '2021-02-25 13:23:47'),
(627, 4, 0, '6btiuriingjvaf0pm3anrrsp39', 1, '2021-02-25 13:26:19'),
(628, 4, 0, '0b202jbvriqam1tq5tprsrk91i', 1, '2021-02-25 13:29:04'),
(629, 14, 0, '0b202jbvriqam1tq5tprsrk91i', 1, '2021-02-25 13:29:48'),
(630, 4, 0, 'hr1ehc07uhmbc3p180te8onkrq', 1, '2021-02-25 13:29:57'),
(631, 2, 0, '0b202jbvriqam1tq5tprsrk91i', 1, '2021-02-25 13:31:38'),
(632, 4, 0, '357r3ne2f186qr38jdprvg5vnb', 1, '2021-02-25 13:31:41'),
(633, 1, 0, '0b202jbvriqam1tq5tprsrk91i', 1, '2021-02-25 13:31:56'),
(634, 4, 0, 'b85ih5ksm25jul9ipnpnjshdec', 1, '2021-02-25 13:35:52'),
(635, 4, 0, 'b85ih5ksm25jul9ipnpnjshdec', 1, '2021-02-25 13:35:53'),
(636, 4, 0, '35qhl1l2see7knpemtq304us0g', 1, '2021-02-25 13:35:58'),
(637, 4, 0, '9r2smkvq29ossm1scl9n15hcu0', 1, '2021-02-25 13:46:39'),
(638, 78, 0, 'cs7fup2cg1vn6p0aseprt6cv9b', 1, '2021-02-25 13:50:42'),
(639, 4, 0, 'cs7fup2cg1vn6p0aseprt6cv9b', 1, '2021-02-25 13:52:25'),
(640, 4, 0, 'qmsgneksjf64vqa2o2lob2170p', 1, '2021-02-25 13:52:59'),
(641, 4, 0, 'qmsgneksjf64vqa2o2lob2170p', 1, '2021-02-25 13:53:00'),
(642, 14, 0, 'i9dc8rucumhu8gb5cu0scp6660', 1, '2021-02-25 13:59:10'),
(643, 4, 0, 'vt3cps0p9r1sg3p8m8ct6gmq98', 1, '2021-02-25 14:07:45'),
(644, 4, 0, '56l9ft3b8dn3be66i4itus1n6u', 1, '2021-02-25 14:11:29'),
(645, 4, 0, 'd5h1pklai2h9filgg7fu7001p2', 1, '2021-02-25 14:16:32'),
(646, 4, 0, 'd5h1pklai2h9filgg7fu7001p2', 1, '2021-02-25 14:16:35'),
(647, 4, 0, 'd5h1pklai2h9filgg7fu7001p2', 1, '2021-02-25 14:16:43'),
(648, 4, 0, 'd5h1pklai2h9filgg7fu7001p2', 1, '2021-02-25 14:16:46'),
(649, 4, 0, 'qe7jdibmgof5t1k1jmarg62n8i', 1, '2021-02-25 14:18:58'),
(650, 4, 0, 'vj1v998kttk1ceum7m4itjar15', 1, '2021-02-25 14:18:59'),
(651, 4, 0, '11qlmv0emg5t4q5qs9p1i0a55l', 1, '2021-02-25 14:26:51'),
(652, 4, 0, '11qlmv0emg5t4q5qs9p1i0a55l', 1, '2021-02-25 14:28:57'),
(653, 4, 0, 'lhvlrihp9g5n4qo1lr6v4l9q2f', 1, '2021-02-25 14:29:16'),
(654, 4, 0, 'oclhou5750uotkhqr69nk5fpbe', 1, '2021-02-25 14:33:42'),
(655, 14, 0, '6dutkom400hcf5r5m9828bhbdu', 1, '2021-02-25 14:37:51'),
(656, 4, 0, '6dutkom400hcf5r5m9828bhbdu', 1, '2021-02-25 14:38:36'),
(657, 4, 0, 'c3gh0796akftpa76t1qkfvb7ra', 1, '2021-02-25 14:44:58'),
(658, 4, 0, 'uu5si80krsobar54s773g1fphd', 1, '2021-02-25 15:11:50'),
(659, 4, 0, 'qqi7chh82e8c9tq15gf3ogt984', 1, '2021-02-25 15:14:14'),
(660, 4, 0, 'qqi7chh82e8c9tq15gf3ogt984', 1, '2021-02-25 15:14:15'),
(661, 4, 0, '69bfcnt4j86lp95f9r5j4q4eg9', 1, '2021-02-25 15:48:13'),
(662, 4, 0, '86hkvfqago6uehbrghfb89kkeu', 1, '2021-02-25 15:52:33'),
(663, 4, 0, 'mvqe8totp7o2inef0duagkhlav', 1, '2021-02-25 15:55:06'),
(664, 4, 0, '4lp53tfoju38fg2s7gl5782sdp', 1, '2021-02-25 15:57:09'),
(665, 4, 0, 'uuu9fqa6hofngv7q3kk07k0e3t', 1, '2021-02-25 15:59:17'),
(666, 4, 0, 'ipc8ifkajfl91jed3cvm97tbj0', 1, '2021-02-25 16:10:51'),
(667, 4, 0, 'drvm6hp3inl3vq6udgcnd5safk', 1, '2021-02-25 16:19:15'),
(668, 1, 0, 'dvvsv7h8cbe2l2ied5664b3gi2', 1, '2021-02-25 16:27:23'),
(669, 80, 0, 'dvvsv7h8cbe2l2ied5664b3gi2', 1, '2021-02-25 16:29:23'),
(670, 1, 0, 'bjq84k027jnnh7o833i5i7j63b', 1, '2021-02-25 16:31:43'),
(671, 2, 0, 'bjq84k027jnnh7o833i5i7j63b', 1, '2021-02-25 16:32:46'),
(672, 80, 0, '6u7c2d9ei6me7dlgaevs7j98ph', 1, '2021-02-25 16:42:18'),
(673, 4, 0, 'nkrgf336kcupof13880p67hh9h', 1, '2021-02-25 16:46:10'),
(674, 4, 0, '6k62l4pigovfe7uup5ufrlv4sb', 1, '2021-02-25 16:47:16'),
(675, 4, 0, 'bobg5uohspboecrqmb8mlic634', 1, '2021-02-25 17:02:28'),
(676, 4, 0, 'mtjpf4p08b9pkfjebk7aqj7j8t', 1, '2021-02-25 17:09:19'),
(677, 4, 0, 't47t8u46ooiehdfq2atubvterr', 1, '2021-02-25 17:20:16'),
(678, 4, 0, '9brke7jh0nc7ddu1jiuufe4g2s', 1, '2021-02-25 17:27:59'),
(679, 4, 0, '08pr84rkuo8dg5crgb9uiru2qm', 1, '2021-02-25 17:31:34'),
(680, 4, 0, '08pr84rkuo8dg5crgb9uiru2qm', 1, '2021-02-25 17:32:44'),
(681, 4, 0, '1jlh5siq1k2isbrsaln616qdm5', 1, '2021-02-25 17:53:09'),
(682, 4, 0, 'lgal39ttg6o7cbk0rpvrmejpp3', 1, '2021-02-25 17:58:12'),
(683, 14, 0, 'lgal39ttg6o7cbk0rpvrmejpp3', 1, '2021-02-25 18:10:53'),
(684, 66, 0, 'uach49r54sf25766ujjsm8huri', 1, '2021-02-25 18:12:08'),
(685, 4, 0, '9v3q91gutkd7k3frj7ta2p7rok', 1, '2021-02-25 18:12:52'),
(686, 70, 0, 'uach49r54sf25766ujjsm8huri', 1, '2021-02-25 18:14:10'),
(687, 34, 0, 'uach49r54sf25766ujjsm8huri', 1, '2021-02-25 18:19:04'),
(688, 16, 0, 'uach49r54sf25766ujjsm8huri', 1, '2021-02-25 18:21:22'),
(689, 9, 0, 'uach49r54sf25766ujjsm8huri', 1, '2021-02-25 18:25:29'),
(690, 13, 0, 'uach49r54sf25766ujjsm8huri', 1, '2021-02-25 18:30:05'),
(691, 4, 0, 'gfhi38pp194rah3qmspnehc5h9', 1, '2021-02-25 18:30:28'),
(692, 104, 0, 'uach49r54sf25766ujjsm8huri', 1, '2021-02-25 18:34:22'),
(693, 4, 0, 'm4e06mh4ol8esepl7uqcjaokvn', 1, '2021-02-25 18:59:24'),
(694, 4, 0, '1egl47gosc0eq2o3jgl0se491a', 1, '2021-02-25 19:00:19'),
(695, 4, 0, '1c1adshf5t6efnepe9t2imqola', 1, '2021-02-25 19:08:40'),
(696, 4, 0, '25lvdoltpt12k89p4tl0g65unh', 1, '2021-02-25 19:19:56'),
(697, 4, 0, 'feomsd0c6addec1os0qcp0jfk7', 1, '2021-02-25 19:28:18'),
(698, 4, 0, '17n8pk6bu3miuc5s7f239n6d6r', 1, '2021-02-25 19:31:04'),
(699, 4, 0, 'lnkn47sj0eqec6vao41070fajp', 1, '2021-02-25 19:31:49'),
(700, 4, 0, 'lnkn47sj0eqec6vao41070fajp', 1, '2021-02-25 19:33:33'),
(701, 4, 0, 'usj5d6tvc3fuv3gh3itg9cdda2', 1, '2021-02-25 19:38:12'),
(702, 4, 0, 'hki34u3copv63e6t2qm69dstic', 1, '2021-02-25 19:39:01'),
(703, 93, 0, 'usj5d6tvc3fuv3gh3itg9cdda2', 1, '2021-02-25 19:39:23'),
(704, 4, 0, '61lkbuhmeikjhrobocl0vbbg2p', 1, '2021-02-25 19:41:40'),
(705, 4, 0, 'p68ij348gj9j7bmvc8rhanotu1', 1, '2021-02-25 19:48:04'),
(706, 4, 0, 'p68ij348gj9j7bmvc8rhanotu1', 1, '2021-02-25 19:49:40'),
(707, 4, 0, 'h57ke32ekinvqtgqg5f4kf3lin', 1, '2021-02-25 19:55:29'),
(708, 4, 0, '3stag18mi4af9ev8anjk9m0hnl', 1, '2021-02-25 19:58:47'),
(709, 4, 0, '3stag18mi4af9ev8anjk9m0hnl', 1, '2021-02-25 19:58:50'),
(710, 2, 0, '747juco32vq8af1mdg7jumsqkh', 1, '2021-02-25 20:03:56'),
(711, 1, 0, '747juco32vq8af1mdg7jumsqkh', 1, '2021-02-25 20:04:34'),
(712, 1, 0, '747juco32vq8af1mdg7jumsqkh', 1, '2021-02-25 20:04:34'),
(713, 1, 0, '747juco32vq8af1mdg7jumsqkh', 1, '2021-02-25 20:04:34'),
(714, 1, 0, '747juco32vq8af1mdg7jumsqkh', 1, '2021-02-25 20:04:35'),
(715, 1, 0, '747juco32vq8af1mdg7jumsqkh', 1, '2021-02-25 20:04:35'),
(716, 1, 0, '747juco32vq8af1mdg7jumsqkh', 1, '2021-02-25 20:04:35'),
(717, 4, 0, 'vv1tupubhndf0p0v37vbli717a', 1, '2021-02-25 20:09:27'),
(718, 4, 0, '1vtb1isfuvavaj9ad1ukvaiuvp', 1, '2021-02-25 20:12:25'),
(719, 4, 0, 'vv1tupubhndf0p0v37vbli717a', 1, '2021-02-25 20:20:07'),
(720, 4, 0, 'aca3ef1mbtv9ged5lo3h01is3l', 1, '2021-02-25 20:27:56'),
(721, 4, 0, 'feg633krd1dqa3kl5hmm6h71vm', 1, '2021-02-25 20:28:06'),
(722, 4, 0, '4iefea65ja9ltq2ukeihb440i2', 1, '2021-02-25 20:35:07'),
(723, 4, 0, 'lt6slauc3s1dkdhaqljfmmluhu', 1, '2021-02-25 20:38:31'),
(724, 4, 0, 'kqeiblkbd7geuba5rhm7bf6bih', 1, '2021-02-25 20:45:13'),
(725, 4, 0, 'feg633krd1dqa3kl5hmm6h71vm', 1, '2021-02-25 20:46:16'),
(726, 4, 0, 'fth8gc3u52gq493pb9o2vjpklg', 1, '2021-02-25 20:50:03'),
(727, 14, 0, 'g32e18a8vd8danlluorfod626c', 1, '2021-02-25 20:54:24'),
(728, 4, 0, 't93p4quc1bddrf8quk8sdu01ak', 1, '2021-02-25 21:00:32'),
(729, 4, 0, 'g32e18a8vd8danlluorfod626c', 1, '2021-02-25 21:01:05'),
(730, 4, 0, 'r42pqlb97822a4u1sp7pgsm9e3', 1, '2021-02-25 21:02:25'),
(731, 4, 0, '06m2kue54e7b8gohghr7j67bq2', 1, '2021-02-25 21:11:41'),
(732, 4, 0, 'jh724u206nmll67pgq1vm6fsof', 1, '2021-02-25 21:15:01'),
(733, 4, 0, 'rc27jdptisklsvj064ojl4p5qn', 1, '2021-02-25 21:22:16'),
(734, 1, 0, 'c4ltah8t5c5smlknrem0rdhgn2', 1, '2021-02-25 21:25:57'),
(735, 1, 0, 'c4ltah8t5c5smlknrem0rdhgn2', 1, '2021-02-25 21:26:16'),
(736, 14, 0, 'c4ltah8t5c5smlknrem0rdhgn2', 1, '2021-02-25 21:27:29'),
(737, 4, 0, 'gkk7buenqc0hvusou7bkvcq023', 1, '2021-02-25 21:33:04'),
(738, 4, 0, 'o92i29p7klvcflu9j8i8prquv9', 1, '2021-02-25 21:34:55'),
(739, 4, 0, 'rkqkva49sr34s55toi01ug6fes', 1, '2021-02-25 21:36:40'),
(740, 4, 0, '5nsq3jvi0hdfmtcbj63q24q47q', 1, '2021-02-25 21:37:41'),
(741, 4, 0, 'tk91duvruut2vjrr5l7chkp3q9', 1, '2021-02-25 21:47:06'),
(742, 4, 0, 'p197eb4332d9nfufe028r66fnd', 1, '2021-02-25 21:55:24'),
(743, 4, 0, 'ag5o1k4m18752io776383s6lub', 1, '2021-02-25 21:59:59'),
(744, 4, 0, 'riod5355atur97a1deirjdmq0b', 1, '2021-02-25 22:05:57'),
(745, 75, 0, 'dqcqbjp3eq59j5tn2l1i75ggk5', 1, '2021-02-25 22:22:49'),
(746, 4, 0, 'e2nvimgqpqckulnup6t7m86e31', 1, '2021-02-25 22:24:40'),
(747, 4, 0, 'e2nvimgqpqckulnup6t7m86e31', 1, '2021-02-25 22:25:45'),
(748, 77, 0, '9dmnm8ofrafbb7fr31ftj03dsg', 1, '2021-02-25 22:33:08'),
(749, 4, 0, '9dmnm8ofrafbb7fr31ftj03dsg', 1, '2021-02-25 22:33:32'),
(750, 4, 0, 'mga3lv6g5ongeeifdgtg6iuo4f', 1, '2021-02-25 22:38:38'),
(751, 80, 0, 'eqqqm9hihg6o3dgrhhg803efqb', 1, '2021-02-25 22:45:29'),
(752, 5, 0, 'eqqqm9hihg6o3dgrhhg803efqb', 1, '2021-02-25 22:46:29'),
(753, 4, 0, 'rufa8rdh1ur9793uqq9j0g8rnp', 1, '2021-02-25 22:48:45'),
(754, 4, 0, '9etbuk3hpirandtr9cs953tfsr', 1, '2021-02-25 22:54:08'),
(755, 100, 0, 'd8cqpp5rkao6s9v39tb38h0a9e', 1, '2021-02-25 22:55:25'),
(756, 1, 0, 'r0ifdnsn63vvufkm018v8qka8t', 1, '2021-02-25 22:56:47'),
(757, 4, 0, 'r0ifdnsn63vvufkm018v8qka8t', 1, '2021-02-25 22:57:10'),
(758, 4, 0, '1hji4oo1ibj91029u3mmnrd6cu', 1, '2021-02-25 23:03:31'),
(759, 4, 0, '7eg1c2ule516425mv45l1nvcj3', 1, '2021-02-25 23:05:53'),
(760, 4, 0, 'eclek6cev15vrmo18u9gr49rnk', 1, '2021-02-25 23:12:03'),
(761, 4, 0, 'si3mqq9o76d4j6rhak1pn96p71', 1, '2021-02-25 23:12:28'),
(762, 4, 0, 'ndetgkg2sjc50dp158ec29bepm', 1, '2021-02-25 23:22:13'),
(763, 4, 0, 'kh34ms0gq7ggc6haoe0ldfni6e', 1, '2021-02-25 23:23:01'),
(764, 4, 0, 'ndetgkg2sjc50dp158ec29bepm', 1, '2021-02-25 23:23:09'),
(765, 4, 0, 'cl1bqljsk8nbu9eptqug4ndg06', 1, '2021-02-25 23:26:14'),
(766, 4, 0, 'fom926khh30kd8v6ol19vsdsbp', 1, '2021-02-25 23:38:36'),
(767, 4, 0, 'r9255f0bbi4hj7477h13u1u2ma', 1, '2021-02-25 23:39:55'),
(768, 4, 0, 'r9255f0bbi4hj7477h13u1u2ma', 1, '2021-02-25 23:40:53'),
(769, 4, 0, 'nd6vhfkbvfl90to9im55p8pc5o', 1, '2021-02-25 23:46:00'),
(770, 4, 0, 'pqobjo2r8dfu804001iq1751l7', 1, '2021-02-25 23:48:35'),
(771, 4, 0, 'pgjg5hjlgb11ebpg55jr704mvc', 1, '2021-02-25 23:50:03'),
(772, 4, 0, 'db5k2og7226pdg3e45imd3seff', 1, '2021-02-25 23:50:29'),
(773, 4, 0, '4u3q95qlp62pe4576eg900qk4a', 1, '2021-02-25 23:53:42'),
(774, 2, 0, 'u0q4bme67bs2kcbatkp9s2buji', 1, '2021-02-26 00:06:23'),
(775, 4, 0, 'hk4q0e1okbql93cfgue3qo56m0', 1, '2021-02-26 00:20:09'),
(776, 4, 0, '741ide4jkvdpgvq2r7407oi4un', 1, '2021-02-26 00:32:57'),
(777, 78, 0, 'vq7fduh1n6urva8nq53d8glur0', 1, '2021-02-26 00:33:30'),
(778, 79, 0, 'vq7fduh1n6urva8nq53d8glur0', 1, '2021-02-26 00:35:12'),
(779, 4, 0, 'f7noui3nnhnetrjh2sf6upk3ei', 1, '2021-02-26 01:12:32'),
(780, 4, 0, '25toskvmp7lf1mlr43lpuuc4tm', 1, '2021-02-26 01:45:40'),
(781, 4, 0, 'hh6u6r2uva11d3piav5tgkk9bm', 1, '2021-02-26 02:16:16'),
(782, 4, 0, '1jloeaosl9jln60hf4ir83c1rp', 1, '2021-02-26 02:31:24'),
(783, 4, 0, 'el8mb8oe265mbh8iklfrr0pbig', 1, '2021-02-26 06:17:52'),
(784, 4, 0, 'lcicfamuc1pesg9a16odpv54cg', 1, '2021-02-26 06:19:29'),
(785, 4, 0, 'el8mb8oe265mbh8iklfrr0pbig', 1, '2021-02-26 06:19:41'),
(786, 4, 0, '45o2f5sh3gn3k0r1vq35oacggm', 1, '2021-02-26 06:21:24'),
(787, 4, 0, '96bv9sp3hm0l8vs91hp1jhusi9', 1, '2021-02-26 06:22:47'),
(788, 4, 0, '96bv9sp3hm0l8vs91hp1jhusi9', 1, '2021-02-26 06:24:36'),
(789, 4, 0, 'el8mb8oe265mbh8iklfrr0pbig', 1, '2021-02-26 06:26:32'),
(790, 4, 0, 'kseenlcq639pkfj9kjn2qcnqkm', 1, '2021-02-26 06:27:10'),
(791, 4, 0, '9snjbp6qpcf1g1i4ah972q3ru2', 1, '2021-02-26 06:52:29'),
(792, 4, 0, 'qd4rqu2tc5k3t39t0i90ts10g3', 1, '2021-02-26 07:41:36'),
(793, 4, 0, 'gncb72k2lmqsshdoeg23m638ma', 1, '2021-02-26 07:42:24'),
(794, 4, 0, 'pmvqgt8na6bestnfib2qklfdp3', 1, '2021-02-26 07:49:17'),
(795, 4, 0, 'hjmcarbg76f61tko1kgrntsj45', 1, '2021-02-26 07:52:49'),
(796, 4, 0, 'aimh4sdb59pllaks8k9dglnmol', 1, '2021-02-26 07:53:14');
INSERT INTO `kr_recentview` (`recentid`, `product_id`, `customer_id`, `session_id`, `IsActive`, `Createddate`) VALUES
(797, 4, 0, 'mj8e8cvtgf9kb58bfmecnsj9kt', 1, '2021-02-26 07:53:52'),
(798, 4, 0, '4i8imasas23mjpa01clqbn6cjd', 1, '2021-02-26 07:54:34'),
(799, 4, 0, 'llchfgbtp4aodf3hajrbm11aju', 1, '2021-02-26 08:48:38'),
(800, 4, 0, 'niobqtvbs16gefr21090vmnb21', 1, '2021-02-26 09:00:41'),
(801, 4, 0, 'tr13h3b0q4onoahcrn7fbtingl', 1, '2021-02-26 09:08:39'),
(802, 4, 0, '2hoatu7nuct35orldalhmvc9tt', 1, '2021-02-26 09:11:22'),
(803, 4, 0, 'dc4q4nk4v9nth986eh543hf735', 1, '2021-02-26 09:30:47'),
(804, 4, 0, 'ql81ochkqtn959mgvtegq872ks', 1, '2021-02-26 10:14:54'),
(805, 4, 0, 'jhpm7aolq88j0bt43qqkhmme4t', 1, '2021-02-26 10:29:38'),
(806, 4, 0, 'jhpm7aolq88j0bt43qqkhmme4t', 1, '2021-02-26 10:30:47'),
(807, 4, 0, '2hum8kgi3h94kr55ultuq2ttl9', 1, '2021-02-26 10:45:03'),
(808, 4, 0, 's8kqlrqju235m90qn26ois3rsd', 1, '2021-02-26 11:12:19'),
(809, 4, 0, 'p1go4pnnemo2dv6t22bf6qvqrm', 1, '2021-02-26 11:14:57'),
(810, 4, 0, '75keh8cmt0uj91fvhjon8fpbcn', 1, '2021-02-26 12:37:57'),
(811, 4, 0, 'qt1uidsc63ic78uf16o10r40f8', 1, '2021-02-26 13:07:05'),
(812, 4, 0, 'fcvcm84qjb8bjige2uudkladpi', 1, '2021-02-26 13:08:47'),
(813, 75, 0, '3lek5sgpvi5od5piit7pnkv1ur', 1, '2021-02-26 13:17:30'),
(814, 9, 0, '3lek5sgpvi5od5piit7pnkv1ur', 1, '2021-02-26 13:18:40'),
(815, 4, 0, '8iseu1mtqb3r4doge1sghll1qe', 1, '2021-02-26 13:34:22'),
(816, 4, 0, 'j97sk3disqtto9cq64njpg4pi6', 1, '2021-02-26 13:51:32'),
(817, 1, 0, 'j97sk3disqtto9cq64njpg4pi6', 1, '2021-02-26 13:55:20'),
(818, 4, 0, 'j97sk3disqtto9cq64njpg4pi6', 1, '2021-02-26 14:25:01'),
(819, 70, 0, 'r6pfi99k0m7ooimimgijtp0c3h', 1, '2021-02-26 14:26:50'),
(820, 9, 0, 'r6pfi99k0m7ooimimgijtp0c3h', 1, '2021-02-26 14:27:07'),
(821, 4, 0, 'ea9vq9v6qej7r355in8le0f0ba', 1, '2021-02-26 14:30:55'),
(822, 14, 0, 'r6pfi99k0m7ooimimgijtp0c3h', 1, '2021-02-26 14:35:15'),
(823, 93, 0, 'jmt9ttcjc5kfrtr723atjbjkhk', 1, '2021-02-26 14:52:48'),
(824, 93, 0, 'jl0de66u6pgb8mbitenlj0lgbk', 1, '2021-02-26 15:06:02'),
(825, 4, 0, 'kap32ab2af08m483cmicb8kehp', 1, '2021-02-26 15:38:31'),
(826, 104, 0, 'khdgkrhff49jm91hl3bqc32qas', 1, '2021-02-26 15:54:56'),
(827, 4, 0, 'sd995gfujsge5k07f9plqer5e1', 1, '2021-02-26 16:00:21'),
(828, 2, 0, 'sd995gfujsge5k07f9plqer5e1', 1, '2021-02-26 16:01:06'),
(829, 4, 0, '1br9tfl5lf5cn5e6tr4s03q677', 1, '2021-02-26 16:02:27'),
(830, 8, 0, 'e3tc3efo3s4ivvrtic5fhcvju1', 1, '2021-02-26 16:18:13'),
(831, 70, 0, 'khdgkrhff49jm91hl3bqc32qas', 1, '2021-02-26 16:31:11'),
(832, 92, 0, '70u9i638rotultobepm7gbmb6r', 1, '2021-02-26 17:12:33'),
(833, 4, 0, 'n2f6mh3vgd0hk9q83kt247smg1', 1, '2021-02-26 19:22:37'),
(834, 4, 0, '6cv49t4ed9tpp6g2d21m5mrhgl', 1, '2021-02-26 19:54:11'),
(835, 4, 0, 'ohsklqdbi4lc63d0hk6q05ktcs', 1, '2021-02-26 20:02:00'),
(836, 76, 0, 'j1jku8mqt9dsvqo3e6p2kb8679', 1, '2021-02-26 20:38:32'),
(837, 14, 0, 'hvhg1hss8crsie69bjcl7d5d23', 1, '2021-02-26 20:39:29'),
(838, 4, 0, '8qm20b888l6g6phua76u5qhes6', 1, '2021-02-26 21:20:37'),
(839, 4, 0, 'dthrm2bp8gn8jvpbamcoqg5tg4', 1, '2021-02-26 22:30:59'),
(840, 4, 0, '69o1pgujr63phbmkjuuecsll36', 1, '2021-02-26 23:50:28'),
(841, 4, 0, 'kntoflvla0q7h5c6jv81od63jr', 1, '2021-02-27 00:40:20'),
(842, 4, 0, 'kntoflvla0q7h5c6jv81od63jr', 1, '2021-02-27 00:57:37'),
(843, 4, 0, '07gk2a7ruk8p27420ft2o80jf3', 1, '2021-02-27 01:16:51'),
(844, 4, 0, 'lvh3glc7kmigbrj7pqagt1k8ek', 1, '2021-02-27 02:31:46'),
(845, 4, 0, '7om2hh4fhp61vpiq1ru4qm87c2', 1, '2021-02-27 08:24:08'),
(846, 4, 0, 'io39nu8gs2sjk1b8qdssf5edb3', 1, '2021-02-27 08:44:10'),
(847, 4, 0, '7gj0fs8rllbevl54t5n6d0n1h7', 1, '2021-02-27 08:52:46'),
(848, 98, 0, '7gj0fs8rllbevl54t5n6d0n1h7', 1, '2021-02-27 08:56:19'),
(849, 4, 0, 'ji33enoih13haegv8amj95r8n3', 1, '2021-02-27 09:55:55'),
(850, 4, 0, '3ev9tkp1rb6mqk208k1oq315jp', 1, '2021-02-27 10:36:46'),
(851, 4, 104, '', 1, '2021-02-27 13:20:04'),
(852, 4, 104, '', 1, '2021-02-27 13:20:46'),
(853, 4, 104, '', 1, '2021-02-27 13:20:47'),
(854, 4, 0, 'hlqv4e2d3pmbm0fbkut26qnsfo', 1, '2021-02-27 15:58:49'),
(855, 4, 0, 'hlqv4e2d3pmbm0fbkut26qnsfo', 1, '2021-02-27 15:58:50'),
(856, 4, 0, 'a86unf08dbaj7ad6itnejtenmj', 1, '2021-02-27 16:52:15'),
(857, 4, 0, '04gbh41kagbi5qh3cjpnkllemp', 1, '2021-02-27 17:20:03'),
(858, 4, 0, '7lhc21in88adb4lcl9brhjuvm7', 1, '2021-02-27 17:31:43'),
(859, 9, 0, '9pve4q0bbu48h5ckpn8o58megr', 1, '2021-02-27 18:48:08'),
(860, 4, 0, '01bahe5apoka0dbrac9fsa3fka', 1, '2021-02-27 19:42:35'),
(861, 4, 0, '01bahe5apoka0dbrac9fsa3fka', 1, '2021-02-27 19:44:10'),
(862, 76, 0, '9pve4q0bbu48h5ckpn8o58megr', 1, '2021-02-27 20:04:25'),
(863, 4, 0, 'ul6eohc42510vlaf0nqbgjtdo7', 1, '2021-02-27 20:13:23'),
(864, 1, 0, '84g3fqsjfj3a4p1es7p3ak6gvn', 1, '2021-02-27 20:56:56'),
(865, 4, 0, '240uk2lnd0pjbj13aqkv9v4imt', 1, '2021-02-27 21:14:23'),
(866, 1, 0, '2nqbl6h16j2clu4o96h214t0g0', 1, '2021-02-28 00:51:22'),
(867, 67, 0, '2nqbl6h16j2clu4o96h214t0g0', 1, '2021-02-28 00:52:28'),
(868, 6, 0, 'genh1suj3pbrlfel6b73s3kvp5', 1, '2021-02-28 09:53:47'),
(869, 6, 0, 'genh1suj3pbrlfel6b73s3kvp5', 1, '2021-02-28 09:53:47'),
(870, 101, 0, '4cbegb7p7cie917llba4olp73p', 1, '2021-02-28 15:39:31'),
(871, 100, 0, '4cbegb7p7cie917llba4olp73p', 1, '2021-02-28 15:40:15'),
(872, 100, 0, 'l28ip1iuso68gg4gm5s984hls1', 1, '2021-02-28 18:40:18'),
(873, 4, 0, 'otup061v0geml7kpp7o7p0uu12', 1, '2021-02-28 18:46:10'),
(874, 4, 0, 'ftp60lsh659el88k76m187qiv0', 1, '2021-02-28 20:35:08'),
(875, 4, 0, '1cobggecmb7trbn7p5pjq13a21', 1, '2021-02-28 23:36:59'),
(876, 4, 0, 'ilpimf5k4nfdiot2dl4fngq66c', 1, '2021-03-01 00:27:13'),
(877, 4, 0, 'ui70uiks376h5erltd6gcmv1cd', 1, '2021-03-01 06:20:15'),
(878, 4, 0, '9nt828ppllosuikjo2jarfm7qb', 1, '2021-03-01 09:51:02'),
(879, 4, 0, 'md0v4p396obmcgir1sc9lkla6f', 1, '2021-03-01 09:55:02'),
(880, 100, 0, 'jptjq91f6stc7ih5bvn05ssncc', 1, '2021-03-01 10:09:54'),
(881, 1, 0, 'jm0trbfdkg7aierojkbir2rto8', 1, '2021-03-01 10:25:23'),
(882, 1, 0, 'jm0trbfdkg7aierojkbir2rto8', 1, '2021-03-01 10:25:24'),
(883, 2, 0, 'jm0trbfdkg7aierojkbir2rto8', 1, '2021-03-01 10:26:15'),
(884, 34, 0, 'jm0trbfdkg7aierojkbir2rto8', 1, '2021-03-01 10:27:26'),
(885, 4, 0, 'da09e56akhtklui03b0c1bs862', 1, '2021-03-01 12:30:53'),
(886, 4, 0, 'hgt2ck8gs1k1tgdn9j01vt6iqp', 1, '2021-03-01 14:35:31'),
(887, 98, 0, '2so2m1m7ue1ia3gp8apgkvgpsm', 1, '2021-03-01 15:47:05'),
(888, 99, 0, '2so2m1m7ue1ia3gp8apgkvgpsm', 1, '2021-03-01 15:48:21'),
(889, 103, 0, '2so2m1m7ue1ia3gp8apgkvgpsm', 1, '2021-03-01 15:48:47'),
(890, 2, 0, '2so2m1m7ue1ia3gp8apgkvgpsm', 1, '2021-03-01 15:49:30'),
(891, 2, 0, '2so2m1m7ue1ia3gp8apgkvgpsm', 1, '2021-03-01 15:49:35'),
(892, 4, 0, 'tvo91jhbi73qesmcj8027vpi1n', 1, '2021-03-01 16:30:28'),
(893, 4, 0, 'kiorviiutnush9f0hhd94h94iu', 1, '2021-03-01 17:49:53'),
(894, 4, 0, 'shsqm6r6d4saetpevj2r6nnl67', 1, '2021-03-02 01:29:53'),
(895, 4, 0, 'ro7mo7q90th0kglbapro2qpclv', 1, '2021-03-02 01:38:03'),
(896, 100, 0, 'o328hcq86e21mc8nabtar95l0r', 1, '2021-03-02 06:48:28'),
(897, 4, 0, '7b3heok3kft8bckrncido9auns', 1, '2021-03-02 07:48:32'),
(898, 81, 0, '0mufn623dnb5ir6g2ghgrvu2rj', 1, '2021-03-02 08:44:35'),
(899, 83, 0, '0mufn623dnb5ir6g2ghgrvu2rj', 1, '2021-03-02 08:44:49'),
(900, 4, 0, 'mcom4gt03jk7h11a68ej7vig1u', 1, '2021-03-02 11:08:44'),
(901, 80, 0, 'gqqbfl6g7qnhouaupasis7kabp', 1, '2021-03-02 12:30:59'),
(902, 78, 0, 'g62iba3kti3nlcigd7i53b6aph', 1, '2021-03-02 12:57:04'),
(903, 70, 0, 'k8tfci4fe24dpvq9aah2b3uo0l', 1, '2021-03-02 13:18:42'),
(904, 104, 0, 'k8tfci4fe24dpvq9aah2b3uo0l', 1, '2021-03-02 13:20:25'),
(905, 14, 0, 'k8tfci4fe24dpvq9aah2b3uo0l', 1, '2021-03-02 13:22:07'),
(906, 4, 0, 'ldq0a6e5a1jru7ocedo57avesl', 1, '2021-03-02 13:40:59'),
(907, 12, 0, 't64ri9d2eqpgluauau25882bsj', 1, '2021-03-02 16:49:31'),
(908, 101, 0, '8k6lpnfvbml0gp7fqn73lckoek', 1, '2021-03-03 00:06:19'),
(909, 103, 0, '8k6lpnfvbml0gp7fqn73lckoek', 1, '2021-03-03 00:06:50'),
(910, 100, 0, '8k6lpnfvbml0gp7fqn73lckoek', 1, '2021-03-03 00:07:34'),
(911, 9, 0, 'c69875gd1lm3c4e0jrmoloneh0', 1, '2021-03-03 13:23:42'),
(912, 9, 0, 'c69875gd1lm3c4e0jrmoloneh0', 1, '2021-03-03 13:23:42'),
(913, 9, 0, 'c69875gd1lm3c4e0jrmoloneh0', 1, '2021-03-03 15:05:24'),
(914, 6, 0, '48lcls3abe4mk0rho83521rvt3', 1, '2021-03-03 16:32:59'),
(915, 6, 0, '48lcls3abe4mk0rho83521rvt3', 1, '2021-03-03 16:33:36'),
(916, 4, 0, 's0t2dpscbcv6758vpuainvo64d', 1, '2021-03-03 16:53:06'),
(917, 95, 0, 'qhfq511dgrls9igat5h7eda6cm', 1, '2021-03-03 18:02:09'),
(918, 6, 0, 'qhfq511dgrls9igat5h7eda6cm', 1, '2021-03-03 18:14:07'),
(919, 8, 0, '2q2vgefp65tg7cchehiimeu2in', 1, '2021-03-03 19:16:20'),
(920, 102, 0, '2q2vgefp65tg7cchehiimeu2in', 1, '2021-03-03 19:17:34'),
(921, 80, 0, '9ckmmbe0i1ig0srmasrs7cr0v3', 1, '2021-03-03 19:17:57'),
(922, 9, 0, 'l3gcpguo296gfh5gncvdqqjsve', 1, '2021-03-03 19:22:00'),
(923, 76, 0, 'l3gcpguo296gfh5gncvdqqjsve', 1, '2021-03-03 19:24:39'),
(924, 80, 0, '0c5ifp38h1ma783djp22rsoa28', 1, '2021-03-03 21:04:39'),
(925, 32, 0, 'iobonhm6rfnhturff3ch478hca', 1, '2021-03-03 21:24:41'),
(926, 28, 0, 'iobonhm6rfnhturff3ch478hca', 1, '2021-03-03 21:26:05'),
(927, 9, 0, '6jchsujjm3q02nf85t2engm6bg', 1, '2021-03-04 11:03:31'),
(928, 1, 0, 'gl6dmqqtbg3b1p07g39ps9oet4', 1, '2021-03-04 11:54:43'),
(929, 7, 0, 'gl6dmqqtbg3b1p07g39ps9oet4', 1, '2021-03-04 11:55:51'),
(930, 4, 0, 'vv8p74503g31tjg7olvlbnh8un', 1, '2021-03-04 12:41:58'),
(931, 4, 0, 'vv8p74503g31tjg7olvlbnh8un', 1, '2021-03-04 12:44:01'),
(932, 4, 0, '6up8nip5obv4436rvi9reqhbjg', 1, '2021-03-04 19:12:23'),
(933, 102, 0, 'iqmk8ievpll4bhlsp0h8b6hmgc', 1, '2021-03-04 19:50:55'),
(934, 103, 0, 'iqmk8ievpll4bhlsp0h8b6hmgc', 1, '2021-03-04 19:51:34'),
(935, 83, 0, 'lqbvrl2rtknao36a8eqdcv5asr', 1, '2021-03-04 21:21:41'),
(936, 4, 0, 'tesc73vs5hinmsq8ds3k29mmg9', 1, '2021-03-04 21:33:55'),
(937, 80, 0, '8ht1r3csc3nkgc6vip4uukd65n', 1, '2021-03-04 22:01:49'),
(938, 6, 0, 'm2d1jhnq4scamlm07e8audfglm', 1, '2021-03-04 23:28:19'),
(939, 1, 0, '74t8e80knlqjj85jflggvg5n21', 1, '2021-03-05 01:20:07'),
(940, 94, 0, 'c8390b2tkrceehjgssgqn3kkua', 1, '2021-03-05 08:53:05'),
(941, 0, 0, 'rhniflrmm9jiao3sv6t9hbhiht', 1, '2021-03-05 11:32:56'),
(942, 4, 0, 'ndq5m8kiadfqi150o7ndbunsra', 1, '2021-03-05 16:13:05'),
(943, 94, 0, 'iu69rclr3lrb2njam4l161jbes', 1, '2021-03-05 18:19:18'),
(944, 93, 0, '96duh507kb2jgh6v5dip7frqfa', 1, '2021-03-05 20:29:10'),
(945, 9, 0, 'cmml2n2t4432igqm113h6o23ur', 1, '2021-03-05 20:40:35'),
(946, 9, 0, 'cmml2n2t4432igqm113h6o23ur', 1, '2021-03-05 20:41:40'),
(947, 9, 0, 'cmml2n2t4432igqm113h6o23ur', 1, '2021-03-05 20:41:45'),
(948, 93, 0, 'cmml2n2t4432igqm113h6o23ur', 1, '2021-03-05 20:42:50'),
(949, 77, 0, 'cmml2n2t4432igqm113h6o23ur', 1, '2021-03-05 20:43:38'),
(950, 77, 0, 'r1dbg47fsefamb6dse520qsdcn', 1, '2021-03-06 00:22:46'),
(951, 17, 0, 'a6n4i8giope3a0buh1cd5qgll6', 1, '2021-03-06 11:36:19'),
(952, 46, 0, 'li41rmqjhshefftu5i5updq0oi', 1, '2021-03-06 14:14:04'),
(953, 49, 0, 'li41rmqjhshefftu5i5updq0oi', 1, '2021-03-06 14:15:55'),
(954, 52, 0, 'li41rmqjhshefftu5i5updq0oi', 1, '2021-03-06 14:18:22'),
(955, 4, 0, 'l8f0ohasu91ff61kl2238kr9n8', 1, '2021-03-06 15:22:30'),
(956, 4, 0, 'cng1h5fs5h55p4eoqc3t1lhpjj', 1, '2021-03-06 15:34:03'),
(957, 12, 0, 'g9lsqs73p1manq9ueppi2g5sgl', 1, '2021-03-06 15:56:37'),
(958, 9, 0, 'qvvi2c2f8s7hjoducfufdmfj67', 1, '2021-03-06 18:13:49'),
(959, 93, 0, '83kdi4m5fthcvora5etd3mpbuo', 1, '2021-03-06 20:18:55'),
(960, 80, 0, 'o9o5vsaofnuucnb6d56glaef2a', 1, '2021-03-06 20:48:14'),
(961, 104, 0, 'gif3831ctufare3dmni4st1kmf', 1, '2021-03-07 12:15:42'),
(962, 105, 0, 'gif3831ctufare3dmni4st1kmf', 1, '2021-03-07 12:16:22'),
(963, 1, 0, 'gif3831ctufare3dmni4st1kmf', 1, '2021-03-07 12:17:26'),
(964, 5, 0, 'qol68thiidd357mo502n21rp1e', 1, '2021-03-07 14:33:33'),
(965, 89, 0, 'm1vh8q7bhj46qn96ablc1sj2be', 1, '2021-03-07 17:16:20'),
(966, 5, 0, 'lujd5d38vrm24i0d3jief2krho', 1, '2021-03-07 19:42:55'),
(967, 102, 0, '27q65s81p18n5m3ed3ber208he', 1, '2021-03-07 22:47:16'),
(968, 14, 0, 'ejf3iatm6s47qgl686psebu6qh', 1, '2021-03-08 12:15:01'),
(969, 4, 0, '9svok6cbg8knp72cj362b8kf3t', 1, '2021-03-08 12:52:41'),
(970, 14, 0, 'a7c2aj2it1glbtame0ts6khlum', 1, '2021-03-08 12:57:41'),
(971, 4, 0, 'ip89jie41d8vb6459vj9tmqris', 1, '2021-03-08 17:36:07'),
(972, 9, 0, 'dk0rqhamjhn6mrfpcmjl1tknef', 1, '2021-03-08 21:08:09'),
(973, 4, 0, 'qj6s0in9891n82v0knmt683p2u', 1, '2021-03-09 02:37:40'),
(974, 4, 0, 'rv038dsuau9qdl7cdqab67jfvp', 1, '2021-03-09 07:54:16'),
(975, 65, 0, 'pjpknkh5gcptl505kiustgm5s0', 1, '2021-03-09 08:44:36'),
(976, 4, 0, '6l4cjolhmo3s6a110oucc84pk9', 1, '2021-03-09 09:55:57'),
(977, 4, 0, '0cov3m6at45f541cm3nue9d7l3', 1, '2021-03-09 13:52:52'),
(978, 4, 0, '0cov3m6at45f541cm3nue9d7l3', 1, '2021-03-09 13:52:52'),
(979, 58, 0, 'hpjtn7rihsuct7gijqtp0bqqim', 1, '2021-03-09 20:05:53'),
(980, 37, 0, '4fuckdmdad5qoi89bh3h0bub2p', 1, '2021-03-10 01:54:05'),
(981, 29, 0, '4fuckdmdad5qoi89bh3h0bub2p', 1, '2021-03-10 01:54:16'),
(982, 4, 0, 'iijpa03f24thpui8u2sqifjo6q', 1, '2021-03-10 03:42:53'),
(983, 4, 0, 'df6dm9akb1m2rc4ih73943t1mh', 1, '2021-03-10 11:17:48'),
(984, 71, 0, '17ivkeghbapob35j0nq546k7rh', 1, '2021-03-10 12:44:31'),
(985, 4, 0, '7nmhnprogfhsl6kp2fulfj9i2f', 1, '2021-03-10 12:53:24'),
(986, 4, 0, '3alkjcesejjssljg93qm62k4lf', 1, '2021-03-10 13:19:44'),
(987, 9, 0, '3alkjcesejjssljg93qm62k4lf', 1, '2021-03-10 13:20:40'),
(988, 76, 0, '3alkjcesejjssljg93qm62k4lf', 1, '2021-03-10 13:33:07'),
(989, 2, 0, 'dplj0ca4iuljl54sf105ucum1s', 1, '2021-03-10 13:36:44'),
(990, 7, 0, 'j8q5tnnkuo0v9msngd0seqp91c', 1, '2021-03-10 22:36:51'),
(991, 7, 0, 'j8q5tnnkuo0v9msngd0seqp91c', 1, '2021-03-10 22:39:22'),
(992, 1, 0, 'dpd9jrp38rbmls5e9ash17i2t4', 1, '2021-03-10 23:27:53'),
(993, 4, 0, 'dpd9jrp38rbmls5e9ash17i2t4', 1, '2021-03-10 23:29:05'),
(994, 56, 0, 'dpd9jrp38rbmls5e9ash17i2t4', 1, '2021-03-10 23:37:22'),
(995, 45, 0, 'dpd9jrp38rbmls5e9ash17i2t4', 1, '2021-03-10 23:37:57'),
(996, 52, 0, 'dpd9jrp38rbmls5e9ash17i2t4', 1, '2021-03-10 23:40:15'),
(997, 50, 0, 'dpd9jrp38rbmls5e9ash17i2t4', 1, '2021-03-10 23:40:28'),
(998, 6, 0, 'hqc41a3bp1jmv7t5j6mk01uuin', 1, '2021-03-11 01:15:05'),
(999, 100, 0, 'hqc41a3bp1jmv7t5j6mk01uuin', 1, '2021-03-11 01:15:48'),
(1000, 23, 0, 'qfebi4342f7e1u5gpf6ehfc636', 1, '2021-03-11 11:52:03'),
(1001, 48, 0, 'qfebi4342f7e1u5gpf6ehfc636', 1, '2021-03-11 11:52:46'),
(1002, 56, 0, 'qfebi4342f7e1u5gpf6ehfc636', 1, '2021-03-11 11:54:35'),
(1003, 78, 0, 'jlad8sq0ljj8e0msrt1h1tecgc', 1, '2021-03-11 14:03:25'),
(1004, 61, 0, '63858em0i67v2o55etcvt1itok', 1, '2021-03-11 17:58:36'),
(1005, 2, 0, '1b2alu3njg4b90fpn49jhkjla1', 1, '2021-03-11 18:30:34'),
(1006, 104, 0, 'deog50hrm926j190vj5offgd5l', 1, '2021-03-11 18:47:31'),
(1007, 0, 0, 'ad4d6r4emv1i3tmkclegvqqps9', 1, '2021-03-12 04:38:51'),
(1008, 14, 0, 'alhmj39sg767u8u0a65o12tmrk', 1, '2021-03-12 11:34:14'),
(1009, 7, 0, 'alhmj39sg767u8u0a65o12tmrk', 1, '2021-03-12 11:34:52'),
(1010, 76, 0, '5qleso2hkuqplcv58uq72g7cmh', 1, '2021-03-12 12:42:04'),
(1011, 76, 0, '5qleso2hkuqplcv58uq72g7cmh', 1, '2021-03-12 13:55:11'),
(1012, 4, 0, '15gss8vrm4svc457muasm9f000', 1, '2021-03-12 14:50:03'),
(1013, 4, 0, '2mjkvpf98ekp2ama82nke99g9q', 1, '2021-03-12 15:53:24'),
(1014, 9, 0, 'n3l635dlb1or6kvn6e816bt1tb', 1, '2021-03-12 17:55:38'),
(1015, 9, 0, 'n3l635dlb1or6kvn6e816bt1tb', 1, '2021-03-12 18:20:40'),
(1016, 6, 0, '7ql1moa5tq5do88trk73fe7bi3', 1, '2021-03-12 22:43:31'),
(1017, 61, 0, 'njevppmkfm67t7ec0hhsvsnfmt', 1, '2021-03-13 00:55:20'),
(1018, 80, 0, 'qgvktqvrv44s96c3iuhura797p', 1, '2021-03-13 09:38:07'),
(1019, 80, 0, 'qgvktqvrv44s96c3iuhura797p', 1, '2021-03-13 09:38:29'),
(1020, 4, 0, 'nqp0s79phqqgmvh0ep5caqubl2', 1, '2021-03-13 10:42:12'),
(1021, 76, 0, 'nqp0s79phqqgmvh0ep5caqubl2', 1, '2021-03-13 11:16:15'),
(1022, 77, 0, 'nqp0s79phqqgmvh0ep5caqubl2', 1, '2021-03-13 11:16:23'),
(1023, 9, 0, 'nqp0s79phqqgmvh0ep5caqubl2', 1, '2021-03-13 11:16:35'),
(1024, 98, 0, 'nqp0s79phqqgmvh0ep5caqubl2', 1, '2021-03-13 11:18:44'),
(1025, 1, 0, 'uf1tq0ao13lm30ik584r0hrg11', 1, '2021-03-13 11:30:00'),
(1026, 4, 0, '8b592rt2ipojbvcmqd2c7n2f4a', 1, '2021-03-13 12:11:59'),
(1027, 9, 0, '0n3rcctab950jr9tn2vr534rp1', 1, '2021-03-13 13:01:05'),
(1028, 9, 0, 'nqp0s79phqqgmvh0ep5caqubl2', 1, '2021-03-13 14:31:18'),
(1029, 2, 0, 'f3qv1uolicpkha57g6ocau75nu', 1, '2021-03-13 16:22:29'),
(1030, 4, 0, 'f3qv1uolicpkha57g6ocau75nu', 1, '2021-03-13 16:22:46'),
(1031, 90, 0, 'gsd6nk5m9htesgd0870k3qker5', 1, '2021-03-13 18:39:35'),
(1032, 90, 0, '07mim51fqlhc7jnrt1j9c318hh', 1, '2021-03-13 22:50:07'),
(1033, 88, 0, '07mim51fqlhc7jnrt1j9c318hh', 1, '2021-03-13 22:50:30'),
(1034, 2, 0, 'sb6mocaf0nkmqf87aiq583f5dt', 1, '2021-03-14 10:29:07'),
(1035, 1, 0, '0h7h0moth4suf33pkba3c5paj9', 1, '2021-03-14 11:08:34'),
(1036, 6, 0, '0h7h0moth4suf33pkba3c5paj9', 1, '2021-03-14 11:11:08'),
(1037, 1, 0, '0h7h0moth4suf33pkba3c5paj9', 1, '2021-03-14 11:28:13'),
(1038, 4, 0, 'osdnplkdhr7sogl5tfk3q8s904', 1, '2021-03-14 17:03:22'),
(1039, 9, 0, '6kjeem3h5rsq53ul1eadr1a67c', 1, '2021-03-14 18:42:02'),
(1040, 9, 0, '6kjeem3h5rsq53ul1eadr1a67c', 1, '2021-03-14 18:42:59'),
(1041, 9, 0, '6kjeem3h5rsq53ul1eadr1a67c', 1, '2021-03-14 18:43:00'),
(1042, 4, 0, '6kjeem3h5rsq53ul1eadr1a67c', 1, '2021-03-14 18:43:53'),
(1043, 4, 0, '6kjeem3h5rsq53ul1eadr1a67c', 1, '2021-03-14 18:43:53'),
(1044, 4, 0, '6kjeem3h5rsq53ul1eadr1a67c', 1, '2021-03-14 18:47:53'),
(1045, 4, 0, '6kjeem3h5rsq53ul1eadr1a67c', 1, '2021-03-14 18:47:53'),
(1046, 4, 0, '6kjeem3h5rsq53ul1eadr1a67c', 1, '2021-03-14 18:47:53'),
(1047, 4, 0, 'kpv0tncppd2p00hofv4vrrp74a', 1, '2021-03-14 22:35:52'),
(1048, 4, 0, 'kpv0tncppd2p00hofv4vrrp74a', 1, '2021-03-14 22:35:52'),
(1049, 4, 0, 'kpv0tncppd2p00hofv4vrrp74a', 1, '2021-03-14 22:38:01'),
(1050, 1, 0, 'kpv0tncppd2p00hofv4vrrp74a', 1, '2021-03-14 22:54:33'),
(1051, 1, 0, 'kpv0tncppd2p00hofv4vrrp74a', 1, '2021-03-14 22:54:33'),
(1052, 6, 0, 'kpv0tncppd2p00hofv4vrrp74a', 1, '2021-03-14 22:56:10'),
(1053, 103, 0, 'kpv0tncppd2p00hofv4vrrp74a', 1, '2021-03-14 22:57:22'),
(1054, 2, 0, 'kpv0tncppd2p00hofv4vrrp74a', 1, '2021-03-14 23:06:21'),
(1055, 2, 0, 'kpv0tncppd2p00hofv4vrrp74a', 1, '2021-03-14 23:06:21'),
(1056, 9, 0, 'l5a0acga87do011mai8dgoqlrq', 1, '2021-03-15 12:13:03'),
(1057, 4, 0, 'n2elfddl4d7maulhjv92mf2kuk', 1, '2021-03-15 12:17:45'),
(1058, 91, 0, 'pumh95v0eo258ou7bs2eu58ohv', 1, '2021-03-15 13:45:04'),
(1059, 77, 0, '04vf2l2hh4c3n5rbqubf4gu08u', 1, '2021-03-15 14:56:38'),
(1060, 2, 0, '04vf2l2hh4c3n5rbqubf4gu08u', 1, '2021-03-15 14:58:17'),
(1061, 4, 0, 'bjkubsoqipit35551n8b3i6u93', 1, '2021-03-15 15:32:50'),
(1062, 14, 0, 'j2uj1pru18hdld6ese45d2s3ik', 1, '2021-03-15 16:18:56'),
(1063, 77, 0, 'l5a0acga87do011mai8dgoqlrq', 1, '2021-03-15 18:48:46'),
(1064, 76, 0, 'l5a0acga87do011mai8dgoqlrq', 1, '2021-03-15 18:49:02'),
(1065, 12, 0, 'oehv4i3ms5ahm7t49ur2165o2v', 1, '2021-03-16 00:11:19'),
(1066, 100, 0, 'olb62ljkksut1j68gtq7f0uq0s', 1, '2021-03-16 13:23:29'),
(1067, 98, 0, 'olb62ljkksut1j68gtq7f0uq0s', 1, '2021-03-16 13:28:40'),
(1068, 98, 0, 'olb62ljkksut1j68gtq7f0uq0s', 1, '2021-03-16 13:28:41'),
(1069, 101, 0, 'olb62ljkksut1j68gtq7f0uq0s', 1, '2021-03-16 13:29:04'),
(1070, 98, 0, 'olb62ljkksut1j68gtq7f0uq0s', 1, '2021-03-16 13:49:01'),
(1071, 102, 0, 'olb62ljkksut1j68gtq7f0uq0s', 1, '2021-03-16 13:49:17'),
(1072, 98, 0, 'olb62ljkksut1j68gtq7f0uq0s', 1, '2021-03-16 13:50:21'),
(1073, 100, 0, 'olb62ljkksut1j68gtq7f0uq0s', 1, '2021-03-16 13:50:34'),
(1074, 6, 0, 'olb62ljkksut1j68gtq7f0uq0s', 1, '2021-03-16 13:52:01'),
(1075, 9, 0, '29a42575ajifvl1t0ns2bpebp7', 1, '2021-03-16 13:56:19'),
(1076, 20, 0, 'l894hmjo2dksouu2famjlb9936', 1, '2021-03-16 14:49:13'),
(1077, 92, 0, '335fpg2nste6rn0bo73o1q87ou', 1, '2021-03-16 18:27:45'),
(1078, 4, 0, 'mg1khiejapg05d1i071ompkr99', 1, '2021-03-16 18:57:15'),
(1079, 4, 0, 'd3o8lqn2fvic0u6sp9je9n2hq7', 1, '2021-03-16 18:58:06'),
(1080, 4, 0, 'd3o8lqn2fvic0u6sp9je9n2hq7', 1, '2021-03-16 18:58:09'),
(1081, 6, 0, 'hkip3m4mhfei3rcu2a6n1spmo8', 1, '2021-03-17 01:17:05'),
(1082, 66, 0, 'hkip3m4mhfei3rcu2a6n1spmo8', 1, '2021-03-17 01:20:33'),
(1083, 10, 0, 'hkip3m4mhfei3rcu2a6n1spmo8', 1, '2021-03-17 01:21:17'),
(1084, 10, 0, 'hkip3m4mhfei3rcu2a6n1spmo8', 1, '2021-03-17 01:21:17'),
(1085, 4, 0, 'lhiem2jbd2i9d9k9fmmaf6m9rl', 1, '2021-03-17 10:13:13'),
(1086, 73, 0, 'av9jap41kvqi8n2asthtb3alg1', 1, '2021-03-17 11:04:31'),
(1087, 75, 0, 'av9jap41kvqi8n2asthtb3alg1', 1, '2021-03-17 11:06:43'),
(1088, 74, 0, 'av9jap41kvqi8n2asthtb3alg1', 1, '2021-03-17 11:06:53'),
(1089, 4, 0, 'p0afn4aioha2vm5gt45dh9mrr5', 1, '2021-03-17 13:51:12'),
(1090, 80, 0, 'p0afn4aioha2vm5gt45dh9mrr5', 1, '2021-03-17 13:55:02'),
(1091, 4, 0, '2umbq7gprqrf9lo1n5o2srtqio', 1, '2021-03-17 14:03:20'),
(1092, 83, 0, 'gbr224jksro3jjsateqb83qi58', 1, '2021-03-17 17:16:44'),
(1093, 78, 0, 'faamvl9brhu4l230a26bouf0s2', 1, '2021-03-17 18:17:39'),
(1094, 4, 0, '2mjmovdrbrq4k5ql7rkangvfqe', 1, '2021-03-17 18:52:16'),
(1095, 4, 0, '8o5m7ai3kqdhqpgdeu5rubbjuh', 1, '2021-03-18 09:27:23'),
(1096, 33, 0, 'curv03o2at9opogbgm8c47j7s0', 1, '2021-03-18 15:59:25'),
(1097, 10, 0, 'curv03o2at9opogbgm8c47j7s0', 1, '2021-03-18 15:59:44'),
(1098, 4, 0, 'qr0nd652vv0516ss2g41vbea24', 1, '2021-03-18 18:45:51'),
(1099, 6, 0, 'djd77ps3r7eldn60jk5o3sihhf', 1, '2021-03-19 11:52:58'),
(1100, 1, 0, 's8vcig32asgk64ne702j5eh7uh', 1, '2021-03-19 13:33:17'),
(1101, 56, 0, 'ebedpfg9ni805umjkikrea229n', 1, '2021-03-19 15:03:07'),
(1102, 70, 0, 'ebedpfg9ni805umjkikrea229n', 1, '2021-03-19 15:03:31'),
(1103, 9, 0, 'ebedpfg9ni805umjkikrea229n', 1, '2021-03-19 15:04:06'),
(1104, 78, 0, 'ebedpfg9ni805umjkikrea229n', 1, '2021-03-19 15:04:44'),
(1105, 102, 0, 'ebedpfg9ni805umjkikrea229n', 1, '2021-03-19 15:09:39'),
(1106, 4, 0, 'fv8ud5v1cmte77t3357jf68leh', 1, '2021-03-19 15:40:30'),
(1107, 55, 0, 'fv8ud5v1cmte77t3357jf68leh', 1, '2021-03-19 15:43:40'),
(1108, 6, 0, 'fv8ud5v1cmte77t3357jf68leh', 1, '2021-03-19 15:46:20'),
(1109, 1, 0, 'fv8ud5v1cmte77t3357jf68leh', 1, '2021-03-19 15:48:50'),
(1110, 14, 0, 'fv8ud5v1cmte77t3357jf68leh', 1, '2021-03-19 15:49:31'),
(1111, 40, 0, 'fv8ud5v1cmte77t3357jf68leh', 1, '2021-03-19 15:52:28'),
(1112, 39, 0, 'fv8ud5v1cmte77t3357jf68leh', 1, '2021-03-19 15:53:51'),
(1113, 38, 0, 'fv8ud5v1cmte77t3357jf68leh', 1, '2021-03-19 15:55:05'),
(1114, 34, 0, 'fv8ud5v1cmte77t3357jf68leh', 1, '2021-03-19 15:56:29'),
(1115, 4, 0, '2acihsgv0csbr6ciq32r19eeih', 1, '2021-03-20 09:55:20'),
(1116, 7, 0, 'lacorqcf5tp7642uo2ni1acph7', 1, '2021-03-20 11:40:35'),
(1117, 4, 0, '27shvh6rkgn034lkkejun5locg', 1, '2021-03-20 12:17:56'),
(1118, 78, 0, '89apbo2r6v3k8p49aq44dl6gbj', 1, '2021-03-20 18:55:59'),
(1119, 78, 0, '89apbo2r6v3k8p49aq44dl6gbj', 1, '2021-03-20 18:55:59'),
(1120, 9, 0, 'eceqd1c02f2j3f2ljnts2r0iiv', 1, '2021-03-20 20:10:13'),
(1121, 9, 0, 'eceqd1c02f2j3f2ljnts2r0iiv', 1, '2021-03-20 20:10:59'),
(1122, 4, 0, 't43u0a5g0chn451u0mbneboob9', 1, '2021-03-21 10:52:17'),
(1123, 4, 0, 'nfa35mu4g02bfq7s6e4ucmblpp', 1, '2021-03-21 11:48:48'),
(1124, 90, 0, '0kas5hehfei671n5ec2uds0e04', 1, '2021-03-21 14:37:08'),
(1125, 5, 0, 'i16269j4fnuv1dnmhqjmpkshnq', 1, '2021-03-21 15:05:17'),
(1126, 51, 0, 'r0hh91220u8iabv8ola6eun22e', 1, '2021-03-21 20:10:14'),
(1127, 4, 0, 'r0hh91220u8iabv8ola6eun22e', 1, '2021-03-21 20:11:35'),
(1128, 14, 0, '5fp4ej00majtqf7b1ljditorqv', 1, '2021-03-22 12:19:24'),
(1129, 9, 0, '5fp4ej00majtqf7b1ljditorqv', 1, '2021-03-22 12:21:59'),
(1130, 76, 0, '5fp4ej00majtqf7b1ljditorqv', 1, '2021-03-22 12:22:11'),
(1131, 77, 0, '5fp4ej00majtqf7b1ljditorqv', 1, '2021-03-22 12:22:29'),
(1132, 76, 1, '', 1, '2021-03-22 18:59:04'),
(1133, 80, 0, 'jdvb5g3b8q06bq4rdlul1vic4q', 1, '2021-03-22 21:19:21'),
(1134, 14, 0, 'o7e5202u1ssf5l2e496cf1msgg', 1, '2021-03-22 21:27:30'),
(1135, 80, 0, 'obhjd175san16ogo2fpaaafgqa', 1, '2021-03-22 21:39:03'),
(1136, 2, 0, 't6mbsu4l1iq5uvqc5btouq5e3a', 1, '2021-03-22 22:15:39'),
(1137, 81, 0, '5u01nuds9q7lf0fogfl34a5ke7', 1, '2021-03-22 22:35:29'),
(1138, 83, 0, '5u01nuds9q7lf0fogfl34a5ke7', 1, '2021-03-22 22:38:05'),
(1139, 82, 0, '5u01nuds9q7lf0fogfl34a5ke7', 1, '2021-03-22 22:38:48'),
(1140, 81, 0, '5u01nuds9q7lf0fogfl34a5ke7', 1, '2021-03-22 22:39:48'),
(1141, 4, 0, 'll85joug4ln0mmaa410u8gus9t', 1, '2021-03-22 23:44:20'),
(1142, 89, 0, 'c4iegmgchs2outa0g93fem981r', 1, '2021-03-23 05:21:56'),
(1143, 90, 0, 'c4iegmgchs2outa0g93fem981r', 1, '2021-03-23 05:22:24'),
(1144, 81, 0, 'c4iegmgchs2outa0g93fem981r', 1, '2021-03-23 05:22:58'),
(1145, 86, 0, 'c4iegmgchs2outa0g93fem981r', 1, '2021-03-23 05:23:30'),
(1146, 83, 0, 'c4iegmgchs2outa0g93fem981r', 1, '2021-03-23 05:23:43'),
(1147, 85, 0, 'c4iegmgchs2outa0g93fem981r', 1, '2021-03-23 05:24:10'),
(1148, 87, 0, 'c4iegmgchs2outa0g93fem981r', 1, '2021-03-23 05:24:28'),
(1149, 95, 0, 'c4iegmgchs2outa0g93fem981r', 1, '2021-03-23 05:25:32'),
(1150, 82, 0, 'c4iegmgchs2outa0g93fem981r', 1, '2021-03-23 05:26:09'),
(1151, 84, 0, 'c4iegmgchs2outa0g93fem981r', 1, '2021-03-23 05:26:41'),
(1152, 96, 0, 'c4iegmgchs2outa0g93fem981r', 1, '2021-03-23 05:26:54'),
(1153, 97, 0, 'c4iegmgchs2outa0g93fem981r', 1, '2021-03-23 05:27:29'),
(1154, 9, 0, 'c4iegmgchs2outa0g93fem981r', 1, '2021-03-23 05:28:16'),
(1155, 76, 0, 'c4iegmgchs2outa0g93fem981r', 1, '2021-03-23 05:29:01'),
(1156, 9, 0, 'c4iegmgchs2outa0g93fem981r', 1, '2021-03-23 05:29:26'),
(1157, 77, 0, 'c4iegmgchs2outa0g93fem981r', 1, '2021-03-23 05:29:34'),
(1158, 73, 0, 'c4iegmgchs2outa0g93fem981r', 1, '2021-03-23 05:30:17'),
(1159, 75, 0, 'c4iegmgchs2outa0g93fem981r', 1, '2021-03-23 05:30:51'),
(1160, 74, 0, 'c4iegmgchs2outa0g93fem981r', 1, '2021-03-23 05:31:17'),
(1161, 80, 0, 'c4iegmgchs2outa0g93fem981r', 1, '2021-03-23 05:32:05'),
(1162, 93, 0, 'c4iegmgchs2outa0g93fem981r', 1, '2021-03-23 05:32:28'),
(1163, 94, 0, 'c4iegmgchs2outa0g93fem981r', 1, '2021-03-23 05:32:53'),
(1164, 6, 0, 'c4iegmgchs2outa0g93fem981r', 1, '2021-03-23 05:34:25'),
(1165, 8, 0, 'c4iegmgchs2outa0g93fem981r', 1, '2021-03-23 05:34:51'),
(1166, 98, 0, 'c4iegmgchs2outa0g93fem981r', 1, '2021-03-23 05:35:51'),
(1167, 99, 0, 'c4iegmgchs2outa0g93fem981r', 1, '2021-03-23 05:36:22'),
(1168, 101, 0, 'c4iegmgchs2outa0g93fem981r', 1, '2021-03-23 05:36:56'),
(1169, 103, 0, 'c4iegmgchs2outa0g93fem981r', 1, '2021-03-23 05:49:45'),
(1170, 7, 0, 'c4iegmgchs2outa0g93fem981r', 1, '2021-03-23 05:50:24'),
(1171, 102, 0, 'c4iegmgchs2outa0g93fem981r', 1, '2021-03-23 05:51:07'),
(1172, 100, 0, 'c4iegmgchs2outa0g93fem981r', 1, '2021-03-23 05:52:02'),
(1173, 4, 0, 'c4iegmgchs2outa0g93fem981r', 1, '2021-03-23 05:52:45'),
(1174, 93, 0, 'c4iegmgchs2outa0g93fem981r', 1, '2021-03-23 05:54:04'),
(1175, 20, 0, 'c4iegmgchs2outa0g93fem981r', 1, '2021-03-23 05:54:22'),
(1176, 65, 0, 'c4iegmgchs2outa0g93fem981r', 1, '2021-03-23 05:55:17'),
(1177, 62, 0, 'c4iegmgchs2outa0g93fem981r', 1, '2021-03-23 05:55:46'),
(1178, 66, 0, 'c4iegmgchs2outa0g93fem981r', 1, '2021-03-23 05:56:11'),
(1179, 59, 0, 'c4iegmgchs2outa0g93fem981r', 1, '2021-03-23 05:56:42'),
(1180, 58, 0, 'c4iegmgchs2outa0g93fem981r', 1, '2021-03-23 05:56:59'),
(1181, 63, 0, 'c4iegmgchs2outa0g93fem981r', 1, '2021-03-23 05:57:28'),
(1182, 67, 0, 'c4iegmgchs2outa0g93fem981r', 1, '2021-03-23 06:13:53'),
(1183, 69, 0, 'c4iegmgchs2outa0g93fem981r', 1, '2021-03-23 06:14:28'),
(1184, 70, 0, 'c4iegmgchs2outa0g93fem981r', 1, '2021-03-23 06:15:09'),
(1185, 12, 0, 'c4iegmgchs2outa0g93fem981r', 1, '2021-03-23 06:15:57'),
(1186, 15, 0, 'c4iegmgchs2outa0g93fem981r', 1, '2021-03-23 06:17:16'),
(1187, 21, 0, 'c4iegmgchs2outa0g93fem981r', 1, '2021-03-23 06:17:50'),
(1188, 71, 0, 'c4iegmgchs2outa0g93fem981r', 1, '2021-03-23 06:18:28'),
(1189, 30, 0, 'c4iegmgchs2outa0g93fem981r', 1, '2021-03-23 06:19:17'),
(1190, 46, 0, 'c4iegmgchs2outa0g93fem981r', 1, '2021-03-23 06:19:58'),
(1191, 46, 0, 'c4iegmgchs2outa0g93fem981r', 1, '2021-03-23 06:20:58'),
(1192, 22, 0, 'c4iegmgchs2outa0g93fem981r', 1, '2021-03-23 06:21:29'),
(1193, 38, 0, 'c4iegmgchs2outa0g93fem981r', 1, '2021-03-23 06:22:15'),
(1194, 71, 0, 'c4iegmgchs2outa0g93fem981r', 1, '2021-03-23 06:23:00'),
(1195, 38, 0, 'c4iegmgchs2outa0g93fem981r', 1, '2021-03-23 07:53:52'),
(1196, 52, 0, 'c4iegmgchs2outa0g93fem981r', 1, '2021-03-23 07:54:56'),
(1197, 39, 0, 'c4iegmgchs2outa0g93fem981r', 1, '2021-03-23 07:56:02'),
(1198, 40, 0, 'c4iegmgchs2outa0g93fem981r', 1, '2021-03-23 07:57:06'),
(1199, 41, 0, 'c4iegmgchs2outa0g93fem981r', 1, '2021-03-23 07:58:06'),
(1200, 61, 0, 'c4iegmgchs2outa0g93fem981r', 1, '2021-03-23 07:59:23'),
(1201, 81, 0, '2dlsrn1eifk5jqcdufv8pjokua', 1, '2021-03-23 10:58:44'),
(1202, 81, 0, '2dlsrn1eifk5jqcdufv8pjokua', 1, '2021-03-23 11:05:44'),
(1203, 81, 0, '2dlsrn1eifk5jqcdufv8pjokua', 1, '2021-03-23 11:52:57'),
(1204, 93, 0, '2ebda042tat28u49hsk8mktobh', 1, '2021-03-23 14:04:06'),
(1205, 93, 0, '2ebda042tat28u49hsk8mktobh', 1, '2021-03-23 14:06:45'),
(1206, 93, 0, '2ebda042tat28u49hsk8mktobh', 1, '2021-03-23 14:22:59'),
(1207, 6, 0, 'bf8u681v9r99n30ickpnfsutm9', 1, '2021-03-23 20:49:17'),
(1208, 6, 0, 'msgdqu2gtoqlksrojjurqubjdi', 1, '2021-03-23 20:55:06'),
(1209, 80, 0, 'cm7d6dfgt3pto55egsedgp86sc', 1, '2021-03-23 20:59:33'),
(1210, 4, 0, 'c8f84q20g42eeulpnk5kcr26m0', 1, '2021-03-24 00:03:04'),
(1211, 4, 0, '2a5trnp41516ld1gu4obv4h4ca', 1, '2021-03-24 00:13:32'),
(1212, 4, 0, 'f758iq5kmpq3pu5l4himbgt7og', 1, '2021-03-24 07:41:12'),
(1213, 4, 0, '1eiufcrgu2qipchdstiqnrdore', 1, '2021-03-24 12:17:16'),
(1214, 9, 0, 'o4hncofedrc1d1u9eeoo1muolh', 1, '2021-03-24 14:51:58'),
(1215, 73, 0, '0nrhi22k91ll1403k3s1p16uet', 1, '2021-03-24 16:03:20'),
(1216, 9, 0, '0nrhi22k91ll1403k3s1p16uet', 1, '2021-03-24 16:04:24'),
(1217, 73, 0, '0nrhi22k91ll1403k3s1p16uet', 1, '2021-03-24 17:07:21'),
(1218, 73, 0, '0nrhi22k91ll1403k3s1p16uet', 1, '2021-03-24 17:11:33'),
(1219, 73, 0, 'o4hncofedrc1d1u9eeoo1muolh', 1, '2021-03-24 18:16:00'),
(1220, 1, 0, '02d28vcmerltbsjfeg75m3dl9c', 1, '2021-03-24 22:27:22'),
(1221, 4, 0, '408eg3nhtt25perce5ndhs21dh', 1, '2021-03-25 00:10:14'),
(1222, 74, 0, 'j5v3db4prafs2ajbm572s0ippt', 1, '2021-03-25 11:56:29'),
(1223, 75, 0, 'j5v3db4prafs2ajbm572s0ippt', 1, '2021-03-25 12:13:34'),
(1224, 76, 0, 'j5v3db4prafs2ajbm572s0ippt', 1, '2021-03-25 12:13:46'),
(1225, 79, 0, 'sbu89im2bs4fkqmdqjmj0j93cl', 1, '2021-03-25 13:17:52'),
(1226, 79, 0, 'sbu89im2bs4fkqmdqjmj0j93cl', 1, '2021-03-25 13:17:52'),
(1227, 9, 0, 'j5v3db4prafs2ajbm572s0ippt', 1, '2021-03-25 14:39:44'),
(1228, 1, 0, '6kunrsdkst0j56m3vao3sddvet', 1, '2021-03-25 17:35:30'),
(1229, 1, 0, '6kunrsdkst0j56m3vao3sddvet', 1, '2021-03-25 17:35:30'),
(1230, 4, 0, '813lsdievn9uf9niag9mumion5', 1, '2021-03-25 19:06:25'),
(1231, 4, 0, '06tl763tlngamr6pp463cij32e', 1, '2021-03-25 22:39:44'),
(1232, 4, 0, 'agh18o0rqkttqha1vvf1v49jl2', 1, '2021-03-25 23:21:12'),
(1233, 4, 0, '1vncvrqaipketmvs7ohr1h0j8e', 1, '2021-03-26 11:37:49'),
(1234, 9, 0, '4vq1ujhsf1qpilh6utauqbbmkk', 1, '2021-03-26 15:26:18'),
(1235, 90, 0, '4vq1ujhsf1qpilh6utauqbbmkk', 1, '2021-03-26 15:43:04'),
(1236, 88, 0, '4vq1ujhsf1qpilh6utauqbbmkk', 1, '2021-03-26 15:43:24'),
(1237, 9, 0, '4vq1ujhsf1qpilh6utauqbbmkk', 1, '2021-03-26 15:55:28'),
(1238, 9, 0, 'kacd2jipvrfg32lr7vgv10nspq', 1, '2021-03-26 16:07:15'),
(1239, 90, 0, '4vq1ujhsf1qpilh6utauqbbmkk', 1, '2021-03-26 17:05:22'),
(1240, 5, 0, '4vq1ujhsf1qpilh6utauqbbmkk', 1, '2021-03-26 17:10:18'),
(1241, 89, 0, '4vq1ujhsf1qpilh6utauqbbmkk', 1, '2021-03-26 17:11:51'),
(1242, 90, 0, '4vq1ujhsf1qpilh6utauqbbmkk', 1, '2021-03-26 17:13:15'),
(1243, 91, 0, '4vq1ujhsf1qpilh6utauqbbmkk', 1, '2021-03-26 17:13:30'),
(1244, 88, 0, '4vq1ujhsf1qpilh6utauqbbmkk', 1, '2021-03-26 17:15:02'),
(1245, 92, 0, '4vq1ujhsf1qpilh6utauqbbmkk', 1, '2021-03-26 17:16:25'),
(1246, 81, 0, '4vq1ujhsf1qpilh6utauqbbmkk', 1, '2021-03-26 17:18:00'),
(1247, 82, 0, '4vq1ujhsf1qpilh6utauqbbmkk', 1, '2021-03-26 17:19:19'),
(1248, 0, 0, 'er8km6h9ig9k4o3g6k6d9dse53', 1, '2021-03-26 17:27:37'),
(1249, 80, 0, '4vq1ujhsf1qpilh6utauqbbmkk', 1, '2021-03-26 17:39:31'),
(1250, 78, 0, '4vq1ujhsf1qpilh6utauqbbmkk', 1, '2021-03-26 17:39:42'),
(1251, 80, 0, '4vq1ujhsf1qpilh6utauqbbmkk', 1, '2021-03-26 17:43:45'),
(1252, 76, 0, '4vq1ujhsf1qpilh6utauqbbmkk', 1, '2021-03-26 17:46:52'),
(1253, 77, 0, '4vq1ujhsf1qpilh6utauqbbmkk', 1, '2021-03-26 17:50:02'),
(1254, 73, 0, '4vq1ujhsf1qpilh6utauqbbmkk', 1, '2021-03-26 17:50:55'),
(1255, 75, 0, '4vq1ujhsf1qpilh6utauqbbmkk', 1, '2021-03-26 17:51:08'),
(1256, 74, 0, '4vq1ujhsf1qpilh6utauqbbmkk', 1, '2021-03-26 17:51:35'),
(1257, 75, 0, '4vq1ujhsf1qpilh6utauqbbmkk', 1, '2021-03-26 17:53:49'),
(1258, 9, 0, '23cfrrj7erh8im3ohgbvemhs5b', 1, '2021-03-26 17:56:33'),
(1259, 76, 0, '23cfrrj7erh8im3ohgbvemhs5b', 1, '2021-03-26 17:56:57'),
(1260, 77, 0, '23cfrrj7erh8im3ohgbvemhs5b', 1, '2021-03-26 17:57:18'),
(1261, 80, 0, '23cfrrj7erh8im3ohgbvemhs5b', 1, '2021-03-26 17:57:51'),
(1262, 78, 0, '23cfrrj7erh8im3ohgbvemhs5b', 1, '2021-03-26 17:58:35'),
(1263, 79, 0, '23cfrrj7erh8im3ohgbvemhs5b', 1, '2021-03-26 17:58:58'),
(1264, 9, 0, '4vq1ujhsf1qpilh6utauqbbmkk', 1, '2021-03-26 18:39:43'),
(1265, 62, 0, 'h231r8fgk5k7i84ah0i59a6fcn', 1, '2021-03-26 19:49:26'),
(1266, 65, 0, 'h231r8fgk5k7i84ah0i59a6fcn', 1, '2021-03-26 19:51:47'),
(1267, 80, 0, '6e0iqd8u1rrgbr5dugvft48d3b', 1, '2021-03-27 01:11:22'),
(1268, 80, 0, '6e0iqd8u1rrgbr5dugvft48d3b', 1, '2021-03-27 01:12:46'),
(1269, 93, 0, 'veagntp90rmetq5ek9s419b7jh', 1, '2021-03-27 09:40:57'),
(1270, 93, 0, 'veagntp90rmetq5ek9s419b7jh', 1, '2021-03-27 09:40:57'),
(1271, 93, 0, 'veagntp90rmetq5ek9s419b7jh', 1, '2021-03-27 09:40:57'),
(1272, 1, 0, 'ppcg8oaka4e0a212eh9u5fb56p', 1, '2021-03-27 10:09:09'),
(1273, 9, 0, 'r3epdlrc8to7f1hvhotetj9fsa', 1, '2021-03-27 10:32:16'),
(1274, 76, 0, 'r3epdlrc8to7f1hvhotetj9fsa', 1, '2021-03-27 10:36:09'),
(1275, 77, 0, 'r3epdlrc8to7f1hvhotetj9fsa', 1, '2021-03-27 10:36:52'),
(1276, 5, 0, 'r3epdlrc8to7f1hvhotetj9fsa', 1, '2021-03-27 10:40:50'),
(1277, 89, 0, 'r3epdlrc8to7f1hvhotetj9fsa', 1, '2021-03-27 10:41:58'),
(1278, 90, 0, 'r3epdlrc8to7f1hvhotetj9fsa', 1, '2021-03-27 10:46:27'),
(1279, 4, 0, 'eavpsi3suvsdliujhq8d4i6db7', 1, '2021-03-27 11:03:16'),
(1280, 9, 0, 'r3epdlrc8to7f1hvhotetj9fsa', 1, '2021-03-27 12:39:50'),
(1281, 76, 0, 'r3epdlrc8to7f1hvhotetj9fsa', 1, '2021-03-27 12:40:23'),
(1282, 77, 0, 'r3epdlrc8to7f1hvhotetj9fsa', 1, '2021-03-27 12:41:00'),
(1283, 5, 0, 'r3epdlrc8to7f1hvhotetj9fsa', 1, '2021-03-27 12:41:40'),
(1284, 89, 0, 'r3epdlrc8to7f1hvhotetj9fsa', 1, '2021-03-27 12:42:11'),
(1285, 90, 0, 'r3epdlrc8to7f1hvhotetj9fsa', 1, '2021-03-27 12:42:39'),
(1286, 80, 0, 'r3epdlrc8to7f1hvhotetj9fsa', 1, '2021-03-27 12:43:04'),
(1287, 78, 0, 'r3epdlrc8to7f1hvhotetj9fsa', 1, '2021-03-27 12:43:31'),
(1288, 14, 0, 'fmaarvesin1bmbpj7cnig0sm1f', 1, '2021-03-27 14:15:55'),
(1289, 104, 0, 'fmaarvesin1bmbpj7cnig0sm1f', 1, '2021-03-27 14:17:14'),
(1290, 4, 0, '4en4geddeplhhhsmiqdujfp1d0', 1, '2021-03-27 17:16:14'),
(1291, 4, 0, 'ii2rfs9a9oi2m0etdkff9f32g8', 1, '2021-03-28 12:49:57'),
(1292, 2, 0, 'ii2rfs9a9oi2m0etdkff9f32g8', 1, '2021-03-28 12:51:31'),
(1293, 7, 0, '5jjjkolrjsms21iu6s62a65ia4', 1, '2021-03-28 14:20:12'),
(1294, 5, 0, 'rearf255re7s4jjdr9qmkkondt', 1, '2021-03-28 16:55:20'),
(1295, 81, 0, 'rearf255re7s4jjdr9qmkkondt', 1, '2021-03-28 16:56:56'),
(1296, 4, 0, '8p4jfnu4r051ciec4orlm5te87', 1, '2021-03-28 17:31:09'),
(1297, 4, 0, 'ouvjmgfbldfgvrhibbe9sie12v', 1, '2021-03-28 18:46:30'),
(1298, 4, 0, 'puje007hkl88k76q52v86ku855', 1, '2021-03-28 23:23:30'),
(1299, 9, 0, 'go3tbors29pducp0btnn2crka6', 1, '2021-03-29 12:41:11'),
(1300, 76, 0, 'go3tbors29pducp0btnn2crka6', 1, '2021-03-29 12:41:54'),
(1301, 77, 0, 'go3tbors29pducp0btnn2crka6', 1, '2021-03-29 12:42:37'),
(1302, 4, 0, 'asmvadorofpe9fgu682l9ajrer', 1, '2021-03-29 14:30:05'),
(1303, 75, 0, 'o5rukdkpqij7dho6j940lfop91', 1, '2021-03-29 17:08:21'),
(1304, 76, 0, 'o5rukdkpqij7dho6j940lfop91', 1, '2021-03-29 17:10:04'),
(1305, 104, 0, 'o5rukdkpqij7dho6j940lfop91', 1, '2021-03-29 17:12:58'),
(1306, 76, 0, 'go3tbors29pducp0btnn2crka6', 1, '2021-03-29 17:14:37'),
(1307, 9, 0, 'go3tbors29pducp0btnn2crka6', 1, '2021-03-29 17:15:16'),
(1308, 73, 0, 'go3tbors29pducp0btnn2crka6', 1, '2021-03-29 17:15:42'),
(1309, 75, 0, 'go3tbors29pducp0btnn2crka6', 1, '2021-03-29 17:16:01'),
(1310, 74, 0, 'go3tbors29pducp0btnn2crka6', 1, '2021-03-29 17:16:37'),
(1311, 80, 0, 'go3tbors29pducp0btnn2crka6', 1, '2021-03-29 17:17:04'),
(1312, 79, 0, 'go3tbors29pducp0btnn2crka6', 1, '2021-03-29 17:17:28'),
(1313, 78, 0, 'go3tbors29pducp0btnn2crka6', 1, '2021-03-29 17:17:51'),
(1314, 81, 0, 'go3tbors29pducp0btnn2crka6', 1, '2021-03-29 17:18:12'),
(1315, 82, 0, 'go3tbors29pducp0btnn2crka6', 1, '2021-03-29 17:18:46'),
(1316, 83, 0, 'go3tbors29pducp0btnn2crka6', 1, '2021-03-29 17:19:04'),
(1317, 84, 0, 'go3tbors29pducp0btnn2crka6', 1, '2021-03-29 17:19:34'),
(1318, 88, 0, 'go3tbors29pducp0btnn2crka6', 1, '2021-03-29 17:19:59'),
(1319, 89, 0, 'go3tbors29pducp0btnn2crka6', 1, '2021-03-29 17:20:15'),
(1320, 90, 0, 'go3tbors29pducp0btnn2crka6', 1, '2021-03-29 17:20:31'),
(1321, 91, 0, 'go3tbors29pducp0btnn2crka6', 1, '2021-03-29 17:20:47'),
(1322, 5, 0, 'go3tbors29pducp0btnn2crka6', 1, '2021-03-29 17:20:59'),
(1323, 92, 0, 'go3tbors29pducp0btnn2crka6', 1, '2021-03-29 17:21:14'),
(1324, 69, 0, 'bmhkhu4qe5f7ona3gbgg0qjuo3', 1, '2021-03-29 17:46:13'),
(1325, 70, 0, 'bmhkhu4qe5f7ona3gbgg0qjuo3', 1, '2021-03-29 17:47:44'),
(1326, 72, 0, 'o5rukdkpqij7dho6j940lfop91', 1, '2021-03-29 17:56:10'),
(1327, 80, 0, 'ml05foe2r1kb9as5mvc14cd2lm', 1, '2021-03-29 18:52:55'),
(1328, 101, 0, 'qin62jpn0og6sgb0jbu2f8l2ve', 1, '2021-03-29 21:26:11'),
(1329, 101, 0, 'qin62jpn0og6sgb0jbu2f8l2ve', 1, '2021-03-29 21:27:32'),
(1330, 100, 0, 'qin62jpn0og6sgb0jbu2f8l2ve', 1, '2021-03-29 21:28:02'),
(1331, 6, 0, 'qin62jpn0og6sgb0jbu2f8l2ve', 1, '2021-03-29 21:29:48'),
(1332, 76, 0, 'beaifh480eou4clh5h0370u1m6', 1, '2021-03-30 00:33:13'),
(1333, 76, 0, 'beaifh480eou4clh5h0370u1m6', 1, '2021-03-30 00:35:51'),
(1334, 9, 0, 'ufh05qng8d56mn00vn7j9mp29r', 1, '2021-03-30 08:29:09'),
(1335, 76, 0, '7i2m1jdcnu0sh649rapced63e2', 1, '2021-03-30 08:30:07'),
(1336, 9, 0, 'ur9ukrg7b2k597g78l5sbjofb1', 1, '2021-03-30 08:33:40'),
(1337, 9, 0, 'dvc52ldq15o6jb7q1ekvfekajg', 1, '2021-03-30 09:04:07'),
(1338, 9, 0, 'olhhi4jri4uckj2s30qh7ro1rb', 1, '2021-03-30 09:19:45'),
(1339, 9, 0, 'v030e0nm2ngf1vuo973lbcrd7l', 1, '2021-03-30 09:54:12'),
(1340, 78, 0, 'ca3jin1uhs973kqf42dtijvr1s', 1, '2021-03-30 10:37:28'),
(1341, 76, 0, 'jgc143733ookdi1l8nsgshhej8', 1, '2021-03-30 10:38:52'),
(1342, 80, 0, 'vm8pga618247t9bflsnjr03lg2', 1, '2021-03-30 11:45:52'),
(1343, 4, 0, '1u19611j0cgjc21bvnv9p63n3t', 1, '2021-03-30 13:29:16'),
(1344, 94, 0, 'pkf7gn8ispenm3ov7i49eci9qg', 1, '2021-03-30 13:34:33'),
(1345, 2, 0, '8ebf2r5ahd56lrmq7p7tohktb3', 1, '2021-03-30 14:00:11'),
(1346, 81, 0, '8ebf2r5ahd56lrmq7p7tohktb3', 1, '2021-03-30 14:00:47'),
(1347, 76, 0, 'eb5cmo8l8devkhvocm7t94abar', 1, '2021-03-30 17:34:02'),
(1348, 101, 0, '8j6ja32s344ltg1ej01g8kns0f', 1, '2021-03-30 17:50:17'),
(1349, 5, 0, 'lj74sgldevku00fughkf84et4s', 1, '2021-03-30 20:15:47'),
(1350, 9, 0, 'neqn9bpbjl5u29g4rpmjgj8cm2', 1, '2021-03-30 22:03:29'),
(1351, 14, 0, '21oijukjusu8ag7c40hk1oogoq', 1, '2021-03-30 22:54:34'),
(1352, 92, 0, '3sl8h74tca4469g9e8lfh17nka', 1, '2021-03-30 22:58:15'),
(1353, 9, 0, 'kup207bfop2o7t86hg4llrkkh1', 1, '2021-03-31 08:58:49'),
(1354, 2, 0, 'douq3ied84scrgj9qed5ff2hu9', 1, '2021-03-31 11:04:06'),
(1355, 1, 0, 'douq3ied84scrgj9qed5ff2hu9', 1, '2021-03-31 11:05:08'),
(1356, 1, 0, '63tstn5u1390r1u1vnscv6o3pt', 1, '2021-03-31 17:41:46'),
(1357, 9, 0, 'am8grtm2secal9ecli2ke446b2', 1, '2021-03-31 17:46:52'),
(1358, 64, 0, '935l4b8451suu12k1jkua2vir0', 1, '2021-03-31 21:07:46'),
(1359, 2, 0, '0tmmf9gkp09a1da9rr0jaj3hqu', 1, '2021-03-31 22:47:52'),
(1360, 4, 0, 'ktleqem6imeuqem468ko8qonhc', 1, '2021-04-01 08:55:04'),
(1361, 14, 0, 'ktleqem6imeuqem468ko8qonhc', 1, '2021-04-01 08:55:56'),
(1362, 52, 0, '6ersba574pii2m190f4blkr3lu', 1, '2021-04-01 11:09:03'),
(1363, 101, 0, 'svgva6p1495ipk5g90cagdnacq', 1, '2021-04-01 11:43:18'),
(1364, 100, 0, 'svgva6p1495ipk5g90cagdnacq', 1, '2021-04-01 11:43:32'),
(1365, 85, 0, 'qheb307di60v0o0icsjjirk5ui', 1, '2021-04-01 12:34:03'),
(1366, 1, 0, '1nrv7irma5l8638a9a5oljpgfc', 1, '2021-04-01 16:34:53'),
(1367, 4, 0, 'qc8tpnp57munl9f350gpr5i416', 1, '2021-04-01 16:40:51'),
(1368, 1, 0, '22862m65t30p9vd5hho9eiosg4', 1, '2021-04-01 17:23:12'),
(1369, 1, 0, '1nrv7irma5l8638a9a5oljpgfc', 1, '2021-04-01 17:28:47'),
(1370, 90, 0, 'lan8j9v1g6ci2cdiieeb3m5tf2', 1, '2021-04-01 19:41:37'),
(1371, 31, 0, 'g55060sknv7ben9mj0t4s33krh', 1, '2021-04-02 13:03:51'),
(1372, 4, 0, 'u5j8tqscpnassrlm805sp05aa7', 1, '2021-04-02 13:53:00'),
(1373, 2, 0, 'al4vsmqhggehhj4ohgrg5tr1ve', 1, '2021-04-02 17:54:56'),
(1374, 2, 0, 'al4vsmqhggehhj4ohgrg5tr1ve', 1, '2021-04-02 17:54:56'),
(1375, 2, 0, 'al4vsmqhggehhj4ohgrg5tr1ve', 1, '2021-04-02 17:54:56'),
(1376, 9, 0, 'npt7c8f03fm0avip9359cp5noi', 1, '2021-04-02 18:55:15'),
(1377, 9, 0, 'ddi2tvod6eir8j7tentkrl1jen', 1, '2021-04-02 20:36:21'),
(1378, 76, 0, 'ddi2tvod6eir8j7tentkrl1jen', 1, '2021-04-02 20:38:41'),
(1379, 76, 0, 'ddi2tvod6eir8j7tentkrl1jen', 1, '2021-04-02 20:39:20'),
(1380, 9, 0, 'ddi2tvod6eir8j7tentkrl1jen', 1, '2021-04-02 20:43:35'),
(1381, 76, 0, 'ddi2tvod6eir8j7tentkrl1jen', 1, '2021-04-02 20:44:52'),
(1382, 77, 0, 'ddi2tvod6eir8j7tentkrl1jen', 1, '2021-04-02 20:44:58'),
(1383, 77, 0, 'nksjf115j2jsse1qbju1bk1e8l', 1, '2021-04-02 20:48:55'),
(1384, 79, 0, '44i4dhqpr5lb7ohmd8mar75lrm', 1, '2021-04-02 21:09:50'),
(1385, 78, 0, '44i4dhqpr5lb7ohmd8mar75lrm', 1, '2021-04-02 21:12:02'),
(1386, 6, 0, 'avch3ocatn36nm4el8bbbd6h77', 1, '2021-04-02 22:29:10'),
(1387, 6, 0, 'avch3ocatn36nm4el8bbbd6h77', 1, '2021-04-02 22:29:25'),
(1388, 104, 0, 'cjui3bt5bqhiioudvvpf9qjkgs', 1, '2021-04-02 22:57:02'),
(1389, 4, 0, 'aer2ldtlqjqfi7phuvcu9pd1lf', 1, '2021-04-03 07:07:28'),
(1390, 4, 0, '2hg4g1sgi6fu62j36lip8g7j1a', 1, '2021-04-03 10:58:12'),
(1391, 9, 0, 'a413vhilvpeopd5v0ip65c09pm', 1, '2021-04-03 12:32:00'),
(1392, 64, 0, '1b8ujqed8guvhl6nru4dcd0jns', 1, '2021-04-03 14:04:32'),
(1393, 14, 0, '1b8ujqed8guvhl6nru4dcd0jns', 1, '2021-04-03 14:09:38'),
(1394, 93, 0, '91spsqo7pteio754f51rt2brk8', 1, '2021-04-04 20:40:21'),
(1395, 4, 0, 'ej9fnqe7lnj0jcgt4hmopu3srq', 1, '2021-04-05 11:05:03'),
(1396, 2, 0, '4en7o2r02kl69rdbl1qk08d15s', 1, '2021-04-05 23:27:16'),
(1397, 14, 0, '4en7o2r02kl69rdbl1qk08d15s', 1, '2021-04-05 23:27:57'),
(1398, 1, 0, '4en7o2r02kl69rdbl1qk08d15s', 1, '2021-04-05 23:29:02'),
(1399, 56, 0, '33f6totqs4r5apsoebis9p5sp1', 1, '2021-04-06 21:38:28'),
(1400, 79, 0, 'a1e46it4ra5c7au2k997hdhu8l', 1, '2021-04-07 13:24:54'),
(1401, 79, 0, 'a1e46it4ra5c7au2k997hdhu8l', 1, '2021-04-07 13:24:54'),
(1402, 4, 0, 'a1e46it4ra5c7au2k997hdhu8l', 1, '2021-04-07 18:22:49'),
(1403, 4, 0, 'fnkbiuc8r7kf3vsdukmdnu46cp', 1, '2021-04-07 19:36:28'),
(1404, 80, 0, 'fnkbiuc8r7kf3vsdukmdnu46cp', 1, '2021-04-07 19:58:16'),
(1405, 73, 0, 'rd78hjr8gtvl2qu9nhfdaahndq', 1, '2021-04-08 00:26:06'),
(1406, 76, 0, 'rd78hjr8gtvl2qu9nhfdaahndq', 1, '2021-04-08 00:28:45'),
(1407, 80, 0, '27kl4q352l1dmbsg6cmv1cavn2', 1, '2021-04-08 00:43:41'),
(1408, 80, 0, '27kl4q352l1dmbsg6cmv1cavn2', 1, '2021-04-08 00:47:06'),
(1409, 81, 0, '6mou6tkr155ihcpkq7if16dfl1', 1, '2021-04-08 11:27:07'),
(1410, 88, 0, '6mou6tkr155ihcpkq7if16dfl1', 1, '2021-04-08 11:30:42'),
(1411, 85, 0, '6mou6tkr155ihcpkq7if16dfl1', 1, '2021-04-08 11:32:42'),
(1412, 4, 0, 'h8pp3lpm4i99knm4qlc6b8msf1', 1, '2021-04-08 11:35:36'),
(1413, 14, 0, '6mou6tkr155ihcpkq7if16dfl1', 1, '2021-04-08 11:51:16'),
(1414, 64, 0, '6mou6tkr155ihcpkq7if16dfl1', 1, '2021-04-08 11:53:19'),
(1415, 65, 0, '6mou6tkr155ihcpkq7if16dfl1', 1, '2021-04-08 11:58:44'),
(1416, 64, 0, '6mou6tkr155ihcpkq7if16dfl1', 1, '2021-04-08 12:07:12'),
(1417, 69, 0, '6mou6tkr155ihcpkq7if16dfl1', 1, '2021-04-08 12:16:19'),
(1418, 12, 0, '6mou6tkr155ihcpkq7if16dfl1', 1, '2021-04-08 12:18:07'),
(1419, 13, 0, '6mou6tkr155ihcpkq7if16dfl1', 1, '2021-04-08 12:24:26'),
(1420, 33, 0, '6mou6tkr155ihcpkq7if16dfl1', 1, '2021-04-08 12:27:14'),
(1421, 33, 0, '6mou6tkr155ihcpkq7if16dfl1', 1, '2021-04-08 12:29:01'),
(1422, 98, 0, '6mou6tkr155ihcpkq7if16dfl1', 1, '2021-04-08 12:33:10'),
(1423, 6, 0, '6mou6tkr155ihcpkq7if16dfl1', 1, '2021-04-08 12:33:48'),
(1424, 98, 0, '6mou6tkr155ihcpkq7if16dfl1', 1, '2021-04-08 12:35:40'),
(1425, 99, 0, '6mou6tkr155ihcpkq7if16dfl1', 1, '2021-04-08 12:36:56'),
(1426, 101, 0, '6mou6tkr155ihcpkq7if16dfl1', 1, '2021-04-08 12:38:04'),
(1427, 103, 0, '6mou6tkr155ihcpkq7if16dfl1', 1, '2021-04-08 12:39:38'),
(1428, 98, 0, '6mou6tkr155ihcpkq7if16dfl1', 1, '2021-04-08 12:41:33'),
(1429, 14, 0, '6mou6tkr155ihcpkq7if16dfl1', 1, '2021-04-08 12:48:40'),
(1430, 4, 0, 'i7u71e1ltq0h75k7habb5o7323', 1, '2021-04-08 14:10:45'),
(1431, 14, 0, 'i7u71e1ltq0h75k7habb5o7323', 1, '2021-04-08 14:11:52'),
(1432, 47, 0, 'q0cutm78uf2s1sl5ilua8u90ak', 1, '2021-04-08 16:24:06'),
(1433, 4, 0, 'e0616fgeb1hv24ifhrba312ar6', 1, '2021-04-08 18:18:18'),
(1434, 4, 0, 'e0616fgeb1hv24ifhrba312ar6', 1, '2021-04-08 18:22:58'),
(1435, 4, 0, 'j0onpi2lueajg1nov72c24lhn4', 1, '2021-04-08 19:30:56'),
(1436, 12, 0, '0qk0k2f167gae6bntcl9lh1eql', 1, '2021-04-08 20:32:26'),
(1437, 14, 0, 'jpcmq8lubut59ahv4km9tvpsen', 1, '2021-04-08 22:15:43'),
(1438, 92, 0, '4fsca3eauvp6l3dh8u4p2teki6', 1, '2021-04-09 09:14:35'),
(1439, 79, 0, 'kt2qap1j1gl9to75id5oai083m', 1, '2021-04-09 16:19:30'),
(1440, 2, 0, '6fqo93us9d774ccd0i3n7akbaj', 1, '2021-04-09 17:43:20'),
(1441, 9, 0, '6fqo93us9d774ccd0i3n7akbaj', 1, '2021-04-09 17:51:00'),
(1442, 9, 0, '21paas4l57c2lb3evg91t9u8jb', 1, '2021-04-09 17:55:45'),
(1443, 4, 0, '21paas4l57c2lb3evg91t9u8jb', 1, '2021-04-09 17:59:32'),
(1444, 76, 0, '6fqo93us9d774ccd0i3n7akbaj', 1, '2021-04-09 17:59:38'),
(1445, 6, 0, '21paas4l57c2lb3evg91t9u8jb', 1, '2021-04-09 17:59:49'),
(1446, 4, 0, 'vb0pb26mdplc3r16h4e107isj3', 1, '2021-04-09 18:10:55'),
(1447, 2, 0, '8qm37vrmcstpqpdl18ef56lokv', 1, '2021-04-09 18:41:38'),
(1448, 2, 0, '8qm37vrmcstpqpdl18ef56lokv', 1, '2021-04-09 18:42:20'),
(1449, 4, 0, '8sbb1es47rfqqvct41lkvc5co2', 1, '2021-04-09 20:13:52'),
(1450, 4, 0, '6g5kk92i4obbr9gnrc34a3u3ne', 1, '2021-04-10 13:07:09'),
(1451, 93, 0, '6g5kk92i4obbr9gnrc34a3u3ne', 1, '2021-04-10 13:08:03'),
(1452, 4, 0, '6g5kk92i4obbr9gnrc34a3u3ne', 1, '2021-04-10 13:13:51'),
(1453, 9, 0, '6g5kk92i4obbr9gnrc34a3u3ne', 1, '2021-04-10 13:14:20'),
(1454, 9, 0, '2t3kl8933n9jvj1dbpm598b5ea', 1, '2021-04-10 13:14:26'),
(1455, 77, 0, '2t3kl8933n9jvj1dbpm598b5ea', 1, '2021-04-10 13:14:54'),
(1456, 9, 0, '2t3kl8933n9jvj1dbpm598b5ea', 1, '2021-04-10 13:22:37'),
(1457, 76, 0, '6g5kk92i4obbr9gnrc34a3u3ne', 1, '2021-04-10 13:46:16'),
(1458, 4, 0, 't5vdvj0ug996u5gir9k0s04ms3', 1, '2021-04-10 14:44:57'),
(1459, 76, 0, 't5vdvj0ug996u5gir9k0s04ms3', 1, '2021-04-10 14:46:07'),
(1460, 9, 0, 't5vdvj0ug996u5gir9k0s04ms3', 1, '2021-04-10 16:12:18'),
(1461, 14, 0, '5f73akm9bqrad4e10jc8s4ir53', 1, '2021-04-10 16:21:09'),
(1462, 66, 0, 'k9lmarkl15b57ohdica6v1th9v', 1, '2021-04-10 16:31:22'),
(1463, 71, 0, 'k9lmarkl15b57ohdica6v1th9v', 1, '2021-04-10 16:31:58'),
(1464, 13, 0, 'k9lmarkl15b57ohdica6v1th9v', 1, '2021-04-10 16:32:18'),
(1465, 4, 0, 'k9lmarkl15b57ohdica6v1th9v', 1, '2021-04-10 16:32:32'),
(1466, 14, 0, 'k9lmarkl15b57ohdica6v1th9v', 1, '2021-04-10 16:32:51'),
(1467, 73, 0, 'k9lmarkl15b57ohdica6v1th9v', 1, '2021-04-10 16:33:48'),
(1468, 4, 0, 'kb738eh0asir30iv3dv5jdpm5s', 1, '2021-04-10 16:36:58'),
(1469, 4, 0, '1u19611j0cgjc21bvnv9p63n3t', 1, '2021-04-10 17:18:55'),
(1470, 4, 0, '1u19611j0cgjc21bvnv9p63n3t', 1, '2021-04-10 17:23:03'),
(1471, 80, 0, '3cn0vekf228umlfenk14sr86f8', 1, '2021-04-10 18:49:54'),
(1472, 1, 0, 'lesvn29npg8s5g9rr3ln9c5sdg', 1, '2021-04-10 22:09:18'),
(1473, 9, 0, '2kjqoe0bm2q7skopqq5ipfpnkb', 1, '2021-04-11 00:14:44'),
(1474, 88, 0, '2kjqoe0bm2q7skopqq5ipfpnkb', 1, '2021-04-11 00:28:29'),
(1475, 90, 0, 'anmtkagbthlj35ivkubjv3j5gs', 1, '2021-04-11 13:57:58'),
(1476, 103, 0, 'fjaibds2qmatf5hcoti8uob3na', 1, '2021-04-11 17:19:22'),
(1477, 102, 0, 'fjaibds2qmatf5hcoti8uob3na', 1, '2021-04-11 17:19:59'),
(1478, 100, 0, 'fjaibds2qmatf5hcoti8uob3na', 1, '2021-04-11 17:20:29'),
(1479, 2, 0, 'df0lodhnq1js3c9s3peasbi8o2', 1, '2021-04-11 17:37:48'),
(1480, 14, 0, '9jf5f03si8rq3c9ct4rd6qtq1o', 1, '2021-04-11 22:26:10'),
(1481, 4, 0, 'fdtpf2o8e5eghbufv438utaoqa', 1, '2021-04-12 13:23:36'),
(1482, 1, 0, 'sj0suanssqsdrtftk333jkdcjt', 1, '2021-04-12 14:09:19'),
(1483, 1, 0, 'sj0suanssqsdrtftk333jkdcjt', 1, '2021-04-12 14:09:58'),
(1484, 78, 0, 'f9ar0grb1pd1q6vtp5mafva46g', 1, '2021-04-12 14:40:16'),
(1485, 80, 0, 'bqtseb17rfj5q9f8aef3fj6jg9', 1, '2021-04-12 14:59:59'),
(1486, 5, 0, 'aeigtvkr21a3h1hr5lmuelam38', 1, '2021-04-12 16:51:12'),
(1487, 4, 0, 't41obuth68fjvonn2qbtilge0v', 1, '2021-04-13 11:56:10'),
(1488, 77, 0, 't41obuth68fjvonn2qbtilge0v', 1, '2021-04-13 11:56:33'),
(1489, 9, 0, 't41obuth68fjvonn2qbtilge0v', 1, '2021-04-13 11:56:55'),
(1490, 80, 0, 'sl0gbhaicu9rj5q12un9stlb0f', 1, '2021-04-13 18:58:09'),
(1491, 2, 0, '9k64puu96emekpnedlp0v7jvqs', 1, '2021-04-13 20:12:42'),
(1492, 80, 0, '355qbkgg4e2927i37hrmofpo07', 1, '2021-04-14 12:31:48'),
(1493, 78, 0, '355qbkgg4e2927i37hrmofpo07', 1, '2021-04-14 12:32:12'),
(1494, 91, 0, 'q8mphuq1pom8nhtk90fjcgrd74', 1, '2021-04-14 12:59:30'),
(1495, 93, 0, 'q8mphuq1pom8nhtk90fjcgrd74', 1, '2021-04-14 13:00:20'),
(1496, 25, 0, 'q8mphuq1pom8nhtk90fjcgrd74', 1, '2021-04-14 13:02:03'),
(1497, 26, 0, 'q8mphuq1pom8nhtk90fjcgrd74', 1, '2021-04-14 13:02:32'),
(1498, 12, 0, 'q8mphuq1pom8nhtk90fjcgrd74', 1, '2021-04-14 13:03:52'),
(1499, 12, 0, 'q8mphuq1pom8nhtk90fjcgrd74', 1, '2021-04-14 13:03:52'),
(1500, 6, 0, 'q8mphuq1pom8nhtk90fjcgrd74', 1, '2021-04-14 13:05:05'),
(1501, 99, 0, 'q8mphuq1pom8nhtk90fjcgrd74', 1, '2021-04-14 13:05:49'),
(1502, 98, 0, 'q8mphuq1pom8nhtk90fjcgrd74', 1, '2021-04-14 13:06:02'),
(1503, 62, 0, 'qb7l4k3208a9usq5ma30mma17l', 1, '2021-04-14 17:31:44'),
(1504, 8, 0, 'qb7l4k3208a9usq5ma30mma17l', 1, '2021-04-14 17:34:15'),
(1505, 14, 0, 'qb7l4k3208a9usq5ma30mma17l', 1, '2021-04-14 17:36:12'),
(1506, 4, 0, 'qb7l4k3208a9usq5ma30mma17l', 1, '2021-04-14 17:43:10'),
(1507, 59, 0, 'mdmcin01b4o7cuen881sjn88f2', 1, '2021-04-14 20:59:56'),
(1508, 4, 0, '2ob2kv5c4j54e3cmqe23o4dqpk', 1, '2021-04-14 21:07:01'),
(1509, 4, 0, 'm2nga7d7lgfe8s564tcmcmhgbt', 1, '2021-04-15 04:55:09'),
(1510, 4, 0, 'm2nga7d7lgfe8s564tcmcmhgbt', 1, '2021-04-15 04:56:39'),
(1511, 80, 0, 'ebbj6dhruh5kgbs9sv43qhfoo7', 1, '2021-04-15 10:24:17'),
(1512, 37, 0, 'ltln9vtarnmamnab50hc5lu423', 1, '2021-04-15 15:59:36'),
(1513, 1, 0, 'oiecukcctvp5eakitbt5pr84bi', 1, '2021-04-15 17:16:02'),
(1514, 78, 0, 'ebbj6dhruh5kgbs9sv43qhfoo7', 1, '2021-04-15 18:14:38'),
(1515, 4, 0, 'm504lj4i5s2usohc1gkgqujran', 1, '2021-04-15 19:59:39'),
(1516, 1, 0, 'm504lj4i5s2usohc1gkgqujran', 1, '2021-04-15 20:00:20'),
(1517, 83, 0, 's6iqvct8jmsbbu03kjnah1ne6h', 1, '2021-04-15 21:31:46'),
(1518, 69, 0, 'hqu4bucpdm16cvrgdukhvfvesi', 1, '2021-04-15 21:58:52'),
(1519, 1, 0, 'hqu4bucpdm16cvrgdukhvfvesi', 1, '2021-04-15 21:59:26'),
(1520, 89, 0, '890vu21budhg4ad99c33o0i6tc', 1, '2021-04-15 22:37:44'),
(1521, 4, 0, 'nu24isf80ree0aij5bchm55lgg', 1, '2021-04-16 14:09:45'),
(1522, 77, 0, 'gja03e2q40d05heg751nnv9nuu', 1, '2021-04-17 06:39:58'),
(1523, 2, 0, '361smrou5h7av8snlcj6cte2fh', 1, '2021-04-17 11:54:03'),
(1524, 80, 0, 'ar3bfkpa1md8nbahfk20bd3dlf', 1, '2021-04-17 12:13:24'),
(1525, 4, 0, '814t5rca0or36juvs10geivpgi', 1, '2021-04-17 14:30:32'),
(1526, 33, 0, '4q4nq98eoga6g3tpof48gi5cam', 1, '2021-04-17 15:45:45'),
(1527, 4, 0, 'ua83baf4ugpr7dbj6iudn2qpul', 1, '2021-04-17 20:01:41');
INSERT INTO `kr_recentview` (`recentid`, `product_id`, `customer_id`, `session_id`, `IsActive`, `Createddate`) VALUES
(1528, 14, 0, 'sikghra1hl0o29uge5e38str1o', 1, '2021-04-17 20:50:33'),
(1529, 63, 0, 'sikghra1hl0o29uge5e38str1o', 1, '2021-04-17 20:51:54'),
(1530, 5, 0, '4tvsu76jp7oj97dsecndibb31h', 1, '2021-04-17 23:26:15'),
(1531, 4, 0, '4tvsu76jp7oj97dsecndibb31h', 1, '2021-04-17 23:29:26'),
(1532, 93, 0, 'tl42ikjk81gt2qqtj0cd4atns5', 1, '2021-04-18 07:24:04'),
(1533, 94, 0, 'u70e45b8cue2grc22hf2jakve4', 1, '2021-04-19 10:33:58'),
(1534, 1, 0, '78m165ssqq8e1clsuks2i6p6l6', 1, '2021-04-19 13:17:29'),
(1535, 2, 0, '78m165ssqq8e1clsuks2i6p6l6', 1, '2021-04-19 13:18:54'),
(1536, 14, 0, 'kgk3ln609uva9fbhshlvgb7kvt', 1, '2021-04-19 13:47:11'),
(1537, 14, 108, '', 1, '2021-04-19 13:56:23'),
(1538, 14, 108, '', 1, '2021-04-19 13:56:25'),
(1539, 14, 108, '', 1, '2021-04-19 13:56:25'),
(1540, 14, 108, '', 1, '2021-04-19 13:56:28'),
(1541, 14, 108, '', 1, '2021-04-19 13:56:28'),
(1542, 14, 108, '', 1, '2021-04-19 13:56:28'),
(1543, 14, 108, '', 1, '2021-04-19 13:56:36'),
(1544, 14, 108, '', 1, '2021-04-19 13:56:36'),
(1545, 14, 108, '', 1, '2021-04-19 13:56:38'),
(1546, 14, 108, '', 1, '2021-04-19 13:56:38'),
(1547, 14, 108, '', 1, '2021-04-19 13:56:38'),
(1548, 14, 108, '', 1, '2021-04-19 13:56:47'),
(1549, 14, 108, '', 1, '2021-04-19 13:56:50'),
(1550, 14, 108, '', 1, '2021-04-19 13:56:51'),
(1551, 14, 108, '', 1, '2021-04-19 13:56:51'),
(1552, 14, 108, '', 1, '2021-04-19 13:56:51'),
(1553, 14, 108, '', 1, '2021-04-19 13:56:51'),
(1554, 14, 108, '', 1, '2021-04-19 13:56:51'),
(1555, 14, 108, '', 1, '2021-04-19 13:56:51'),
(1556, 14, 108, '', 1, '2021-04-19 13:57:00'),
(1557, 14, 108, '', 1, '2021-04-19 13:57:22'),
(1558, 14, 108, '', 1, '2021-04-19 13:57:33'),
(1559, 14, 108, '', 1, '2021-04-19 13:57:33'),
(1560, 14, 108, '', 1, '2021-04-19 13:57:33'),
(1561, 14, 108, '', 1, '2021-04-19 13:57:33'),
(1562, 14, 108, '', 1, '2021-04-19 13:57:35'),
(1563, 14, 108, '', 1, '2021-04-19 13:57:38'),
(1564, 14, 108, '', 1, '2021-04-19 13:57:38'),
(1565, 14, 108, '', 1, '2021-04-19 13:57:38'),
(1566, 14, 108, '', 1, '2021-04-19 13:57:38'),
(1567, 14, 108, '', 1, '2021-04-19 13:57:38'),
(1568, 14, 108, '', 1, '2021-04-19 13:57:38'),
(1569, 14, 108, '', 1, '2021-04-19 13:57:38'),
(1570, 14, 108, '', 1, '2021-04-19 13:57:38'),
(1571, 14, 108, '', 1, '2021-04-19 13:57:38'),
(1572, 14, 108, '', 1, '2021-04-19 13:57:38'),
(1573, 14, 108, '', 1, '2021-04-19 13:57:38'),
(1574, 14, 108, '', 1, '2021-04-19 13:57:38'),
(1575, 14, 108, '', 1, '2021-04-19 13:57:38'),
(1576, 14, 108, '', 1, '2021-04-19 13:57:38'),
(1577, 14, 108, '', 1, '2021-04-19 13:57:38'),
(1578, 14, 108, '', 1, '2021-04-19 13:57:38'),
(1579, 14, 108, '', 1, '2021-04-19 13:57:38'),
(1580, 14, 108, '', 1, '2021-04-19 13:57:38'),
(1581, 14, 108, '', 1, '2021-04-19 13:57:38'),
(1582, 14, 108, '', 1, '2021-04-19 13:57:38'),
(1583, 14, 108, '', 1, '2021-04-19 13:57:38'),
(1584, 14, 108, '', 1, '2021-04-19 13:57:38'),
(1585, 14, 108, '', 1, '2021-04-19 13:57:38'),
(1586, 14, 108, '', 1, '2021-04-19 13:57:38'),
(1587, 14, 108, '', 1, '2021-04-19 13:57:38'),
(1588, 14, 108, '', 1, '2021-04-19 13:57:38'),
(1589, 5, 0, 'qgpoaqrktj0pf7l4kqoorpl62p', 1, '2021-04-19 15:22:05'),
(1590, 1, 0, 'i82k3bplvmr8lofqed5b10avp8', 1, '2021-04-19 15:25:41'),
(1591, 34, 0, 'i82k3bplvmr8lofqed5b10avp8', 1, '2021-04-19 15:29:04'),
(1592, 42, 0, 'i82k3bplvmr8lofqed5b10avp8', 1, '2021-04-19 15:30:22'),
(1593, 42, 0, 'i82k3bplvmr8lofqed5b10avp8', 1, '2021-04-19 15:32:45'),
(1594, 42, 0, 'i82k3bplvmr8lofqed5b10avp8', 1, '2021-04-19 15:33:09'),
(1595, 4, 0, 'i82k3bplvmr8lofqed5b10avp8', 1, '2021-04-19 15:37:32'),
(1596, 9, 0, 'i82k3bplvmr8lofqed5b10avp8', 1, '2021-04-19 15:37:42'),
(1597, 76, 0, 'i82k3bplvmr8lofqed5b10avp8', 1, '2021-04-19 15:38:26'),
(1598, 80, 0, 'i82k3bplvmr8lofqed5b10avp8', 1, '2021-04-19 15:40:00'),
(1599, 62, 0, 'm8kncll2so3b61h139hsnrinmq', 1, '2021-04-19 15:48:36'),
(1600, 9, 0, 'i82k3bplvmr8lofqed5b10avp8', 1, '2021-04-19 16:17:43'),
(1601, 93, 0, 'cg5akatrhmuqrlt9u4fndejcci', 1, '2021-04-19 16:31:33'),
(1602, 99, 0, 'd3gtgfglm8tpui2c6fttnrfjht', 1, '2021-04-20 06:08:59'),
(1603, 4, 0, 'rvm6kvm9bds55d5brdetu4csik', 1, '2021-04-20 08:04:52'),
(1604, 14, 0, 'tsg3rcn4g0a3t28uhs778sqdbe', 1, '2021-04-20 09:36:59'),
(1605, 1, 0, 'u4tghcth83io8kbt4m3fm7se5b', 1, '2021-04-20 11:18:30'),
(1606, 5, 0, 'ohr9mtujs9drq0ebtdc3r13n1p', 1, '2021-04-20 13:40:34'),
(1607, 2, 0, 'dosgqpj5p0if6nlpod5jqtbdle', 1, '2021-04-20 13:54:43'),
(1608, 51, 0, 'dosgqpj5p0if6nlpod5jqtbdle', 1, '2021-04-20 13:55:58'),
(1609, 51, 0, 'dosgqpj5p0if6nlpod5jqtbdle', 1, '2021-04-20 13:55:58'),
(1610, 14, 0, '8abp73nqvqpgot9four950l3ag', 1, '2021-04-20 16:47:18'),
(1611, 4, 0, '3ckhfh6d6qqaciem2n04atakfa', 1, '2021-04-20 17:39:18'),
(1612, 104, 0, 'ihbk2thehojht07ojgb0iel67m', 1, '2021-04-20 17:58:02'),
(1613, 106, 0, 'ihbk2thehojht07ojgb0iel67m', 1, '2021-04-20 18:00:35'),
(1614, 98, 0, '6gqi5kr9nvbqps8trfkntjbnne', 1, '2021-04-20 18:52:18'),
(1615, 99, 0, '6gqi5kr9nvbqps8trfkntjbnne', 1, '2021-04-20 18:53:53'),
(1616, 102, 0, '6gqi5kr9nvbqps8trfkntjbnne', 1, '2021-04-20 18:55:25'),
(1617, 104, 0, 'ga95ik46dk14v6ktr5j11carhj', 1, '2021-04-21 11:21:28'),
(1618, 2, 0, '4i75rnnnjtd1lq0ri6pulrl4jv', 1, '2021-04-21 11:36:41'),
(1619, 99, 0, '16h8s12tg593bcu9lvsu1o6o6o', 1, '2021-04-21 11:40:21'),
(1620, 1, 0, '16h8s12tg593bcu9lvsu1o6o6o', 1, '2021-04-21 11:41:11'),
(1621, 2, 0, '16h8s12tg593bcu9lvsu1o6o6o', 1, '2021-04-21 11:41:34'),
(1622, 14, 0, 'ga95ik46dk14v6ktr5j11carhj', 1, '2021-04-21 11:45:30'),
(1623, 4, 0, 'rr13rpie6296o3ldjuvjq8uj4f', 1, '2021-04-21 14:37:09'),
(1624, 4, 0, 'rr13rpie6296o3ldjuvjq8uj4f', 1, '2021-04-21 14:39:38'),
(1625, 71, 0, 'jecjm9sbchirahm1msefp3ae1g', 1, '2021-04-21 15:50:42'),
(1626, 105, 0, '18ukveuicvoeg602e34f0bvibg', 1, '2021-04-21 17:00:19'),
(1627, 7, 0, '18ukveuicvoeg602e34f0bvibg', 1, '2021-04-21 17:02:44'),
(1628, 4, 0, '2afiq300h5s9nnldeui2sr0luv', 1, '2021-04-22 00:55:32'),
(1629, 1, 0, '9hqd4d13177ccqof46t9kfm2fo', 1, '2021-04-22 04:40:22'),
(1630, 67, 0, 's0j94efth616b88ou7aigtdmns', 1, '2021-04-22 14:27:15'),
(1631, 28, 0, 'et4b57k696i2u3nhsseqr0jcge', 1, '2021-04-22 17:57:55'),
(1632, 36, 0, 'et4b57k696i2u3nhsseqr0jcge', 1, '2021-04-22 17:58:12'),
(1633, 4, 0, '6cbbf2ajd00j01diochqjsntpu', 1, '2021-04-22 23:38:23'),
(1634, 83, 0, 'ebduvvheb3ir5upqu9vhjhlc89', 1, '2021-04-23 14:15:48'),
(1635, 2, 0, 'lggd41vahmp38pelouv1a8a2qm', 1, '2021-04-23 16:47:23'),
(1636, 2, 0, 'lggd41vahmp38pelouv1a8a2qm', 1, '2021-04-23 16:49:09'),
(1637, 80, 0, '3r27g9l6lbilqv8bo936g9e8o5', 1, '2021-04-23 18:06:10'),
(1638, 4, 0, 'ki5iln5mlt1tu8ifh1e694nh0v', 1, '2021-04-23 19:28:03'),
(1639, 4, 0, 'c2n3sb0rp6erd91425j4t0cn8g', 1, '2021-04-23 22:40:49'),
(1640, 4, 0, '48estfvnt6e2k04gdb2i7on3bu', 1, '2021-04-24 14:27:13'),
(1641, 14, 0, 'at96jgr731g4bgj8rjrva54vr4', 1, '2021-04-24 19:38:06'),
(1642, 74, 0, 'at96jgr731g4bgj8rjrva54vr4', 1, '2021-04-24 19:43:31'),
(1643, 4, 0, 'at96jgr731g4bgj8rjrva54vr4', 1, '2021-04-24 19:44:06'),
(1644, 1, 0, '7pnf2c93ikr6gqddgc75krmema', 1, '2021-04-25 12:42:14'),
(1645, 4, 0, 'ov8ohtrc7rpa1h0sjafthj28ou', 1, '2021-04-25 13:21:36'),
(1646, 4, 0, 'ov8ohtrc7rpa1h0sjafthj28ou', 1, '2021-04-25 13:25:25'),
(1647, 4, 0, 'ov8ohtrc7rpa1h0sjafthj28ou', 1, '2021-04-25 13:27:43'),
(1648, 80, 0, 'qb62c5agpushqb7ge1rr8hkmae', 1, '2021-04-25 20:26:58'),
(1649, 9, 0, 'kbrjj9g7ql4djt58cmoh6b7ono', 1, '2021-04-26 11:57:35'),
(1650, 9, 0, 'iopa12q0284lmg3k3lsicifu61', 1, '2021-04-26 12:06:17'),
(1651, 9, 0, 'spp101kpgoluilm8kivs3i6dkj', 1, '2021-04-26 12:19:25'),
(1652, 9, 0, 'iopa12q0284lmg3k3lsicifu61', 1, '2021-04-26 12:20:00'),
(1653, 4, 0, 'spp101kpgoluilm8kivs3i6dkj', 1, '2021-04-26 12:20:18'),
(1654, 9, 0, 'spp101kpgoluilm8kivs3i6dkj', 1, '2021-04-26 12:20:46'),
(1655, 9, 0, 'iopa12q0284lmg3k3lsicifu61', 1, '2021-04-26 13:00:18'),
(1656, 81, 0, 'd3cec6mca6fmh3n7645sbta57r', 1, '2021-04-26 13:49:30'),
(1657, 83, 0, 'd3cec6mca6fmh3n7645sbta57r', 1, '2021-04-26 13:50:32'),
(1658, 84, 0, 'd3cec6mca6fmh3n7645sbta57r', 1, '2021-04-26 14:23:05'),
(1659, 4, 0, 'd3cec6mca6fmh3n7645sbta57r', 1, '2021-04-26 14:24:28'),
(1660, 1, 0, 'd3cec6mca6fmh3n7645sbta57r', 1, '2021-04-26 14:26:19'),
(1661, 79, 0, 'd3cec6mca6fmh3n7645sbta57r', 1, '2021-04-26 14:27:14'),
(1662, 14, 0, 'ahp3k0s3uiigecj7j9s3srppgn', 1, '2021-04-26 16:36:31'),
(1663, 1, 0, 'r0ss6d6hrvrhr59tk2fov175u5', 1, '2021-04-26 21:36:56'),
(1664, 4, 0, '0k28m9gvolh6mr4tgvkvq3iubv', 1, '2021-04-27 03:12:26'),
(1665, 4, 0, 'g02iqkgi1ag8v47g1edc0q1tpe', 1, '2021-04-27 12:52:45'),
(1666, 1, 0, 'cqdaf3fkor10fslhst2kq8tvun', 1, '2021-04-27 12:56:01'),
(1667, 82, 0, '6q8fqc1jve72l7q5l6ho3ocops', 1, '2021-04-27 18:25:32'),
(1668, 4, 0, 'kuf5pdg4fetecf2ehvpda9r0os', 1, '2021-04-27 20:49:32'),
(1669, 80, 0, '2jv6l97vq593tf837bln26bi5r', 1, '2021-04-27 21:57:22'),
(1670, 4, 0, 'gk0no0vp3val6ctbsgint6q75r', 1, '2021-04-28 07:11:56'),
(1671, 44, 0, 'tshtmsv7guovmdavh3v9s2g2kg', 1, '2021-04-28 08:50:02'),
(1672, 50, 0, 'tshtmsv7guovmdavh3v9s2g2kg', 1, '2021-04-28 08:50:40'),
(1673, 105, 0, 'tshtmsv7guovmdavh3v9s2g2kg', 1, '2021-04-28 08:54:17'),
(1674, 50, 0, 'tshtmsv7guovmdavh3v9s2g2kg', 1, '2021-04-28 08:55:59'),
(1675, 59, 0, '40anlc8hs76146seov7odlsjkv', 1, '2021-04-28 13:59:27'),
(1676, 5, 0, '40anlc8hs76146seov7odlsjkv', 1, '2021-04-28 14:05:11'),
(1677, 59, 0, '40anlc8hs76146seov7odlsjkv', 1, '2021-04-28 14:08:31'),
(1678, 81, 0, 'bcbml0f14c8lo5blrnv910292m', 1, '2021-04-28 14:49:33'),
(1679, 4, 0, 'klov8unhjncunt09b6sk5l6jqk', 1, '2021-04-28 21:04:00'),
(1680, 6, 0, 'stj42p75ctua1haqp55jgj681s', 1, '2021-04-29 12:05:09'),
(1681, 78, 0, 'jc1c17i8fcdtkdu4ilj9ssb6ds', 1, '2021-04-29 12:13:31'),
(1682, 94, 0, 'q6rvluvh4f2as43gieun1rt60s', 1, '2021-04-29 14:39:42'),
(1683, 4, 0, 'q6rvluvh4f2as43gieun1rt60s', 1, '2021-04-29 14:42:15'),
(1684, 4, 0, '8ooulckuv7g50erfco08icpuk1', 1, '2021-04-29 17:04:03'),
(1685, 1, 0, '9m9h16poisp44vovo47vdrnt8a', 1, '2021-04-29 17:12:48'),
(1686, 5, 0, 'm4aheilmtpv4la2hi924tdu60m', 1, '2021-04-29 18:09:44'),
(1687, 84, 0, '68a28l39bcrubovfmsn6rasibh', 1, '2021-04-29 19:51:44'),
(1688, 4, 0, '6s8vfd2hsn0rdq269f288e27el', 1, '2021-04-30 02:02:57'),
(1689, 70, 0, 'qm535uaflm9j92rv9hl3evfsmq', 1, '2021-04-30 10:15:20'),
(1690, 4, 0, 'qm535uaflm9j92rv9hl3evfsmq', 1, '2021-04-30 10:17:50'),
(1691, 9, 0, 'qm535uaflm9j92rv9hl3evfsmq', 1, '2021-04-30 10:18:06'),
(1692, 77, 0, 'qm535uaflm9j92rv9hl3evfsmq', 1, '2021-04-30 10:18:13'),
(1693, 9, 0, 'sh36ojcn8bu2sn3i3svu7scuth', 1, '2021-04-30 10:26:27'),
(1694, 9, 0, 'sh36ojcn8bu2sn3i3svu7scuth', 1, '2021-04-30 10:26:27'),
(1695, 77, 0, 'sh36ojcn8bu2sn3i3svu7scuth', 1, '2021-04-30 10:27:24'),
(1696, 4, 0, 'esc1berqcljc1656vs3il6di2n', 1, '2021-04-30 12:11:25'),
(1697, 9, 0, '69pki66kf1vsv88rakm5ml012e', 1, '2021-04-30 12:47:27'),
(1698, 76, 0, '69pki66kf1vsv88rakm5ml012e', 1, '2021-04-30 12:47:46'),
(1699, 77, 0, '69pki66kf1vsv88rakm5ml012e', 1, '2021-04-30 12:56:07'),
(1700, 76, 0, '69pki66kf1vsv88rakm5ml012e', 1, '2021-04-30 12:57:42'),
(1701, 6, 0, '69pki66kf1vsv88rakm5ml012e', 1, '2021-04-30 12:58:21'),
(1702, 6, 0, '69pki66kf1vsv88rakm5ml012e', 1, '2021-04-30 12:58:47'),
(1703, 20, 0, '69pki66kf1vsv88rakm5ml012e', 1, '2021-04-30 13:07:45'),
(1704, 9, 0, 'dpc8dv9ncgefpas33ja8fju7g3', 1, '2021-04-30 17:11:54'),
(1705, 76, 0, 'dpc8dv9ncgefpas33ja8fju7g3', 1, '2021-04-30 17:11:58'),
(1706, 6, 0, 'dpc8dv9ncgefpas33ja8fju7g3', 1, '2021-04-30 17:12:47'),
(1707, 77, 0, 'dpc8dv9ncgefpas33ja8fju7g3', 1, '2021-04-30 17:13:01'),
(1708, 4, 0, 'h20pk4kc95qtfdk6i2ckje4uf5', 1, '2021-04-30 18:56:25'),
(1709, 88, 0, 'h20pk4kc95qtfdk6i2ckje4uf5', 1, '2021-04-30 18:58:41'),
(1710, 9, 0, 'h20pk4kc95qtfdk6i2ckje4uf5', 1, '2021-04-30 19:03:05'),
(1711, 5, 0, 'allkelf7kko23rsej3702c9kfm', 1, '2021-05-01 05:03:53'),
(1712, 5, 0, 'allkelf7kko23rsej3702c9kfm', 1, '2021-05-01 05:03:54'),
(1713, 88, 0, 'qu6b88h1sh1vnt4m9j8f5tk89c', 1, '2021-05-01 09:46:03'),
(1714, 4, 0, 'qu6b88h1sh1vnt4m9j8f5tk89c', 1, '2021-05-01 09:52:28'),
(1715, 49, 0, 'qu6b88h1sh1vnt4m9j8f5tk89c', 1, '2021-05-01 09:54:00'),
(1716, 49, 0, 'qu6b88h1sh1vnt4m9j8f5tk89c', 1, '2021-05-01 09:54:16'),
(1717, 93, 0, 'adimd2gtc36suml76n8ar97bk6', 1, '2021-05-01 13:09:35'),
(1718, 80, 0, 'tikkepfo15pvesd2fapiluuvmk', 1, '2021-05-01 14:01:43'),
(1719, 80, 0, 'tikkepfo15pvesd2fapiluuvmk', 1, '2021-05-01 14:03:55'),
(1720, 7, 0, 'k41nb60l1pr6mjb208kug7ckmd', 1, '2021-05-01 17:38:16'),
(1721, 4, 0, 'u93i3qhh5lhu6c0rcoleoi2e4i', 1, '2021-05-01 22:46:28'),
(1722, 9, 0, 'pf40j1eaet9b48fgd9d9l424kh', 1, '2021-05-02 00:06:45'),
(1723, 7, 0, 'es0on2g5e3v4oi7qclsnvm2s6u', 1, '2021-05-02 06:53:23'),
(1724, 80, 0, 'ff2mo9v5dqiukpgjkurnp39ml1', 1, '2021-05-02 11:14:30'),
(1725, 4, 0, '68qol9icj8rk85tat3fjdbq4s4', 1, '2021-05-02 13:15:24'),
(1726, 4, 0, 'bhdvk61hgq1vlb9cm4pptguuvh', 1, '2021-05-02 19:22:38'),
(1727, 4, 0, 'mhskqou816ubv4lsipm6f17vlg', 1, '2021-05-02 20:03:16'),
(1728, 93, 0, 'h3j6ueg0qat2d00aabmniuh91r', 1, '2021-05-02 21:32:17'),
(1729, 4, 0, '02574jod3jfq80qr5u4ndphf5v', 1, '2021-05-03 01:22:15'),
(1730, 4, 0, 'l4j1al763ejhlifeptu28qtro9', 1, '2021-05-03 01:24:42'),
(1731, 4, 0, '04ttnl75i2p5j65rtg3guhcfqq', 1, '2021-05-03 11:56:24'),
(1732, 7, 0, 'lhhd4t3j1pdoo0tl5uu3ouq7sl', 1, '2021-05-03 12:41:49'),
(1733, 4, 0, 'dlrj45pi3ltaoss3ni8bpdg2nv', 1, '2021-05-03 15:25:53'),
(1734, 4, 0, 'l15q163vk7kp2ihnoc8c25nlgl', 1, '2021-05-03 15:55:28'),
(1735, 4, 0, '8a1c9v5fm8417cnmrrq37cdk3u', 1, '2021-05-03 16:40:03'),
(1736, 48, 0, '8a1c9v5fm8417cnmrrq37cdk3u', 1, '2021-05-03 16:40:19'),
(1737, 70, 0, '8a1c9v5fm8417cnmrrq37cdk3u', 1, '2021-05-03 16:40:34'),
(1738, 8, 0, '8a1c9v5fm8417cnmrrq37cdk3u', 1, '2021-05-03 16:41:17'),
(1739, 14, 0, '8a1c9v5fm8417cnmrrq37cdk3u', 1, '2021-05-03 16:41:30'),
(1740, 4, 0, 'dcp77tb5anj8ljqi7ncs5lg7h9', 1, '2021-05-03 17:24:06'),
(1741, 105, 0, 'b3sef0bdse9v2qtqmo2r0le1u3', 1, '2021-05-03 18:55:42'),
(1742, 80, 0, '8mio7dfhjsj11seguc70ebp22c', 1, '2021-05-04 10:36:23'),
(1743, 104, 0, 'gmeqddbu83cbfcqu2feloek136', 1, '2021-05-04 10:56:58'),
(1744, 2, 0, 'atrs6nlemu31k0s811un3kc4hu', 1, '2021-05-05 13:37:54'),
(1745, 4, 0, 'atrs6nlemu31k0s811un3kc4hu', 1, '2021-05-05 13:38:37'),
(1746, 61, 0, 'kbmml568vobrplteo4duvr9ive', 1, '2021-05-05 15:42:27'),
(1747, 4, 0, 'gsol8suv5c54pe9v8l8fs0ln9s', 1, '2021-05-05 17:01:41'),
(1748, 4, 0, 'oq5ll0fnoq7alaacml7t0jc7at', 1, '2021-05-05 17:39:20'),
(1749, 92, 0, '137bu42fuckbpaqt3n42fhnkmc', 1, '2021-05-05 18:02:11'),
(1750, 52, 0, 'uukdo36ot3f4e319u0p4ue2lgm', 1, '2021-05-06 01:28:59'),
(1751, 81, 0, '1cgk3dkrtkb10jpmqncq24h747', 1, '2021-05-06 03:28:41'),
(1752, 77, 0, 'emkbd0v0p3k1q52hqsq6lapftq', 1, '2021-05-06 08:47:58'),
(1753, 6, 0, 'g39ormleb4hgqkuc742609mkic', 1, '2021-05-06 20:28:01'),
(1754, 93, 0, 'vmn37020tb7b0im0bbg3jo0isc', 1, '2021-05-07 02:57:51'),
(1755, 9, 0, 'vmn37020tb7b0im0bbg3jo0isc', 1, '2021-05-07 03:03:31'),
(1756, 76, 0, 'vmn37020tb7b0im0bbg3jo0isc', 1, '2021-05-07 03:05:12'),
(1757, 9, 0, 'vmn37020tb7b0im0bbg3jo0isc', 1, '2021-05-07 03:08:35'),
(1758, 80, 0, 'vmn37020tb7b0im0bbg3jo0isc', 1, '2021-05-07 03:16:16'),
(1759, 81, 0, 'vmn37020tb7b0im0bbg3jo0isc', 1, '2021-05-07 03:23:51'),
(1760, 1, 0, 'vmn37020tb7b0im0bbg3jo0isc', 1, '2021-05-07 03:29:00'),
(1761, 5, 0, 'vmn37020tb7b0im0bbg3jo0isc', 1, '2021-05-07 03:34:10'),
(1762, 89, 0, 'vmn37020tb7b0im0bbg3jo0isc', 1, '2021-05-07 03:37:20'),
(1763, 85, 0, 'vmn37020tb7b0im0bbg3jo0isc', 1, '2021-05-07 03:37:49'),
(1764, 95, 0, 'vmn37020tb7b0im0bbg3jo0isc', 1, '2021-05-07 03:43:29'),
(1765, 6, 0, 'vmn37020tb7b0im0bbg3jo0isc', 1, '2021-05-07 03:48:10'),
(1766, 98, 0, 'vmn37020tb7b0im0bbg3jo0isc', 1, '2021-05-07 03:51:26'),
(1767, 101, 0, 'vmn37020tb7b0im0bbg3jo0isc', 1, '2021-05-07 03:54:54'),
(1768, 100, 0, 'vmn37020tb7b0im0bbg3jo0isc', 1, '2021-05-07 03:58:44'),
(1769, 102, 0, 'vmn37020tb7b0im0bbg3jo0isc', 1, '2021-05-07 04:01:48'),
(1770, 104, 0, 'vmn37020tb7b0im0bbg3jo0isc', 1, '2021-05-07 04:05:39'),
(1771, 7, 0, 'vmn37020tb7b0im0bbg3jo0isc', 1, '2021-05-07 04:08:33'),
(1772, 106, 0, 'vmn37020tb7b0im0bbg3jo0isc', 1, '2021-05-07 04:10:48'),
(1773, 34, 0, 'vmn37020tb7b0im0bbg3jo0isc', 1, '2021-05-07 04:17:50'),
(1774, 33, 0, 'vmn37020tb7b0im0bbg3jo0isc', 1, '2021-05-07 04:20:46'),
(1775, 28, 0, 'vmn37020tb7b0im0bbg3jo0isc', 1, '2021-05-07 04:20:59'),
(1776, 4, 0, 'evnh7qupcdb10893nlb9t2ahqu', 1, '2021-05-07 14:36:30'),
(1777, 82, 0, 'jbr1aelhij1d6rgese6h9td9dd', 1, '2021-05-08 06:38:05'),
(1778, 58, 0, '3k89ned23mr3qa1d8839id7gh7', 1, '2021-05-08 13:50:10'),
(1779, 1, 0, '3k89ned23mr3qa1d8839id7gh7', 1, '2021-05-08 13:50:32'),
(1780, 9, 0, 'i22djmvprjn2o9s6cpoctqv3q6', 1, '2021-05-08 13:50:50'),
(1781, 2, 0, '3k89ned23mr3qa1d8839id7gh7', 1, '2021-05-08 13:50:58'),
(1782, 69, 0, '3k89ned23mr3qa1d8839id7gh7', 1, '2021-05-08 13:51:28'),
(1783, 93, 0, 'i22djmvprjn2o9s6cpoctqv3q6', 1, '2021-05-08 13:52:09'),
(1784, 14, 0, '51tp00mi5ppqrufp0qf8gjp58e', 1, '2021-05-08 14:40:03'),
(1785, 6, 0, '3r19mchmlq3nade034qgfhb8i0', 1, '2021-05-08 23:38:24'),
(1786, 83, 0, '5r9165ssvnl2bj9b1rt8ari0g8', 1, '2021-05-09 00:07:57'),
(1787, 30, 0, '8mec8tk2n0evd4to28i5ldbg7s', 1, '2021-05-09 10:41:41'),
(1788, 1, 0, 'c7qidllrrcjfb2gaumbssdnfdl', 1, '2021-05-09 12:10:46'),
(1789, 14, 0, 'mlh347m5s754jumdl2saqmilbm', 1, '2021-05-09 17:57:25'),
(1790, 1, 0, 'mlh347m5s754jumdl2saqmilbm', 1, '2021-05-09 17:58:26'),
(1791, 4, 0, 'mlh347m5s754jumdl2saqmilbm', 1, '2021-05-09 17:59:49'),
(1792, 59, 0, 'mo3if8v1h7fd7j9edjve6notb5', 1, '2021-05-09 19:05:55'),
(1793, 80, 0, '9lgkgppa9gu02md2hspddq11fu', 1, '2021-05-09 20:42:48'),
(1794, 44, 0, 'p1d7h70i94gpsi4req90k4m3i2', 1, '2021-05-10 13:11:16'),
(1795, 4, 0, '43agjr3fq8iou0t9fpdv3ici90', 1, '2021-05-10 15:03:23'),
(1796, 77, 0, '43agjr3fq8iou0t9fpdv3ici90', 1, '2021-05-10 15:03:57'),
(1797, 9, 0, '43agjr3fq8iou0t9fpdv3ici90', 1, '2021-05-10 15:03:59'),
(1798, 76, 0, '43agjr3fq8iou0t9fpdv3ici90', 1, '2021-05-10 15:03:59'),
(1799, 4, 0, 'ljhk37hmdt3vrcpeibmh3r3iel', 1, '2021-05-10 15:35:58'),
(1800, 76, 0, 'jpd89d821i5sa4ns46ike0rl43', 1, '2021-05-10 16:11:43'),
(1801, 14, 0, 'jpd89d821i5sa4ns46ike0rl43', 1, '2021-05-10 16:13:37'),
(1802, 2, 0, 'jpd89d821i5sa4ns46ike0rl43', 1, '2021-05-10 16:14:42'),
(1803, 4, 0, 'q83omik56hgivp2acve659lqaj', 1, '2021-05-10 18:16:10'),
(1804, 9, 0, '8leocobl3j3sjb07l4b2c577p3', 1, '2021-05-10 18:48:49'),
(1805, 73, 0, 'p6jti3jhnd2o8ejkdlak8o4a7b', 1, '2021-05-11 07:00:18'),
(1806, 1, 0, 'p6jti3jhnd2o8ejkdlak8o4a7b', 1, '2021-05-11 07:02:07'),
(1807, 2, 0, 'fgdf4rdt2kcrejhd2n1gfgn61n', 1, '2021-05-11 08:36:45'),
(1808, 4, 0, 'da0vrpjff3jpjsegvlsfghttdu', 1, '2021-05-11 08:58:58'),
(1809, 4, 0, 'rin36n3pr8vgoucrrj8hqablk2', 1, '2021-05-11 09:10:17'),
(1810, 69, 0, 'mtfojbhbtsolkp9tfev88s56bl', 1, '2021-05-11 12:58:27'),
(1811, 4, 0, 'mtfojbhbtsolkp9tfev88s56bl', 1, '2021-05-11 12:58:59'),
(1812, 4, 0, 'mtfojbhbtsolkp9tfev88s56bl', 1, '2021-05-11 13:02:26'),
(1813, 77, 0, 'kp0914sdll6gbmg8kouqpv6vvo', 1, '2021-05-11 16:12:42'),
(1814, 104, 0, 'lv1tn79h8if1p8rtfa11580to3', 1, '2021-05-11 16:41:35');

-- --------------------------------------------------------

--
-- Table structure for table `kr_register_verification`
--

CREATE TABLE `kr_register_verification` (
  `rvid` int(11) NOT NULL,
  `cus_groupid` int(11) NOT NULL,
  `customerid` int(11) NOT NULL,
  `verification` varchar(25) NOT NULL,
  `IsActive` tinyint(1) NOT NULL,
  `createddate` datetime NOT NULL,
  `modifieddate` datetime NOT NULL
) ENGINE=InnoDB DEFAULT CHARSET=latin1;

--
-- Dumping data for table `kr_register_verification`
--

INSERT INTO `kr_register_verification` (`rvid`, `cus_groupid`, `customerid`, `verification`, `IsActive`, `createddate`, `modifieddate`) VALUES
(1, 1, 13, 'JfGKjsypc7z5BYI1545817939', 0, '2018-12-26 03:22:19', '2018-12-26 03:22:19'),
(2, 1, 14, '7AcSP6nqPaQg6LW1545817951', 0, '2018-12-26 03:22:31', '2018-12-26 03:22:31'),
(3, 1, 16, '1igTNtFeLgELoWv1545818485', 0, '2018-12-26 03:31:25', '2018-12-26 03:31:25'),
(4, 1, 17, '7siEY5xYMpVOaDE1545818489', 0, '2018-12-26 03:31:29', '2018-12-26 03:31:29'),
(5, 1, 18, 'yOb7R9CHyLbgY7v1545818491', 0, '2018-12-26 03:31:31', '2018-12-26 03:31:31'),
(6, 1, 19, 'JTEZPgUq04IFeVj1545818491', 0, '2018-12-26 03:31:31', '2018-12-26 03:31:31'),
(7, 1, 20, '8lGikVhnIYh6zNC1545818492', 0, '2018-12-26 03:31:31', '2018-12-26 03:31:31'),
(8, 1, 21, 'wQBK34KBy7CBrBg1545818495', 0, '2018-12-26 03:31:35', '2018-12-26 03:31:35'),
(9, 1, 22, 'LFNKcOfngsiFvbc1545818499', 0, '2018-12-26 03:31:39', '2018-12-26 03:31:39'),
(10, 1, 23, 'SCVgEK94hvEhWpW1545818501', 0, '2018-12-26 03:31:40', '2018-12-26 03:31:40'),
(11, 1, 6, 'fMzerAdR5JQh2Au1545818615', 0, '2018-12-26 03:33:35', '2018-12-26 03:33:35'),
(12, 1, 7, '8gLdhrjdcgXP4cM1547789255', 1, '2019-01-18 10:57:35', '2019-01-18 10:57:35'),
(13, 1, 8, 'Zdjbb7wp0FLGdwE1548941987', 1, '2019-01-31 07:09:47', '2019-01-31 07:09:47'),
(14, 2, 9, 'd7duZpVPTJBSGG21548942122', 1, '2019-01-31 07:12:02', '2019-01-31 07:12:02'),
(15, 1, 10, 'OJYrbOsX0nF9KFV1549002055', 1, '2019-02-01 11:50:55', '2019-02-01 11:50:55'),
(16, 0, 11, 'ypHiiISGxzKu3xd1549002086', 1, '2019-02-01 11:51:26', '2019-02-01 11:51:26'),
(17, 0, 12, 'I7Mkqq9pol33zOn1549002089', 1, '2019-02-01 11:51:29', '2019-02-01 11:51:29'),
(18, 0, 13, 'tH3gea3QqOnusLL1549002107', 1, '2019-02-01 11:51:47', '2019-02-01 11:51:47'),
(19, 0, 14, 'vVB2XcXsHen0Rz71549002131', 1, '2019-02-01 11:52:11', '2019-02-01 11:52:11'),
(20, 0, 15, 'tsU5yLeP8FXJnMc1549002133', 1, '2019-02-01 11:52:13', '2019-02-01 11:52:13'),
(21, 0, 16, '2bFOSkeWcwugpDt1549002148', 1, '2019-02-01 11:52:28', '2019-02-01 11:52:28'),
(22, 0, 17, 'PCdbEwkgoW7r6Bb1549002181', 1, '2019-02-01 11:53:01', '2019-02-01 11:53:01'),
(23, 0, 18, 'sb03yw6ewYER4Xb1549002189', 1, '2019-02-01 11:53:09', '2019-02-01 11:53:09'),
(24, 0, 19, 'MYpEvEVruElfKd41549002213', 1, '2019-02-01 11:53:33', '2019-02-01 11:53:33'),
(25, 0, 20, 'KSXphdX97fM1F0n1549002220', 1, '2019-02-01 11:53:40', '2019-02-01 11:53:40'),
(26, 0, 21, 'NPm3aud1wlQRh8M1549002229', 1, '2019-02-01 11:53:49', '2019-02-01 11:53:49'),
(27, 0, 22, 'pH20o85Z9xg3ZQr1549002260', 1, '2019-02-01 11:54:20', '2019-02-01 11:54:20'),
(28, 0, 23, '8BBF5e6EPe4acHb1549002276', 1, '2019-02-01 11:54:36', '2019-02-01 11:54:36'),
(29, 0, 24, '8UrSMFdRbmB6Z9H1549002278', 1, '2019-02-01 11:54:38', '2019-02-01 11:54:38'),
(30, 0, 25, 'l54zoQldKnCBICZ1549002291', 1, '2019-02-01 11:54:51', '2019-02-01 11:54:51'),
(31, 0, 26, 'HFeiyFFkmnQhkyP1549002596', 1, '2019-02-01 11:59:56', '2019-02-01 11:59:56'),
(32, 0, 27, '7n2Jt0U6QCdw8XB1549002622', 1, '2019-02-01 12:00:22', '2019-02-01 12:00:22'),
(33, 0, 28, 'EwTDhLNj0KOt9ae1549002643', 1, '2019-02-01 12:00:43', '2019-02-01 12:00:43'),
(34, 1, 29, 'b0se1ON6CGyen5R1549002806', 1, '2019-02-01 12:03:26', '2019-02-01 12:03:26'),
(35, 1, 30, 'x71hTqi6F6RUNWC1549003119', 1, '2019-02-01 12:08:39', '2019-02-01 12:08:39'),
(36, 1, 31, 'EnSWeSWpXtWnYNu1549003408', 1, '2019-02-01 12:13:28', '2019-02-01 12:13:28'),
(37, 1, 32, '2Evb4MEjEU4sZ641549003534', 1, '2019-02-01 12:15:34', '2019-02-01 12:15:34'),
(38, 1, 33, 'Lv1CrMm3yU5RWtW1549004870', 1, '2019-02-01 12:37:50', '2019-02-01 12:37:50'),
(39, 1, 34, 'n3FInlIm1FEqgvm1549013345', 1, '2019-02-01 02:59:04', '2019-02-01 02:59:04'),
(40, 1, 35, 'YKJhZvpMuVW3aRa1549013470', 1, '2019-02-01 03:01:10', '2019-02-01 03:01:10'),
(41, 0, 36, '89wco0UJwDjXCcX1549356216', 1, '2019-02-05 02:13:36', '2019-02-05 02:13:36'),
(42, 2, 37, '6rAIaKfM93d5bLH1549867881', 1, '2019-02-11 12:21:21', '2019-02-11 12:21:21'),
(43, 2, 38, '3uR5tw3qusPIGAs1549868080', 1, '2019-02-11 12:24:40', '2019-02-11 12:24:40'),
(44, 1, 5, 'xfcuIINk0pHJnAk1550224860', 1, '2019-02-15 03:31:00', '2019-02-15 03:31:00'),
(45, 1, 6, '7m1W7yujcvLAOzk1553509001', 1, '2019-03-25 03:46:41', '2019-03-25 03:46:41'),
(46, 1, 7, 'TllPAHY2SvX6lrf1553509065', 1, '2019-03-25 03:47:45', '2019-03-25 03:47:45'),
(47, 1, 8, 'bUyHZQg27qNxFRr1553509129', 1, '2019-03-25 03:48:49', '2019-03-25 03:48:49'),
(48, 1, 9, 'CVtM0I1Fb4py82V1553509193', 1, '2019-03-25 03:49:53', '2019-03-25 03:49:53'),
(49, 1, 10, 'SuG2LrIH8l6y0V61553509257', 1, '2019-03-25 03:50:57', '2019-03-25 03:50:57'),
(50, 1, 11, '7nWM1mrwFYsOxgK1553509302', 1, '2019-03-25 03:51:42', '2019-03-25 03:51:42'),
(51, 1, 12, 'FDmaBmZpTYDl2Z81553509305', 1, '2019-03-25 03:51:45', '2019-03-25 03:51:45'),
(52, 1, 13, 'CoPmyZdWkVL2bfk1553509366', 1, '2019-03-25 03:52:46', '2019-03-25 03:52:46'),
(53, 1, 14, 'efNiyFACjIi2FRA1553509369', 1, '2019-03-25 03:52:49', '2019-03-25 03:52:49'),
(54, 1, 15, '3Vf1IMHHCvGjd181553509430', 1, '2019-03-25 03:53:50', '2019-03-25 03:53:50'),
(55, 1, 16, 'JGiULJhZf7r4j701553509433', 1, '2019-03-25 03:53:53', '2019-03-25 03:53:53'),
(56, 1, 17, 'WLcMPMUDeudOopH1553509494', 1, '2019-03-25 03:54:54', '2019-03-25 03:54:54'),
(57, 1, 18, 'KEYT1fpJorQydoV1553754732', 1, '2019-03-28 12:02:12', '2019-03-28 12:02:12'),
(58, 1, 19, 'WkiHMKgGPgehuEG1553754796', 1, '2019-03-28 12:03:16', '2019-03-28 12:03:16'),
(59, 1, 20, '94IDX5zILBShOru1553754860', 1, '2019-03-28 12:04:20', '2019-03-28 12:04:20'),
(60, 1, 21, 'CoAUKzcZHYtyOOZ1553754924', 1, '2019-03-28 12:05:24', '2019-03-28 12:05:24'),
(61, 1, 22, '7FMEyFQVPSGbs7C1553754988', 1, '2019-03-28 12:06:28', '2019-03-28 12:06:28'),
(62, 1, 23, 'EB8XB0iSB9qYI9N1553755110', 1, '2019-03-28 12:08:30', '2019-03-28 12:08:30'),
(63, 1, 24, 'RcuPa62jAJlae731553755174', 1, '2019-03-28 12:09:34', '2019-03-28 12:09:34'),
(64, 1, 25, 'Hq7P0270i5g6bCh1553755234', 1, '2019-03-28 12:10:34', '2019-03-28 12:10:34'),
(65, 1, 26, 'vc8D3KSpucW1roM1553755238', 1, '2019-03-28 12:10:38', '2019-03-28 12:10:38'),
(66, 1, 27, 'eE032ngEhPlNRoZ1553755302', 1, '2019-03-28 12:11:42', '2019-03-28 12:11:42'),
(67, 1, 28, 'lGLLD47fOtUKf6o1553755366', 1, '2019-03-28 12:12:46', '2019-03-28 12:12:46'),
(68, 1, 29, '14NhmpGAeyKaenD1553755419', 1, '2019-03-28 12:13:39', '2019-03-28 12:13:39'),
(69, 1, 30, 'fEXoTqZvvDTYazu1553781326', 1, '2019-03-28 07:25:26', '2019-03-28 07:25:26'),
(70, 1, 31, 'kof8G7BFDd9zwF71553781390', 1, '2019-03-28 07:26:30', '2019-03-28 07:26:30'),
(71, 1, 36, 'YjPAm4Hi0oNtZV31553782368', 1, '2019-03-28 07:42:48', '2019-03-28 07:42:48'),
(72, 1, 37, 'hpU6oUH16wQXuGC1553782432', 1, '2019-03-28 07:43:52', '2019-03-28 07:43:52'),
(73, 1, 38, 'xOLFg5hF8BpuiZq1553782432', 1, '2019-03-28 07:43:52', '2019-03-28 07:43:52'),
(74, 1, 39, 'HNVvWJGoTP33Mq11553782437', 1, '2019-03-28 07:43:57', '2019-03-28 07:43:57'),
(75, 1, 40, 'gmsM30uEvW5GMK11553782806', 1, '2019-03-28 07:50:06', '2019-03-28 07:50:06'),
(76, 1, 41, 'squOErjPXbMVj211553782998', 1, '2019-03-28 07:53:18', '2019-03-28 07:53:18'),
(77, 1, 42, 'k5gmGIbaODjIsmw1553783583', 1, '2019-03-28 08:03:03', '2019-03-28 08:03:03'),
(78, 1, 43, '78FdtuEUUBtGxg41553783752', 1, '2019-03-28 08:05:52', '2019-03-28 08:05:52'),
(79, 1, 44, 'Ksw7SDXdKKeqLBK1553783991', 1, '2019-03-28 08:09:51', '2019-03-28 08:09:51'),
(80, 1, 45, 'zVnqffUHKjNSzKS1553784291', 1, '2019-03-28 08:14:51', '2019-03-28 08:14:51'),
(81, 1, 46, 'WgCKr5mds0PEcO31553784412', 1, '2019-03-28 08:16:52', '2019-03-28 08:16:52'),
(82, 1, 47, '4R0mosEtRVV4GM51553784590', 1, '2019-03-28 08:19:50', '2019-03-28 08:19:50'),
(83, 1, 48, '0ZMt7ehrDqoPShV1553836870', 1, '2019-03-29 10:51:10', '2019-03-29 10:51:10'),
(84, 1, 49, 'tTmomI1q5JRVOum1553836908', 1, '2019-03-29 10:51:48', '2019-03-29 10:51:48'),
(85, 1, 17, 'oXPwbdZaCbcqyIt1553837570', 1, '2019-03-29 11:02:50', '2019-03-29 11:02:50'),
(86, 1, 18, 'WWtVgo0MMM7uDcm1553838057', 1, '2019-03-29 11:10:57', '2019-03-29 11:10:57'),
(87, 1, 19, 'Eg1uQFV9z4ryKM61553838339', 1, '2019-03-29 11:15:39', '2019-03-29 11:15:39'),
(88, 1, 20, 'g8N0ZNQcdZoq3NI1553838826', 1, '2019-03-29 11:23:46', '2019-03-29 11:23:46'),
(89, 1, 21, 'Ku8wxpCg2XLU9bJ1553838957', 1, '2019-03-29 11:25:57', '2019-03-29 11:25:57'),
(90, 1, 22, '4oOis8zGEL8SY9f1553839221', 1, '2019-03-29 11:30:21', '2019-03-29 11:30:21'),
(91, 1, 6, 'Ugw5eEiIqrufMg41553840334', 1, '2019-03-29 11:48:54', '2019-03-29 11:48:54'),
(92, 1, 7, 'gWqKcXD7BdgqIzB1553840962', 1, '2019-03-29 11:59:22', '2019-03-29 11:59:22'),
(93, 1, 8, 'dtkx0jcPGLs63lR1553843515', 1, '2019-03-29 12:41:55', '2019-03-29 12:41:55'),
(94, 1, 10, 'ZEAGNYwzA9fOa8M1553844656', 1, '2019-03-29 01:00:56', '2019-03-29 01:00:56'),
(95, 1, 13, 'aznKExTqqiwL0nu1553845211', 1, '2019-03-29 01:10:11', '2019-03-29 01:10:11'),
(96, 1, 14, 'enFe0XuSoVlqnJs1553845391', 1, '2019-03-29 01:13:11', '2019-03-29 01:13:11'),
(97, 1, 15, 'PBn5d28CQvpD1NA1553845555', 1, '2019-03-29 01:15:55', '2019-03-29 01:15:55'),
(98, 1, 16, 'pjuIUm34NkJHK6T1553845621', 1, '2019-03-29 01:17:01', '2019-03-29 01:17:01'),
(99, 1, 8, 'hPGvr1mgOHe79nQ1553848816', 1, '2019-03-29 02:10:16', '2019-03-29 02:10:16'),
(100, 1, 8, 'RfV4Eq6KJtX31sm1553849121', 1, '2019-03-29 02:15:21', '2019-03-29 02:15:21'),
(101, 1, 8, 'M7dky1QW1d3LagK1553849220', 1, '2019-03-29 02:17:00', '2019-03-29 02:17:00'),
(102, 1, 8, 'HkYDn9QJABx769b1553852962', 1, '2019-03-29 03:19:22', '2019-03-29 03:19:22'),
(103, 1, 17, 'ewVytJl7XJEw3221553853069', 1, '2019-03-29 03:21:09', '2019-03-29 03:21:09'),
(104, 1, 17, 'w05FA27QrYwmkuN1553853215', 1, '2019-03-29 03:23:35', '2019-03-29 03:23:35'),
(105, 1, 7, 'DRXDkB5JOY9qwk11553858931', 1, '2019-03-29 04:58:51', '2019-03-29 04:58:51'),
(106, 2, 18, '5YO0ocGpsPLQ4vZ1553863476', 1, '2019-03-29 06:14:36', '2019-03-29 06:14:36'),
(107, 2, 19, 'My6KFq7F2irtGPV1553864274', 1, '2019-03-29 06:27:54', '2019-03-29 06:27:54'),
(108, 1, 20, 'zpAn4aiIg9gvlrE1554367209', 1, '2019-04-04 02:10:09', '2019-04-04 02:10:09'),
(109, 1, 21, 'Awn6jfRuvZtu9kz1554367495', 1, '2019-04-04 02:14:55', '2019-04-04 02:14:55'),
(110, 1, 22, 'bgiDBZAeLdqR8u41554371990', 1, '2019-04-04 03:29:50', '2019-04-04 03:29:50'),
(111, 2, 18, 'JYMY9SLvxOxIW7s1554383637', 1, '2019-04-04 06:43:57', '2019-04-04 06:43:57'),
(112, 1, 23, 'w91YDIsJFiVuYJV1554707629', 1, '2019-04-08 12:43:49', '2019-04-08 12:43:49'),
(113, 2, 24, 'iioBRmrnFUhCGDh1554728312', 1, '2019-04-08 06:28:32', '2019-04-08 06:28:32'),
(114, 1, 27, 'EN85VznjpLK67Z01556529375', 1, '2019-04-29 14:46:15', '2019-04-29 14:46:15'),
(115, 1, 29, 'axvJHPYZf0e9sJZ1556603278', 1, '2019-04-30 11:17:58', '2019-04-30 11:17:58'),
(116, 1, 30, 'sRSuOlJSLQejlTm1556875996', 1, '2019-05-03 15:03:16', '2019-05-03 15:03:16'),
(117, 1, 32, '3csVzV5ckBI5C3T1556876432', 1, '2019-05-03 15:10:32', '2019-05-03 15:10:32'),
(118, 1, 34, 'boDgoqlqbZpPBge1557482662', 1, '2019-05-10 15:34:22', '2019-05-10 15:34:22'),
(119, 1, 34, 'gGhQxiWU3Yz0CRQ1557482963', 1, '2019-05-10 15:39:23', '2019-05-10 15:39:23'),
(120, 1, 35, 'r6KD3mjA3EKPOkQ1557484211', 1, '2019-05-10 16:00:11', '2019-05-10 16:00:11'),
(121, 1, 36, 'rraT0rKmCRJs8zh1557484695', 1, '2019-05-10 16:08:15', '2019-05-10 16:08:15'),
(122, 1, 37, 'tEp9nMYZIYApbx61557484859', 1, '2019-05-10 16:10:59', '2019-05-10 16:10:59'),
(123, 1, 35, 'bnfPhGSOvb0MaV31557485046', 1, '2019-05-10 16:14:06', '2019-05-10 16:14:06'),
(124, 1, 35, 'vwi1HAk4OsHXLwG1557485073', 1, '2019-05-10 16:14:33', '2019-05-10 16:14:33'),
(125, 1, 38, 'alDN4LEUDvEdOYt1557488656', 1, '2019-05-10 17:14:16', '2019-05-10 17:14:16'),
(126, 1, 39, 'ZGlLcpGN2XtukT41557557754', 1, '2019-05-11 12:25:54', '2019-05-11 12:25:54'),
(127, 1, 39, 'eKlHUGND373IkrQ1557557951', 1, '2019-05-11 12:29:11', '2019-05-11 12:29:11'),
(128, 1, 40, '6RsGTOHoZU4czm51558326757', 1, '2019-05-20 10:02:37', '2019-05-20 10:02:37'),
(129, 1, 41, 'aCPxAJfw3pgF6e81559800437', 1, '2019-06-06 11:23:57', '2019-06-06 11:23:57'),
(130, 1, 42, 'YuRjMSVvaV37xP01560402009', 1, '2019-06-13 10:30:09', '2019-06-13 10:30:09'),
(131, 1, 43, 'ZmywZEzuJxZmMOI1566362921', 1, '2019-08-21 10:18:41', '2019-08-21 10:18:41'),
(132, 1, 44, 'VNdBkWZIbyEl5Au1568185249', 1, '2019-09-11 12:30:49', '2019-09-11 12:30:49'),
(133, 1, 45, 'dE5NIQqdzjmAyfE1568727514', 1, '2019-09-17 19:08:34', '2019-09-17 19:08:34'),
(134, 1, 46, 'QKrjdkbulf41GLQ1568728346', 1, '2019-09-17 19:22:26', '2019-09-17 19:22:26'),
(135, 1, 47, 'b8mqQEoBx940P4Q1568786337', 1, '2019-09-18 11:28:57', '2019-09-18 11:28:57'),
(136, 1, 47, 'SUNHNSoeyxJJJqS1568786417', 1, '2019-09-18 11:30:17', '2019-09-18 11:30:17'),
(137, 1, 47, 'SBm65eAKcTVat8Z1568786694', 1, '2019-09-18 11:34:54', '2019-09-18 11:34:54'),
(138, 1, 35, 'JzemwayT7jb47sj1568787434', 1, '2019-09-18 11:47:14', '2019-09-18 11:47:14'),
(139, 1, 48, 'genbsACpA2WiGaq1568788340', 1, '2019-09-18 12:02:20', '2019-09-18 12:02:20'),
(140, 1, 49, 'l5mTk4QJSMisjfD1568788622', 1, '2019-09-18 12:07:02', '2019-09-18 12:07:02'),
(141, 1, 50, 'ZQSqe23jRIxpSWj1568788782', 1, '2019-09-18 12:09:42', '2019-09-18 12:09:42'),
(142, 1, 50, 'KeAsiyBMJszxlvK1568789080', 1, '2019-09-18 12:14:40', '2019-09-18 12:14:40'),
(143, 1, 50, 'tvFzILXN29A0Wdt1568789162', 1, '2019-09-18 12:16:02', '2019-09-18 12:16:02'),
(144, 1, 50, 'QWl5AwM53I3u1SH1568789462', 1, '2019-09-18 12:21:02', '2019-09-18 12:21:02'),
(145, 1, 50, 'ddexTGfU5rb1bR11568789627', 1, '2019-09-18 12:23:47', '2019-09-18 12:23:47'),
(146, 1, 50, 'sqM23d8Qp7jRw1m1568789669', 1, '2019-09-18 12:24:29', '2019-09-18 12:24:29'),
(147, 1, 35, 'bWuZKd1EYpy9Aer1568792531', 1, '2019-09-18 13:12:11', '2019-09-18 13:12:11'),
(148, 1, 35, 'XRMO3ofBDEF1pc51568792595', 1, '2019-09-18 13:13:15', '2019-09-18 13:13:15'),
(149, 1, 35, 'AbhtozfPgy4tJ8z1568792813', 1, '2019-09-18 13:16:53', '2019-09-18 13:16:53'),
(150, 1, 35, 'tLsfVXCr6tudYs91568792877', 1, '2019-09-18 13:17:57', '2019-09-18 13:17:57'),
(151, 1, 35, 'eX6FJOEkmqAyAoR1568792941', 1, '2019-09-18 13:19:01', '2019-09-18 13:19:01'),
(152, 1, 35, 'VLiz4Q4viYY6qBG1568793510', 1, '2019-09-18 13:28:30', '2019-09-18 13:28:30'),
(153, 1, 35, 'yLniBc417Req9FL1568793512', 1, '2019-09-18 13:28:32', '2019-09-18 13:28:32'),
(154, 1, 35, 'rLpBnSg24m2FIIJ1568793547', 1, '2019-09-18 13:29:07', '2019-09-18 13:29:07'),
(155, 1, 35, 'tCNyUh7JfzuDw3U1568793548', 1, '2019-09-18 13:29:08', '2019-09-18 13:29:08'),
(156, 1, 35, 'O21VQ4trNCrSXeI1568793548', 1, '2019-09-18 13:29:08', '2019-09-18 13:29:08'),
(157, 1, 35, '7pUgvyey4hJpNCh1568793548', 1, '2019-09-18 13:29:08', '2019-09-18 13:29:08'),
(158, 1, 35, 'dXMGg0k0ma6bcfg1568793549', 1, '2019-09-18 13:29:09', '2019-09-18 13:29:09'),
(159, 1, 35, 'tzrt6JQg3RycaTO1568793549', 1, '2019-09-18 13:29:09', '2019-09-18 13:29:09'),
(160, 1, 35, 'y5YUufzvPvdZN481568793549', 1, '2019-09-18 13:29:09', '2019-09-18 13:29:09'),
(161, 1, 35, 'T0g2xsKUn7PoPbL1568793661', 1, '2019-09-18 13:31:01', '2019-09-18 13:31:01'),
(162, 1, 35, 'RNfiANnGSiFMTmG1568793725', 1, '2019-09-18 13:32:05', '2019-09-18 13:32:05'),
(163, 1, 35, 'LJGdWENQ19kyu0N1568793769', 1, '2019-09-18 13:32:49', '2019-09-18 13:32:49'),
(164, 1, 35, 'v4k4pbkr1jdLxSm1568812990', 1, '2019-09-18 18:53:10', '2019-09-18 18:53:10'),
(165, 1, 51, 'yH6Nki0dceHzCxs1568877700', 1, '2019-09-19 12:51:40', '2019-09-19 12:51:40'),
(166, 1, 35, 'oxpaTGwDDyXCjcJ1569246790', 1, '2019-09-23 19:23:10', '2019-09-23 19:23:10'),
(167, 1, 35, 'tlmbOHjOu1IvkF01569247221', 1, '2019-09-23 19:30:21', '2019-09-23 19:30:21'),
(168, 1, 35, '4ez7DEnXU9419BS1569397306', 1, '2019-09-25 13:11:46', '2019-09-25 13:11:46'),
(169, 1, 35, 'xrrqV31EXeLhfpO1569397478', 1, '2019-09-25 13:14:38', '2019-09-25 13:14:38'),
(170, 1, 35, 'mdDXP56QXlmltzQ1569397960', 1, '2019-09-25 13:22:40', '2019-09-25 13:22:40'),
(171, 1, 35, 'nkJ29NJUSlNRNj41569397976', 1, '2019-09-25 13:22:56', '2019-09-25 13:22:56'),
(172, 1, 35, 'fcH96e7WAjPg8uc1569398049', 1, '2019-09-25 13:24:09', '2019-09-25 13:24:09'),
(173, 1, 35, 'Aiia9Idg0V755pW1569398053', 1, '2019-09-25 13:24:13', '2019-09-25 13:24:13'),
(174, 1, 35, 'tv2JqJqpbVUqyQT1569398364', 1, '2019-09-25 13:29:24', '2019-09-25 13:29:24'),
(175, 1, 35, 'QNAtWV2E7t4NHDq1569398419', 1, '2019-09-25 13:30:19', '2019-09-25 13:30:19'),
(176, 1, 41, 'VXNj4nd1b8lYrAZ1569398936', 1, '2019-09-25 13:38:56', '2019-09-25 13:38:56'),
(177, 1, 41, 'wNs8ePmEh1mAgLT1569399033', 1, '2019-09-25 13:40:33', '2019-09-25 13:40:33'),
(178, 1, 52, 'zvQh5htBAs5CzPe1569652490', 1, '2019-09-28 12:04:50', '2019-09-28 12:04:50'),
(179, 1, 53, 'QNQtn6tuUL3tH971569753481', 1, '2019-09-29 16:08:01', '2019-09-29 16:08:01'),
(180, 1, 35, 'w4eWDEefm4AoCq01569823102', 1, '2019-09-30 11:28:22', '2019-09-30 11:28:22'),
(181, 1, 35, 'd5Wz5te1jbZxVlh1569823412', 1, '2019-09-30 11:33:32', '2019-09-30 11:33:32'),
(182, 1, 35, 'GxJIWSoDFfT6ORO1569823600', 1, '2019-09-30 11:36:40', '2019-09-30 11:36:40'),
(183, 1, 35, 'hXH5Zxtdiyc9r7I1569824059', 1, '2019-09-30 11:44:19', '2019-09-30 11:44:19'),
(184, 1, 54, 'XmFGslgLHhP33cF1569829749', 1, '2019-09-30 13:19:09', '2019-09-30 13:19:09'),
(185, 1, 55, 'XMPRm8Q3ekUHPLA1569838260', 1, '2019-09-30 15:41:00', '2019-09-30 15:41:00'),
(186, 1, 56, 'kFkAAQZGcUQjH3K1569851796', 1, '2019-09-30 19:26:36', '2019-09-30 19:26:36'),
(187, 1, 57, '7UM9vCKZeTp2SqC1569852613', 1, '2019-09-30 19:40:13', '2019-09-30 19:40:13'),
(188, 1, 58, 'rajEKrfMRujaHdj1569906534', 1, '2019-10-01 10:38:54', '2019-10-01 10:38:54'),
(189, 1, 59, 'M6EGHrg404dovFY1570626516', 1, '2019-10-09 18:38:36', '2019-10-09 18:38:36'),
(190, 1, 60, 'eU86nDzdVT9Do1v1570992365', 1, '2019-10-14 00:16:05', '2019-10-14 00:16:05'),
(191, 1, 62, 'UisSfLOmBHXDxZY1571483367', 1, '2019-10-19 16:39:27', '2019-10-19 16:39:27'),
(192, 1, 64, 'hMGMGAAZr8sY1Ww1572598231', 1, '2019-11-01 14:20:31', '2019-11-01 14:20:31'),
(193, 1, 65, 't1vckC6lJMqbYuu1572600497', 1, '2019-11-01 14:58:17', '2019-11-01 14:58:17'),
(194, 1, 66, 'sn5RNyXT5gZSjiL1572603369', 1, '2019-11-01 15:46:09', '2019-11-01 15:46:09'),
(195, 1, 67, 'pJqeeUvfEKnKPPi1573734471', 1, '2019-11-14 17:57:51', '2019-11-14 17:57:51'),
(196, 1, 68, '8miltFGu5fDQBgn1574924926', 1, '2019-11-28 12:38:46', '2019-11-28 12:38:46'),
(197, 1, 69, 'Uni5WN3CoTGylax1575893364', 1, '2019-12-09 17:39:24', '2019-12-09 17:39:24'),
(198, 1, 70, '8pKlqFNjmizbkAJ1576068702', 1, '2019-12-11 18:21:42', '2019-12-11 18:21:42'),
(199, 1, 71, 'g1TOfpjlcYBWwZp1576069033', 1, '2019-12-11 18:27:13', '2019-12-11 18:27:13'),
(200, 1, 72, 'afZBxyDl4gbeBLW1576420154', 1, '2019-12-15 19:59:14', '2019-12-15 19:59:14'),
(201, 1, 73, 'bk6ZjsvEzm9jpJF1576827058', 1, '2019-12-20 13:00:58', '2019-12-20 13:00:58'),
(202, 1, 74, '6ddX72kxR4ORD5m1579598333', 1, '2020-01-21 14:48:53', '2020-01-21 14:48:53'),
(203, 1, 75, 'lV6nzgwTKOQgCfC1582715182', 1, '2020-02-26 16:36:22', '2020-02-26 16:36:22'),
(204, 1, 76, 'hHvoIUTzKT6zCyz1582715273', 1, '2020-02-26 16:37:53', '2020-02-26 16:37:53'),
(205, 1, 77, '4d0y0po5pegFUAf1583143676', 1, '2020-03-02 15:37:56', '2020-03-02 15:37:56'),
(206, 1, 78, '7PcyDbW8x8GC5gh1583143764', 1, '2020-03-02 15:39:24', '2020-03-02 15:39:24'),
(207, 1, 79, 'avMB26ESUMfPR8I1583149512', 1, '2020-03-02 17:15:12', '2020-03-02 17:15:12'),
(208, 1, 80, '9UTmBZ4JTLetGDQ1583149586', 1, '2020-03-02 17:16:26', '2020-03-02 17:16:26'),
(209, 1, 81, 'Pxza4dR9m9sDtpV1583149690', 1, '2020-03-02 17:18:10', '2020-03-02 17:18:10'),
(210, 1, 82, 'KEV1OERHPG72ps91583165273', 1, '2020-03-02 21:37:53', '2020-03-02 21:37:53'),
(211, 1, 83, 'eoeqeSHwddcQH0L1583165463', 1, '2020-03-02 21:41:03', '2020-03-02 21:41:03'),
(212, 1, 84, 'wLpmJO1wxK9CdOE1583165796', 1, '2020-03-02 21:46:36', '2020-03-02 21:46:36'),
(213, 1, 85, 'jJ6LajpEXvuYOT31583165873', 1, '2020-03-02 21:47:53', '2020-03-02 21:47:53'),
(214, 1, 86, 'Uf6kXrxDtdIDGzP1583165890', 1, '2020-03-02 21:48:10', '2020-03-02 21:48:10'),
(215, 1, 87, 'WrR2pv5po6YLQCA1583165997', 1, '2020-03-02 21:49:57', '2020-03-02 21:49:57'),
(216, 1, 88, '3Mihql8w5JjlCSb1583166434', 1, '2020-03-02 21:57:14', '2020-03-02 21:57:14'),
(217, 1, 89, 'VKG0xsq2yPFNOAo1583292901', 1, '2020-03-04 09:05:01', '2020-03-04 09:05:01'),
(218, 1, 90, 'b5fLTGULKu6nKOF1583293008', 1, '2020-03-04 09:06:48', '2020-03-04 09:06:48'),
(219, 1, 91, '8UMOOdA05RY9Y151583405391', 1, '2020-03-05 16:19:51', '2020-03-05 16:19:51'),
(220, 1, 96, 'TdbSnn9vfzhaQu11612862275', 1, '2021-02-09 14:47:55', '2021-02-09 14:47:55'),
(221, 1, 98, 'UL0VURafi9KTe2m1613072105', 1, '2021-02-12 01:05:05', '2021-02-12 01:05:05'),
(222, 1, 99, 'd1rKoUcrOA60GoJ1613468472', 1, '2021-02-16 15:11:12', '2021-02-16 15:11:12'),
(223, 1, 100, 'mnIwoEuFXSCsr3x1613546483', 1, '2021-02-17 12:51:23', '2021-02-17 12:51:23'),
(224, 1, 101, 'djKHF0KpWPs8Kmx1613547068', 1, '2021-02-17 13:01:08', '2021-02-17 13:01:08'),
(225, 1, 102, 'UiemAF1MuN26bMs1613611782', 1, '2021-02-18 06:59:42', '2021-02-18 06:59:42'),
(226, 1, 103, 'FPf8s3vfpkVGpRI1614310664', 1, '2021-02-26 09:07:44', '2021-02-26 09:07:44'),
(227, 1, 104, 'MjpnuD4QhWidPFM1614412460', 1, '2021-02-27 13:24:20', '2021-02-27 13:24:20'),
(228, 1, 105, 'HlE5AAgGlIHrxAF1614425364', 1, '2021-02-27 16:59:24', '2021-02-27 16:59:24'),
(229, 1, 106, '6TD6iqIWv68RAQP1615259831', 1, '2021-03-09 08:47:11', '2021-03-09 08:47:11'),
(230, 1, 107, '7tep9WWyjQbfi9O1615549508', 1, '2021-03-12 17:15:08', '2021-03-12 17:15:08'),
(231, 1, 108, 'isUyPAHnWXnXZ7I1618815479', 1, '2021-04-19 12:27:59', '2021-04-19 12:27:59'),
(232, 1, 109, '28ZEGEvtNrtGbyQ1619354994', 1, '2021-04-25 18:19:54', '2021-04-25 18:19:54'),
(233, 1, 110, 'iCnmXVQNHobw2UF1619481171', 1, '2021-04-27 05:22:51', '2021-04-27 05:22:51'),
(234, 1, 111, 'pTfz9mFI4qytAkN1619581001', 1, '2021-04-28 09:06:41', '2021-04-28 09:06:41');

-- --------------------------------------------------------

--
-- Table structure for table `kr_reviewparameter`
--

CREATE TABLE `kr_reviewparameter` (
  `ParameterId` int(11) NOT NULL,
  `ParameterTitel` varchar(255) NOT NULL,
  `TotalValue` int(1) NOT NULL DEFAULT '5',
  `IsActive` int(1) NOT NULL,
  `UserId` int(2) NOT NULL,
  `CreateDate` datetime NOT NULL,
  `ModifiedDate` datetime NOT NULL
) ENGINE=InnoDB DEFAULT CHARSET=latin1;

--
-- Dumping data for table `kr_reviewparameter`
--

INSERT INTO `kr_reviewparameter` (`ParameterId`, `ParameterTitel`, `TotalValue`, `IsActive`, `UserId`, `CreateDate`, `ModifiedDate`) VALUES
(1, 'Quality', 5, 1, 1, '0000-00-00 00:00:00', '2018-11-08 14:24:21'),
(2, 'Price', 5, 1, 2, '0000-00-00 00:00:00', '2018-11-05 16:40:49'),
(3, 'Delivery', 5, 2, 1, '2018-11-08 13:41:53', '2018-11-08 13:42:12');

-- --------------------------------------------------------

--
-- Table structure for table `kr_reviewparametervalue`
--

CREATE TABLE `kr_reviewparametervalue` (
  `ParameterValueId` int(11) NOT NULL,
  `ReviewId` int(11) NOT NULL,
  `ParameterId` int(11) NOT NULL,
  `Value` int(2) NOT NULL
) ENGINE=InnoDB DEFAULT CHARSET=latin1;

-- --------------------------------------------------------

--
-- Table structure for table `kr_roles`
--

CREATE TABLE `kr_roles` (
  `RoleId` int(11) NOT NULL,
  `RoleName` varchar(50) NOT NULL,
  `IsActive` tinyint(1) NOT NULL DEFAULT '1',
  `IsRestrict` int(11) NOT NULL DEFAULT '0',
  `UserId` int(11) DEFAULT NULL,
  `CreatedDate` datetime NOT NULL,
  `ModifiedDate` datetime DEFAULT NULL
) ENGINE=InnoDB DEFAULT CHARSET=latin1;

--
-- Dumping data for table `kr_roles`
--

INSERT INTO `kr_roles` (`RoleId`, `RoleName`, `IsActive`, `IsRestrict`, `UserId`, `CreatedDate`, `ModifiedDate`) VALUES
(1, 'Super Admin', 1, 1, 1, '2013-11-22 15:02:22', '2014-09-12 03:13:04'),
(2, 'Super Administrator', 1, 0, 1, '2016-03-09 09:59:05', '0000-00-00 00:00:00'),
(3, 'Role1', 1, 0, 1, '2016-03-09 10:20:29', '0000-00-00 00:00:00'),
(4, 'role 2', 2, 0, 7, '2016-04-16 16:56:56', '2016-04-16 00:00:00'),
(5, 'Tester', 1, 0, 7, '2016-05-04 17:20:46', '2016-05-05 00:00:00'),
(6, 'Test role', 1, 0, 8, '2016-05-05 12:54:58', '2016-05-19 00:00:00'),
(7, 'rtyry', 2, 0, 8, '2016-05-19 17:34:55', '2016-05-19 00:00:00'),
(8, 'testrole15034', 2, 0, 16, '0000-00-00 00:00:00', '0000-00-00 00:00:00'),
(9, 'Testing', 1, 0, 15, '0000-00-00 00:00:00', '2020-08-26 11:09:34'),
(10, 'Testk', 2, 0, 15, '0000-00-00 00:00:00', '2020-08-12 15:18:00'),
(11, 'kalai', 2, 0, 1, '2020-12-22 16:48:37', '2020-12-22 16:48:44');

-- --------------------------------------------------------

--
-- Table structure for table `kr_shippingmethods`
--

CREATE TABLE `kr_shippingmethods` (
  `shippingId` int(11) NOT NULL,
  `shippingName` varchar(50) DEFAULT NULL,
  `shippingDesc` varchar(100) DEFAULT NULL,
  `shippingCode` varchar(50) DEFAULT NULL,
  `shippingPage` varchar(256) DEFAULT NULL,
  `modelname` varchar(255) NOT NULL,
  `shippingimage` varchar(255) NOT NULL,
  `sortby` int(11) NOT NULL,
  `IsActive` tinyint(1) DEFAULT NULL,
  `createdDate` datetime NOT NULL,
  `modifiedDate` datetime NOT NULL,
  `UserId` int(11) DEFAULT NULL
) ENGINE=InnoDB DEFAULT CHARSET=latin1;

--
-- Dumping data for table `kr_shippingmethods`
--

INSERT INTO `kr_shippingmethods` (`shippingId`, `shippingName`, `shippingDesc`, `shippingCode`, `shippingPage`, `modelname`, `shippingimage`, `sortby`, `IsActive`, `createdDate`, `modifiedDate`, `UserId`) VALUES
(1, 'Shipping by road 5%', 'Shipping', 'flat', 'shippingflat_mng.php', 'shippingflat_model', '15535939218truck.png', 1, 1, '2016-04-29 15:35:10', '2020-08-26 16:07:28', 1),
(2, 'Free Shipping', 'Free Shipping', 'free', 'shippingfree_mng.php', 'shippingfree_model', '15535939437gift.png', 31, 1, '2016-05-03 15:21:52', '2020-08-17 16:49:00', 15),
(3, 'Shipping by Air 10%', 'Shipping', 'flatair', 'shippingflatair_mng.php', 'shippingflatair_model', '1554902427315548119222plane.png', 2, 2, '2019-04-10 18:41:17', '2020-08-26 16:07:26', 1);

-- --------------------------------------------------------

--
-- Table structure for table `kr_shipping_flat`
--

CREATE TABLE `kr_shipping_flat` (
  `flatshippingId` int(11) NOT NULL,
  `shippingId` int(11) NOT NULL,
  `pricetype` int(11) NOT NULL,
  `shippingTitle` varchar(100) DEFAULT NULL,
  `orderMinimum` decimal(15,2) DEFAULT NULL,
  `defaultValue` decimal(15,2) DEFAULT NULL,
  `shippingCost` decimal(15,2) DEFAULT NULL,
  `shippingRates` varchar(1000) DEFAULT NULL,
  `taxId` int(11) DEFAULT NULL,
  `customer_group_id` int(11) DEFAULT NULL,
  `commentsRequired` tinyint(1) DEFAULT NULL,
  `countryid` varchar(500) DEFAULT NULL,
  `stateid` varchar(1000) DEFAULT NULL,
  `cityid` varchar(255) DEFAULT NULL,
  `pincodeid` text NOT NULL,
  `IsActive` tinyint(1) NOT NULL,
  `createdDate` datetime NOT NULL,
  `modifiedDate` timestamp NOT NULL DEFAULT CURRENT_TIMESTAMP ON UPDATE CURRENT_TIMESTAMP,
  `UserId` int(11) NOT NULL,
  `sortingOrder` int(5) NOT NULL,
  `shippingFld1` varchar(100) DEFAULT NULL,
  `shippingFld2` varchar(100) DEFAULT NULL
) ENGINE=InnoDB DEFAULT CHARSET=latin1;

--
-- Dumping data for table `kr_shipping_flat`
--

INSERT INTO `kr_shipping_flat` (`flatshippingId`, `shippingId`, `pricetype`, `shippingTitle`, `orderMinimum`, `defaultValue`, `shippingCost`, `shippingRates`, `taxId`, `customer_group_id`, `commentsRequired`, `countryid`, `stateid`, `cityid`, `pincodeid`, `IsActive`, `createdDate`, `modifiedDate`, `UserId`, `sortingOrder`, `shippingFld1`, `shippingFld2`) VALUES
(1, 1, 1, 'Flatshipping', 0.00, NULL, 5.00, NULL, NULL, 0, NULL, '1', '1', '1', '1,2', 1, '2019-02-13 00:00:00', '2020-10-07 18:30:00', 1, 1, NULL, NULL),
(2, 2, 0, 'Free shipping', 1.00, NULL, 0.00, NULL, NULL, 0, NULL, NULL, NULL, '1', '1', 1, '2019-02-14 00:00:00', '2021-02-03 13:19:04', 1, 2, NULL, NULL),
(3, 3, 1, 'Flatairshipping', 0.00, NULL, 10.00, NULL, NULL, 0, NULL, '', '', NULL, '', 1, '2019-04-09 00:00:00', '2019-04-09 13:16:34', 16, 1, NULL, NULL);

-- --------------------------------------------------------

--
-- Table structure for table `kr_shipping_flat_states`
--

CREATE TABLE `kr_shipping_flat_states` (
  `flatcountryId` int(11) NOT NULL,
  `flatshippingId` int(11) NOT NULL,
  `countryid` varchar(100) DEFAULT NULL,
  `stateid` varchar(2000) DEFAULT NULL,
  `IsActive` tinyint(1) NOT NULL,
  `createdDate` datetime NOT NULL,
  `modifiedDate` timestamp NOT NULL DEFAULT CURRENT_TIMESTAMP ON UPDATE CURRENT_TIMESTAMP,
  `UserId` int(11) NOT NULL
) ENGINE=InnoDB DEFAULT CHARSET=latin1;

--
-- Dumping data for table `kr_shipping_flat_states`
--

INSERT INTO `kr_shipping_flat_states` (`flatcountryId`, `flatshippingId`, `countryid`, `stateid`, `IsActive`, `createdDate`, `modifiedDate`, `UserId`) VALUES
(1, 1, '4,1', '6,1', 1, '2016-05-03 00:00:00', '0000-00-00 00:00:00', 8);

-- --------------------------------------------------------

--
-- Table structure for table `kr_smsgateway`
--

CREATE TABLE `kr_smsgateway` (
  `smsgatewayid` int(11) NOT NULL,
  `gateway_url` text NOT NULL,
  `gateway_str1` text NOT NULL,
  `gateway_str2` text NOT NULL,
  `gateway_enable` int(11) NOT NULL,
  `otpsms_enable` int(11) NOT NULL,
  `ordersms_enable` int(11) NOT NULL,
  `registersms_enable` int(11) NOT NULL,
  `UserId` int(11) NOT NULL,
  `createddate` datetime NOT NULL,
  `modifieddate` timestamp NOT NULL DEFAULT CURRENT_TIMESTAMP ON UPDATE CURRENT_TIMESTAMP
) ENGINE=InnoDB DEFAULT CHARSET=latin1;

--
-- Dumping data for table `kr_smsgateway`
--

INSERT INTO `kr_smsgateway` (`smsgatewayid`, `gateway_url`, `gateway_str1`, `gateway_str2`, `gateway_enable`, `otpsms_enable`, `ordersms_enable`, `registersms_enable`, `UserId`, `createddate`, `modifieddate`) VALUES
(1, 'test', 'we', 'dsfd', 0, 0, 0, 0, 1, '2018-11-08 19:37:10', '2018-11-08 14:07:16');

-- --------------------------------------------------------

--
-- Table structure for table `kr_sortby`
--

CREATE TABLE `kr_sortby` (
  `SortId` int(11) NOT NULL,
  `SortName` varchar(100) NOT NULL,
  `IsActive` int(11) NOT NULL DEFAULT '1',
  `sortby` int(11) NOT NULL,
  `UserId` int(11) NOT NULL DEFAULT '1',
  `CreatedDate` datetime NOT NULL,
  `ModifiedDate` datetime NOT NULL
) ENGINE=InnoDB DEFAULT CHARSET=latin1;

--
-- Dumping data for table `kr_sortby`
--

INSERT INTO `kr_sortby` (`SortId`, `SortName`, `IsActive`, `sortby`, `UserId`, `CreatedDate`, `ModifiedDate`) VALUES
(1, 'Name (A - Z)', 1, 0, 1, '2018-12-27 00:00:00', '2018-12-27 00:00:00'),
(2, 'Name (Z - A)', 1, 0, 1, '2018-12-27 00:00:00', '2018-12-27 00:00:00'),
(3, 'Price (Low to High)', 1, 0, 1, '2018-12-27 00:00:00', '2018-12-27 00:00:00'),
(4, 'Price (High to Low)', 1, 0, 1, '2018-12-27 00:00:00', '2018-12-27 00:00:00'),
(5, 'MOQ (Low to High)', 1, 0, 1, '2018-12-27 00:00:00', '2018-12-27 00:00:00'),
(6, 'MOQ (High to Low)', 1, 0, 1, '2018-12-27 00:00:00', '2018-12-27 00:00:00');

-- --------------------------------------------------------

--
-- Table structure for table `kr_state`
--

CREATE TABLE `kr_state` (
  `stateid` int(11) NOT NULL,
  `countryid` int(11) DEFAULT NULL,
  `statename` varchar(255) NOT NULL,
  `taxcode` varchar(255) NOT NULL,
  `IsActive` int(11) DEFAULT NULL,
  `UserId` int(11) DEFAULT NULL,
  `CreatedDate` datetime NOT NULL,
  `ModifiedDate` datetime NOT NULL
) ENGINE=InnoDB DEFAULT CHARSET=latin1;

--
-- Dumping data for table `kr_state`
--

INSERT INTO `kr_state` (`stateid`, `countryid`, `statename`, `taxcode`, `IsActive`, `UserId`, `CreatedDate`, `ModifiedDate`) VALUES
(1, 1, 'Tamil Nadu', '33', 1, 22, '2016-04-19 18:19:46', '2018-12-17 12:54:42'),
(2, 1, 'Kerala', '', 2, 22, '2016-04-19 17:07:19', '2018-12-17 13:01:34'),
(3, 4, 'Queensland', '', 2, 16, '2016-05-06 11:06:23', '2019-05-07 18:25:13'),
(4, 4, 'tester', '', 2, 6, '2016-04-16 15:14:39', '0000-00-00 00:00:00'),
(6, 4, 'Western Australia', '', 2, 1, '2016-05-06 11:06:06', '2018-11-08 15:48:05'),
(11, 16, 'Jurong East', '', 2, 6, '2016-06-07 11:06:49', '0000-00-00 00:00:00'),
(12, 16, 'Jurong West', '', 2, 6, '2016-06-07 11:06:52', '0000-00-00 00:00:00'),
(13, 17, 'Egypt', '', 2, 7, '2016-05-07 12:22:36', '0000-00-00 00:00:00'),
(15, 16, 'Southeast Asia', '', 1, 22, '2016-06-07 11:53:43', '0000-00-00 00:00:00'),
(16, 3, 'Dhaka', '18', 2, 16, '2016-06-07 11:56:32', '2019-05-07 18:25:32'),
(17, 1, 'test', '', 2, 1, '2018-11-08 15:44:04', '2018-11-08 15:44:17'),
(18, 1, 'test', '18', 2, 16, '2018-12-13 19:55:56', '2018-12-13 19:56:13'),
(19, 1, 'Uttar Pradesh', '09', 1, 16, '2018-12-17 12:59:40', '2019-05-03 13:03:40'),
(20, 1, 'Tamil naduu', '33', 2, 22, '2018-12-19 15:27:03', '2018-12-19 15:27:07'),
(21, 1, 'Andhra Pradesh', '456', 1, 16, '2018-12-23 16:03:01', '2019-05-03 12:58:14'),
(22, 1, 'state1503', '+91', 2, 16, '2019-03-15 11:51:48', '2019-03-15 11:52:29'),
(23, 1, 'Arunachal Pradesh', '1', 1, 16, '2019-05-03 12:58:41', '2019-05-03 12:58:41'),
(24, 1, 'Assam', '1', 1, 16, '2019-05-03 12:58:51', '2019-05-03 12:58:51'),
(25, 1, 'Bihar', '1', 1, 16, '2019-05-03 12:58:59', '2019-05-03 12:58:59'),
(26, 1, 'Chhattisgarh', '1', 1, 16, '2019-05-03 12:59:06', '2019-05-03 12:59:06'),
(27, 1, 'Goa', '1', 1, 16, '2019-05-03 12:59:13', '2019-05-03 12:59:13'),
(28, 1, 'Gujarat', '1', 1, 16, '2019-05-03 12:59:20', '2019-05-03 12:59:20'),
(29, 1, 'Haryana', '1', 1, 16, '2019-05-03 12:59:28', '2019-05-03 12:59:28'),
(30, 1, 'Himachal Pradesh', '1', 1, 16, '2019-05-03 13:01:02', '2019-05-03 13:01:02'),
(31, 1, 'Jammu and Kashmir', '1', 1, 16, '2019-05-03 13:01:10', '2019-05-03 13:01:10'),
(32, 1, 'Jharkhand', '1', 1, 16, '2019-05-03 13:01:18', '2019-05-03 13:01:18'),
(33, 1, 'Karnataka', '1', 1, 16, '2019-05-03 13:01:24', '2019-05-03 13:01:24'),
(34, 1, 'Kerala', '1', 1, 16, '2019-05-03 13:01:32', '2019-05-03 13:01:32'),
(35, 1, 'Madhya Pradesh', '1', 1, 16, '2019-05-03 13:01:41', '2019-05-03 13:01:41'),
(36, 1, 'Maharashtra', '1', 1, 16, '2019-05-03 13:01:48', '2019-05-03 13:01:48'),
(37, 1, 'Manipur', '1', 1, 16, '2019-05-03 13:01:54', '2019-05-03 13:01:54'),
(38, 1, 'Meghalaya', '1', 1, 16, '2019-05-03 13:02:01', '2019-05-03 13:02:01'),
(39, 1, 'Mizoram', '1', 1, 16, '2019-05-03 13:02:08', '2019-05-03 13:02:08'),
(40, 1, 'Nagaland', '1', 1, 16, '2019-05-03 13:02:14', '2019-05-03 13:02:14'),
(41, 1, 'Orissa', '1', 1, 16, '2019-05-03 13:02:20', '2019-05-03 13:02:20'),
(42, 1, 'Punjab', '1', 1, 16, '2019-05-03 13:02:26', '2019-05-03 13:02:26'),
(43, 1, 'Rajasthan', '1', 1, 16, '2019-05-03 13:02:32', '2019-05-03 13:02:32'),
(44, 1, 'Sikkim', '1', 1, 16, '2019-05-03 13:02:39', '2019-05-03 13:02:39'),
(45, 1, 'Telagana', '1', 1, 16, '2019-05-03 13:02:48', '2019-05-03 13:02:48'),
(46, 1, 'Tripura', '1', 1, 16, '2019-05-03 13:02:55', '2019-05-03 13:02:55'),
(47, 1, 'Uttaranchal', '1', 1, 16, '2019-05-03 13:03:02', '2019-05-03 13:03:02'),
(48, 1, 'Uttar Pradesh', '1', 2, 16, '2019-05-03 13:03:09', '2019-05-03 13:03:30'),
(49, 1, 'West Bengal', '1', 1, 16, '2019-05-03 13:03:48', '2019-05-03 13:03:48'),
(50, 1, 'Andaman and Nicobar Islands', '1', 1, 16, '2019-05-03 13:03:55', '2019-05-03 13:03:55'),
(51, 1, 'Chandigarh', '1', 1, 16, '2019-05-03 13:04:04', '2019-05-03 13:04:04'),
(52, 1, 'Dadar and Nagar Haveli', '1', 1, 16, '2019-05-03 13:04:11', '2019-05-03 13:04:11'),
(53, 1, 'Daman and Diu', '1', 1, 16, '2019-05-03 13:04:17', '2019-05-03 13:04:17'),
(54, 1, 'Delhi', '1', 1, 16, '2019-05-03 13:04:22', '2019-05-03 13:04:22'),
(55, 1, 'Lakshadeep', '1', 1, 16, '2019-05-03 13:04:29', '2019-05-03 13:04:29'),
(56, 4, 'Pondicherry', '1', 1, 16, '2019-05-03 13:04:41', '2019-05-03 13:04:41'),
(57, 1, 'kk12', '', 2, 15, '2020-08-13 16:14:34', '2020-08-13 16:18:03'),
(58, 1, 'kk', '', 1, 15, '2020-08-13 17:42:19', '0000-00-00 00:00:00'),
(59, 31, 'kkg', 'sdf', 1, 15, '2020-09-02 10:55:34', '2020-09-02 11:00:17');

-- --------------------------------------------------------

--
-- Table structure for table `kr_status`
--

CREATE TABLE `kr_status` (
  `status_id` int(11) NOT NULL,
  `status_name` varchar(255) NOT NULL
) ENGINE=InnoDB DEFAULT CHARSET=latin1;

--
-- Dumping data for table `kr_status`
--

INSERT INTO `kr_status` (`status_id`, `status_name`) VALUES
(0, 'In Active'),
(1, 'Active'),
(2, 'Deleted'),
(3, 'Pending'),
(4, 'Approved'),
(5, 'Declined');

-- --------------------------------------------------------

--
-- Table structure for table `kr_store`
--

CREATE TABLE `kr_store` (
  `StoreId` int(11) NOT NULL,
  `StoreNAme` varchar(250) NOT NULL,
  `IsActive` int(11) NOT NULL,
  `UserId` int(11) NOT NULL,
  `CreatedDate` datetime NOT NULL,
  `ModifiedDate` timestamp NOT NULL DEFAULT CURRENT_TIMESTAMP ON UPDATE CURRENT_TIMESTAMP
) ENGINE=InnoDB DEFAULT CHARSET=latin1;

--
-- Dumping data for table `kr_store`
--

INSERT INTO `kr_store` (`StoreId`, `StoreNAme`, `IsActive`, `UserId`, `CreatedDate`, `ModifiedDate`) VALUES
(1, 'Default', 1, 1, '0000-00-00 00:00:00', '2016-08-08 05:20:37'),
(2, 's1', 1, 1, '0000-00-00 00:00:00', '2016-08-08 05:20:37');

-- --------------------------------------------------------

--
-- Table structure for table `kr_subscribe`
--

CREATE TABLE `kr_subscribe` (
  `subscribeid` int(11) NOT NULL,
  `emailid` varchar(255) NOT NULL,
  `IsActive` tinyint(1) NOT NULL,
  `UserId` int(11) NOT NULL,
  `createddate` datetime NOT NULL,
  `modifiedDate` datetime NOT NULL
) ENGINE=InnoDB DEFAULT CHARSET=latin1;

--
-- Dumping data for table `kr_subscribe`
--

INSERT INTO `kr_subscribe` (`subscribeid`, `emailid`, `IsActive`, `UserId`, `createddate`, `modifiedDate`) VALUES
(1, 'ayanvsa007@gmal.com', 1, 0, '2018-12-20 10:49:20', '2018-12-20 10:49:20'),
(22, 'ashwinraj.pixel@gmail.com', 2, 0, '2019-04-05 10:45:27', '2019-04-05 10:45:27'),
(24, 'kalaivani.pixel@gmail.com', 1, 0, '2020-12-17 12:50:46', '2020-12-17 12:50:46'),
(25, '', 1, 0, '2021-02-10 20:25:04', '2021-02-10 20:25:04'),
(26, 'jitendaryadav100001@gmail.com', 1, 0, '2021-02-15 19:36:56', '2021-02-15 19:36:56'),
(27, 'chintu.bancy@gmail.com', 1, 0, '2021-02-16 15:22:27', '2021-02-16 15:22:27'),
(28, 'sathishgunda309@gmail.com', 1, 0, '2021-02-17 09:12:42', '2021-02-17 09:12:42'),
(29, 'elavazhagan98ev@gamil.com', 1, 0, '2021-02-17 13:02:58', '2021-02-17 13:02:58'),
(30, 'murali.be.eee.1993@gmail.com', 1, 0, '2021-02-18 07:03:57', '2021-02-18 07:03:57'),
(31, 'unaisrenjalady313@gmail.com', 1, 0, '2021-02-18 17:42:13', '2021-02-18 17:42:13'),
(32, 'JAGADEESH@SKYECPHARMA.COM', 1, 0, '2021-02-24 19:11:44', '2021-02-24 19:11:44'),
(33, 'rajeshkapoorbahri@gmail.com', 1, 0, '2021-02-25 13:27:39', '2021-02-25 13:27:39'),
(34, 'mohiyadav@gmail.com', 1, 0, '2021-02-25 14:18:21', '2021-02-25 14:18:21'),
(35, 'rspassionateruchi@gmail.com', 1, 0, '2021-02-25 22:04:48', '2021-02-25 22:04:48'),
(36, 'seemakadam888@gmail.com', 1, 0, '2021-02-27 14:00:43', '2021-02-27 14:00:43'),
(37, 'ahmedapple143@gmail.com', 1, 0, '2021-03-01 10:02:32', '2021-03-01 10:02:32'),
(38, 'rammohank1995@gmail.com', 1, 0, '2021-03-02 15:37:54', '2021-03-02 15:37:54'),
(39, 'vishakhj48@gmail.com', 1, 0, '2021-03-13 13:03:38', '2021-03-13 13:03:38'),
(40, 'qc.sridhar@gmail.com', 1, 0, '2021-03-17 15:02:29', '2021-03-17 15:02:29'),
(41, 'hassanfaizer@gmail.com', 1, 0, '2021-03-25 21:37:47', '2021-03-25 21:37:47'),
(42, 'kavin6148@gmail.com', 1, 0, '2021-03-29 17:04:11', '2021-03-29 17:04:11'),
(43, 'drsanjeevvyas@yahoo.co.in', 1, 0, '2021-03-30 13:44:04', '2021-03-30 13:44:04'),
(44, 'jsiyyappan232@gmail.com', 1, 0, '2021-03-30 18:02:46', '2021-03-30 18:02:46'),
(45, 'nsssvt@gmail.com', 1, 0, '2021-04-09 20:00:02', '2021-04-09 20:00:02'),
(46, 'rajeshkumar77777777777@gmail.com', 1, 0, '2021-04-10 19:12:07', '2021-04-10 19:12:07'),
(47, 'deepakp@dtg-appsinfoscience.in', 1, 0, '2021-04-16 02:20:32', '2021-04-16 02:20:32'),
(48, 'newvisionpure@gmail.com', 1, 0, '2021-04-25 10:19:26', '2021-04-25 10:19:26'),
(49, 'atinnet@gmail.com', 1, 0, '2021-04-25 18:23:12', '2021-04-25 18:23:12'),
(50, 'sathish24670@gmail.com', 1, 0, '2021-05-02 13:17:52', '2021-05-02 13:17:52');

-- --------------------------------------------------------

--
-- Table structure for table `kr_taxmaster`
--

CREATE TABLE `kr_taxmaster` (
  `taxId` int(11) NOT NULL,
  `taxName` varchar(50) NOT NULL,
  `taxDesc` varchar(500) DEFAULT NULL,
  `taxTyp` char(2) NOT NULL,
  `taxRate` float NOT NULL,
  `UserId` int(11) NOT NULL,
  `createdDate` datetime NOT NULL,
  `modifiedDate` datetime NOT NULL,
  `IsActive` tinyint(1) NOT NULL
) ENGINE=InnoDB DEFAULT CHARSET=latin1;

--
-- Dumping data for table `kr_taxmaster`
--

INSERT INTO `kr_taxmaster` (`taxId`, `taxName`, `taxDesc`, `taxTyp`, `taxRate`, `UserId`, `createdDate`, `modifiedDate`, `IsActive`) VALUES
(1, 'GST 14%', 'GST 14%', 'P', 14, 15, '0000-00-00 00:00:00', '2020-09-02 11:08:28', 2),
(2, 'GST 12%', 'GST 12%', 'P', 12, 2, '0000-00-00 00:00:00', '2018-10-27 19:51:14', 1),
(3, 'test_tax11', 'fdefd', 'P', 23, 1, '2018-11-08 12:51:26', '2018-11-08 12:54:54', 2),
(4, 'New tax', '', 'P', 100, 15, '2018-12-06 14:07:12', '2020-09-02 11:08:24', 2),
(5, 'Service Charge', 'A fee is the price one pays as remuneration for rights or services.', 'P', 5.58, 22, '2018-12-17 11:27:43', '2018-12-17 11:30:34', 2),
(6, 'GST 18%', 'Inclusive of GST', 'P', 18, 1, '2018-12-17 11:33:09', '2018-12-18 15:29:12', 2),
(7, 'GST 18%', 'Inclusive of GST', 'P', 18, 22, '2018-12-18 15:33:45', '2018-12-19 10:51:01', 1),
(8, 'GST 18%', 'Inclusive of GST', 'p', 18, 22, '2018-12-18 15:34:47', '2018-12-19 10:50:37', 2),
(9, 'GST 18%', 'Inclusive of GST', 'p', 18, 22, '2018-12-18 17:46:21', '2018-12-19 10:50:40', 2),
(10, 'taxname1503', 'des', 'P', 23, 16, '2019-03-15 11:54:48', '2019-03-15 11:55:09', 2),
(11, 'GST 28%', 'Inclusive of GST', 'p', 28, 15, '2019-04-12 19:07:57', '2020-09-02 11:08:30', 2),
(12, 'GST 7%', 'Inclusive of GST', 'P', 30, 15, '2019-04-12 19:11:05', '2020-09-02 11:08:33', 2),
(13, 'GST 5%', 'GST 5%', 'P', 12, 17, '2019-05-30 16:06:16', '2019-05-30 16:06:16', 1),
(14, 'kkk', 'kkk', 'P', 5, 1, '2020-08-14 18:38:56', '2020-08-14 18:39:21', 2),
(15, 'Test', 'sdf', 'P', 100, 15, '2020-09-02 11:08:43', '0000-00-00 00:00:00', 1),
(16, 'GST 4%', 'Inclusive of GST', 'p', 4, 1, '2020-09-04 11:32:16', '2020-09-04 11:32:16', 1),
(17, 'No Tax', 'Test', 'F', 0, 1, '2020-12-29 15:41:14', '0000-00-00 00:00:00', 1);

-- --------------------------------------------------------

--
-- Table structure for table `kr_themesetup`
--

CREATE TABLE `kr_themesetup` (
  `themeid` int(11) NOT NULL,
  `themename` varchar(255) NOT NULL,
  `themeimage` text NOT NULL,
  `IsActive` int(11) NOT NULL,
  `CreatedDate` datetime NOT NULL,
  `ModifiedDate` datetime NOT NULL DEFAULT CURRENT_TIMESTAMP ON UPDATE CURRENT_TIMESTAMP
) ENGINE=MyISAM DEFAULT CHARSET=latin1;

--
-- Dumping data for table `kr_themesetup`
--

INSERT INTO `kr_themesetup` (`themeid`, `themename`, `themeimage`, `IsActive`, `CreatedDate`, `ModifiedDate`) VALUES
(1, 'Theme 1', 'theme1.png', 1, '2020-10-08 11:56:33', '2020-12-28 13:46:30'),
(2, 'Theme 2', 'theme2.png', 1, '2020-10-08 11:56:44', '2020-12-28 13:46:49'),
(3, 'Theme 3', 'theme3.png', 1, '2020-10-08 11:56:54', '2020-12-28 13:47:10');

-- --------------------------------------------------------

--
-- Table structure for table `kr_userlog`
--

CREATE TABLE `kr_userlog` (
  `LogId` int(11) NOT NULL,
  `UserId` int(11) DEFAULT NULL,
  `Username` varchar(100) NOT NULL,
  `Type` varchar(100) DEFAULT NULL,
  `Id` int(11) DEFAULT NULL,
  `ColName` longtext,
  `Operation` varchar(50) NOT NULL,
  `OldValue` longtext,
  `NewValue` longtext,
  `Module` longtext NOT NULL,
  `Comment` longtext NOT NULL,
  `LoggedDate` timestamp NOT NULL DEFAULT CURRENT_TIMESTAMP
) ENGINE=InnoDB DEFAULT CHARSET=latin1;

-- --------------------------------------------------------

--
-- Table structure for table `kr_users`
--

CREATE TABLE `kr_users` (
  `user_ID` int(11) NOT NULL,
  `user_firstname` varchar(255) NOT NULL,
  `user_lastname` varchar(100) DEFAULT NULL,
  `user_name` varchar(255) NOT NULL,
  `user_pwd` varchar(255) NOT NULL,
  `user_email` varchar(50) NOT NULL,
  `user_mobile` varchar(255) NOT NULL,
  `RoleId` int(11) NOT NULL,
  `user_photo` text NOT NULL,
  `IsNotify` int(11) NOT NULL DEFAULT '0',
  `IsActive` int(11) NOT NULL,
  `createddate` datetime NOT NULL,
  `modifieddate` datetime NOT NULL,
  `UserId` int(11) NOT NULL
) ENGINE=InnoDB DEFAULT CHARSET=latin1 COMMENT='Admin user list';

--
-- Dumping data for table `kr_users`
--

INSERT INTO `kr_users` (`user_ID`, `user_firstname`, `user_lastname`, `user_name`, `user_pwd`, `user_email`, `user_mobile`, `RoleId`, `user_photo`, `IsNotify`, `IsActive`, `createddate`, `modifieddate`, `UserId`) VALUES
(1, 'kalai', 'vani', 'kalaivani.pixel@gmail.com', '827ccb0eea8a706c4c34a16891f84e7b', 'kalaivani.pixel@gmail.com', '', 1, '14625376007Bug.JPG', 0, 1, '2016-03-08 00:00:00', '2016-10-04 04:45:18', 5),
(15, 'Pixel', 'user', 'user@inbase.com', '827ccb0eea8a706c4c34a16891f84e7b', 'user@inbase.com', '', 1, '14625376007Bug.JPG', 0, 1, '2016-03-08 00:00:00', '2016-10-04 04:45:18', 5),
(16, 'Pixel', 'user1', 'pixeluser@inbase.com', '827ccb0eea8a706c4c34a16891f84e7b', 'pixeluser@inbase.com', '', 1, '14625376007Bug.JPG', 0, 1, '2016-03-08 00:00:00', '2016-10-04 04:45:18', 5),
(17, 'Super', 'Admin', 'superadmin@kiran.com', '827ccb0eea8a706c4c34a16891f84e7b', 'superadmin@kiran.com', '9566218714', 2, '159902508081553346758110.jpg', 0, 1, '2018-12-04 15:19:35', '2021-05-11 17:35:59', 1),
(22, 'Ashwin', 'Raj', 'qa@pixel.com', '827ccb0eea8a706c4c34a16891f84e7b', 'qa@pixel.com', '', 1, '154476396924.png', 0, 1, '2016-03-08 00:00:00', '2018-12-14 10:36:34', 22),
(26, 'Ms.', 'Manju', 'marketing@kiran.com', '0fd1c20e420f1fa3138b5d844cd07c86', 'marketing@kiran.com', '0123456789', 2, '1597829065315955635742gps_mob.png', 0, 1, '2019-09-24 15:59:48', '2021-05-11 17:36:16', 1);

-- --------------------------------------------------------

--
-- Table structure for table `kr_user_acl`
--

CREATE TABLE `kr_user_acl` (
  `acl_Id` int(11) NOT NULL,
  `RoleId` int(11) NOT NULL,
  `ModuleMenuId` int(11) NOT NULL COMMENT 'reference for menu',
  `AddPrm` int(11) NOT NULL,
  `EditPrm` int(11) NOT NULL,
  `ViewPrm` int(11) NOT NULL,
  `ApprovalPrm` int(2) NOT NULL,
  `DeletePrm` int(11) NOT NULL,
  `ExpoPrm` int(11) DEFAULT NULL,
  `IsActive` int(2) NOT NULL,
  `createdDate` datetime NOT NULL,
  `modifiedDate` datetime NOT NULL,
  `user_id` int(11) NOT NULL
) ENGINE=InnoDB DEFAULT CHARSET=latin1 COMMENT='ACL control for each user';

--
-- Dumping data for table `kr_user_acl`
--

INSERT INTO `kr_user_acl` (`acl_Id`, `RoleId`, `ModuleMenuId`, `AddPrm`, `EditPrm`, `ViewPrm`, `ApprovalPrm`, `DeletePrm`, `ExpoPrm`, `IsActive`, `createdDate`, `modifiedDate`, `user_id`) VALUES
(1, 1, 1, 1, 1, 1, 1, 1, 1, 1, '2016-03-08 00:00:00', '2016-05-27 15:33:45', 8),
(2, 1, 2, 1, 1, 1, 1, 1, 1, 1, '2016-03-08 00:00:00', '2016-05-27 15:33:45', 8),
(3, 1, 3, 1, 1, 1, 1, 1, 1, 1, '2016-03-08 00:00:00', '2016-05-27 15:33:45', 8),
(4, 1, 4, 1, 1, 1, 1, 1, 1, 1, '2016-03-08 00:00:00', '2016-05-27 15:33:45', 8),
(5, 1, 5, 1, 1, 1, 1, 1, 1, 1, '2016-03-08 00:00:00', '2016-05-27 15:33:45', 8),
(6, 1, 6, 1, 1, 1, 1, 1, 1, 1, '2016-03-08 00:00:00', '2016-05-27 15:33:46', 8),
(7, 1, 8, 1, 1, 1, 1, 1, 1, 1, '0000-00-00 00:00:00', '2016-05-27 15:33:46', 8),
(8, 1, 9, 1, 1, 1, 1, 1, 1, 1, '0000-00-00 00:00:00', '2016-05-27 15:33:46', 8),
(9, 1, 10, 1, 1, 1, 1, 1, 1, 1, '0000-00-00 00:00:00', '2016-05-27 15:33:46', 8),
(10, 1, 11, 1, 1, 1, 1, 1, 1, 1, '0000-00-00 00:00:00', '2016-03-09 16:45:04', 1),
(11, 1, 12, 1, 1, 1, 1, 1, 1, 1, '0000-00-00 00:00:00', '2016-03-09 16:45:04', 1),
(12, 3, 8, 0, 0, 0, 0, 0, NULL, 0, '0000-00-00 00:00:00', '2019-08-22 00:00:00', 1),
(13, 3, 9, 0, 0, 0, 0, 0, NULL, 0, '0000-00-00 00:00:00', '2019-08-22 00:00:00', 1),
(14, 3, 10, 0, 0, 0, 0, 0, NULL, 0, '0000-00-00 00:00:00', '2019-08-22 00:00:00', 1),
(15, 2, 1, 0, 0, 0, 0, 0, NULL, 0, '0000-00-00 00:00:00', '2019-06-07 00:00:00', 1),
(16, 2, 2, 0, 0, 0, 0, 0, NULL, 0, '0000-00-00 00:00:00', '2019-06-07 00:00:00', 1),
(17, 2, 3, 0, 0, 0, 0, 0, NULL, 0, '0000-00-00 00:00:00', '2019-06-07 00:00:00', 1),
(18, 2, 4, 1, 1, 1, 0, 1, NULL, 1, '0000-00-00 00:00:00', '2019-06-07 00:00:00', 1),
(19, 2, 5, 1, 1, 1, 0, 1, NULL, 1, '0000-00-00 00:00:00', '2019-06-07 00:00:00', 1),
(20, 2, 6, 1, 1, 1, 0, 1, NULL, 1, '0000-00-00 00:00:00', '2019-06-07 00:00:00', 1),
(21, 2, 8, 1, 1, 1, 0, 0, NULL, 1, '0000-00-00 00:00:00', '2019-06-07 00:00:00', 1),
(22, 2, 9, 1, 1, 1, 0, 0, NULL, 1, '0000-00-00 00:00:00', '2019-06-07 00:00:00', 1),
(23, 2, 10, 1, 1, 1, 0, 0, NULL, 1, '0000-00-00 00:00:00', '2019-06-07 00:00:00', 1),
(24, 2, 13, 1, 1, 1, 0, 0, NULL, 1, '0000-00-00 00:00:00', '2019-06-07 00:00:00', 1),
(25, 2, 14, 0, 0, 0, 0, 0, NULL, 0, '0000-00-00 00:00:00', '2019-06-07 00:00:00', 1),
(26, 2, 15, 1, 1, 1, 0, 1, NULL, 1, '0000-00-00 00:00:00', '2016-05-19 10:29:56', 5),
(27, 2, 16, 1, 1, 1, 1, 1, NULL, 1, '0000-00-00 00:00:00', '2016-04-18 10:32:32', 7),
(28, 1, 13, 1, 1, 1, 0, 1, NULL, 1, '0000-00-00 00:00:00', '2016-05-27 15:33:46', 8),
(29, 1, 14, 1, 1, 1, 0, 1, NULL, 1, '0000-00-00 00:00:00', '2016-05-27 15:33:46', 8),
(30, 1, 15, 1, 1, 1, 0, 1, NULL, 1, '0000-00-00 00:00:00', '2016-05-20 13:14:08', 8),
(31, 1, 16, 1, 1, 1, 1, 1, NULL, 1, '0000-00-00 00:00:00', '2016-04-22 15:49:28', 2),
(32, 2, 17, 0, 0, 0, 0, 0, NULL, 0, '0000-00-00 00:00:00', '2018-12-07 00:00:00', 1),
(33, 3, 13, 0, 0, 0, 0, 0, NULL, 0, '0000-00-00 00:00:00', '2019-08-22 00:00:00', 1),
(34, 3, 14, 0, 0, 0, 0, 0, NULL, 0, '0000-00-00 00:00:00', '2019-08-22 00:00:00', 1),
(35, 3, 15, 1, 1, 1, 0, 1, NULL, 1, '0000-00-00 00:00:00', '2016-04-28 12:00:04', 5),
(36, 3, 16, 1, 1, 1, 1, 1, NULL, 1, '0000-00-00 00:00:00', '2016-03-15 16:49:10', 3),
(37, 3, 17, 1, 1, 1, 0, 1, NULL, 1, '0000-00-00 00:00:00', '2016-04-28 12:00:04', 5),
(38, 1, 17, 0, 0, 0, 0, 0, NULL, 0, '0000-00-00 00:00:00', '2016-05-27 15:33:46', 8),
(39, 2, 18, 1, 0, 1, 0, 0, NULL, 1, '0000-00-00 00:00:00', '2019-06-07 00:00:00', 1),
(40, 1, 18, 0, 0, 0, 0, 0, NULL, 0, '0000-00-00 00:00:00', '2016-05-27 15:33:46', 8),
(41, 1, 19, 1, 1, 1, 0, 1, NULL, 1, '0000-00-00 00:00:00', '2016-05-27 15:33:46', 8),
(42, 2, 19, 1, 1, 1, 0, 1, NULL, 1, '0000-00-00 00:00:00', '2019-06-07 00:00:00', 1),
(43, 1, 20, 1, 1, 1, 0, 1, NULL, 1, '0000-00-00 00:00:00', '2016-05-27 15:33:46', 8),
(44, 2, 20, 1, 1, 1, 0, 1, NULL, 1, '0000-00-00 00:00:00', '2019-06-07 00:00:00', 1),
(45, 1, 21, 0, 0, 0, 0, 0, NULL, 0, '0000-00-00 00:00:00', '2016-05-27 15:33:47', 8),
(46, 2, 21, 0, 0, 0, 0, 0, NULL, 0, '0000-00-00 00:00:00', '2018-12-07 00:00:00', 1),
(47, 1, 22, 0, 0, 0, 0, 0, NULL, 0, '0000-00-00 00:00:00', '2016-05-27 15:33:47', 8),
(48, 2, 22, 0, 0, 0, 0, 0, NULL, 0, '0000-00-00 00:00:00', '2018-12-07 00:00:00', 1),
(49, 1, 23, 1, 1, 1, 0, 1, NULL, 1, '0000-00-00 00:00:00', '2016-04-16 16:35:25', 1),
(50, 2, 23, 1, 1, 1, 0, 1, NULL, 1, '0000-00-00 00:00:00', '2016-04-18 10:32:33', 7),
(51, 1, 24, 1, 1, 1, 0, 1, NULL, 1, '0000-00-00 00:00:00', '2016-03-15 14:25:02', 1),
(52, 2, 24, 1, 1, 1, 0, 1, NULL, 1, '0000-00-00 00:00:00', '2016-03-15 14:24:49', 1),
(53, 2, 25, 1, 1, 1, 0, 1, NULL, 1, '0000-00-00 00:00:00', '2016-04-18 10:32:33', 7),
(54, 1, 25, 1, 1, 1, 0, 1, NULL, 1, '0000-00-00 00:00:00', '2016-04-16 16:35:25', 1),
(55, 3, 4, 0, 0, 0, 0, 0, NULL, 0, '0000-00-00 00:00:00', '2019-08-22 00:00:00', 1),
(56, 3, 5, 0, 0, 0, 0, 0, NULL, 0, '0000-00-00 00:00:00', '2019-08-22 00:00:00', 1),
(57, 3, 6, 0, 0, 0, 0, 0, NULL, 0, '0000-00-00 00:00:00', '2019-08-22 00:00:00', 1),
(58, 3, 18, 0, 0, 0, 0, 0, NULL, 0, '0000-00-00 00:00:00', '2019-08-22 00:00:00', 1),
(59, 3, 19, 1, 1, 1, 0, 1, NULL, 1, '0000-00-00 00:00:00', '2019-08-22 00:00:00', 1),
(60, 3, 20, 1, 1, 1, 0, 1, NULL, 1, '0000-00-00 00:00:00', '2019-08-22 00:00:00', 1),
(61, 3, 21, 1, 1, 1, 0, 1, NULL, 1, '0000-00-00 00:00:00', '2016-04-28 12:00:04', 5),
(62, 3, 22, 1, 1, 1, 0, 1, NULL, 1, '0000-00-00 00:00:00', '2016-04-28 12:00:04', 5),
(63, 3, 25, 1, 1, 1, 0, 1, NULL, 1, '0000-00-00 00:00:00', '2016-03-15 16:49:11', 3),
(64, 3, 26, 1, 1, 1, 0, 1, NULL, 1, '0000-00-00 00:00:00', '2016-04-28 12:00:05', 5),
(65, 3, 23, 1, 1, 1, 0, 1, NULL, 1, '0000-00-00 00:00:00', '2016-03-15 16:49:11', 3),
(66, 3, 24, 1, 1, 1, 0, 1, NULL, 1, '0000-00-00 00:00:00', '2016-03-15 11:12:53', 1),
(67, 2, 26, 0, 0, 0, 0, 0, NULL, 0, '0000-00-00 00:00:00', '2018-12-07 00:00:00', 1),
(68, 1, 26, 0, 0, 0, 0, 0, NULL, 0, '0000-00-00 00:00:00', '2016-05-27 15:33:47', 8),
(69, 1, 27, 0, 0, 0, 0, 0, NULL, 0, '0000-00-00 00:00:00', '2016-05-27 15:33:47', 8),
(70, 2, 27, 0, 0, 0, 0, 0, NULL, 0, '0000-00-00 00:00:00', '2018-12-07 00:00:00', 1),
(71, 2, 28, 0, 0, 0, 0, 0, NULL, 0, '0000-00-00 00:00:00', '2018-12-07 00:00:00', 1),
(72, 1, 28, 0, 0, 0, 0, 0, NULL, 0, '0000-00-00 00:00:00', '2016-05-27 15:33:47', 8),
(73, 3, 27, 1, 1, 1, 0, 1, NULL, 1, '0000-00-00 00:00:00', '2016-04-28 12:00:05', 5),
(74, 2, 29, 0, 0, 0, 0, 0, NULL, 0, '0000-00-00 00:00:00', '2018-12-07 00:00:00', 1),
(75, 1, 29, 0, 0, 0, 0, 0, NULL, 0, '0000-00-00 00:00:00', '2016-05-27 15:33:47', 8),
(76, 2, 30, 0, 0, 0, 0, 0, NULL, 0, '0000-00-00 00:00:00', '2016-06-02 15:19:43', 8),
(77, 2, 31, 1, 1, 1, 0, 0, NULL, 1, '0000-00-00 00:00:00', '2019-06-07 00:00:00', 1),
(78, 1, 31, 1, 1, 1, 0, 1, NULL, 1, '0000-00-00 00:00:00', '2016-05-27 15:33:46', 8),
(79, 2, 32, 1, 1, 1, 0, 1, NULL, 1, '0000-00-00 00:00:00', '2016-04-18 10:32:33', 7),
(80, 2, 33, 1, 1, 1, 0, 1, NULL, 1, '0000-00-00 00:00:00', '2016-04-18 10:32:33', 7),
(81, 1, 32, 1, 1, 1, 0, 1, NULL, 1, '0000-00-00 00:00:00', '2016-04-16 16:35:26', 1),
(82, 1, 33, 1, 1, 1, 0, 1, NULL, 1, '0000-00-00 00:00:00', '2016-04-16 16:35:26', 1),
(83, 1, 34, 1, 1, 1, 0, 1, NULL, 1, '0000-00-00 00:00:00', '2016-04-16 16:35:25', 1),
(84, 1, 35, 1, 1, 1, 0, 1, NULL, 1, '0000-00-00 00:00:00', '2016-04-16 16:35:25', 1),
(85, 2, 34, 1, 1, 1, 0, 1, NULL, 1, '0000-00-00 00:00:00', '2016-04-18 10:32:32', 7),
(86, 2, 35, 1, 1, 1, 0, 1, NULL, 1, '0000-00-00 00:00:00', '2016-04-18 10:32:32', 7),
(87, 2, 36, 1, 1, 1, 0, 1, NULL, 1, '0000-00-00 00:00:00', '2016-04-18 10:32:33', 7),
(88, 1, 36, 1, 1, 1, 0, 1, NULL, 1, '0000-00-00 00:00:00', '2016-04-16 16:35:26', 1),
(89, 2, 37, 1, 1, 1, 0, 1, NULL, 1, '0000-00-00 00:00:00', '2016-04-18 10:32:33', 7),
(90, 1, 37, 1, 1, 1, 0, 1, NULL, 1, '0000-00-00 00:00:00', '2016-04-16 16:35:25', 1),
(91, 1, 42, 1, 1, 1, 0, 1, NULL, 1, '0000-00-00 00:00:00', '2016-05-19 11:36:27', 4),
(92, 1, 43, 1, 1, 1, 0, 1, NULL, 1, '0000-00-00 00:00:00', '2016-05-27 15:33:47', 8),
(93, 1, 44, 1, 1, 1, 0, 1, NULL, 1, '0000-00-00 00:00:00', '2016-05-27 15:33:46', 8),
(94, 1, 45, 1, 1, 1, 0, 1, NULL, 1, '0000-00-00 00:00:00', '2016-05-27 15:33:46', 8),
(95, 1, 46, 1, 1, 1, 0, 1, NULL, 1, '0000-00-00 00:00:00', '2016-05-27 15:33:46', 8),
(96, 1, 47, 1, 1, 1, 0, 1, NULL, 1, '0000-00-00 00:00:00', '2016-05-27 15:33:46', 8),
(97, 1, 48, 1, 1, 1, 0, 1, NULL, 1, '0000-00-00 00:00:00', '2016-04-27 12:08:00', 8),
(98, 1, 49, 1, 1, 1, 0, 1, NULL, 1, '0000-00-00 00:00:00', '2016-05-27 15:33:46', 8),
(99, 1, 50, 1, 1, 1, 0, 1, NULL, 1, '0000-00-00 00:00:00', '2016-05-27 15:33:47', 8),
(100, 1, 51, 1, 1, 1, 0, 1, NULL, 1, '0000-00-00 00:00:00', '2016-05-27 15:33:47', 8),
(101, 2, 52, 1, 1, 1, 0, 1, NULL, 1, '0000-00-00 00:00:00', '2018-12-07 00:00:00', 1),
(102, 1, 52, 1, 1, 1, 0, 1, NULL, 1, '0000-00-00 00:00:00', '2016-05-27 15:33:47', 8),
(103, 1, 53, 1, 1, 1, 0, 1, NULL, 1, '0000-00-00 00:00:00', '2016-05-27 15:33:47', 8),
(104, 3, 52, 1, 1, 1, 0, 1, NULL, 1, '0000-00-00 00:00:00', '2016-04-28 12:00:05', 5),
(105, 1, 54, 1, 1, 1, 0, 1, NULL, 1, '0000-00-00 00:00:00', '2016-05-27 15:33:47', 8),
(106, 1, 55, 1, 1, 1, 0, 1, NULL, 1, '0000-00-00 00:00:00', '2016-05-27 15:33:46', 8),
(107, 2, 43, 1, 1, 1, 0, 1, NULL, 1, '0000-00-00 00:00:00', '2019-06-07 00:00:00', 1),
(108, 1, 56, 1, 1, 1, 0, 1, NULL, 1, '0000-00-00 00:00:00', '2016-05-27 15:33:48', 8),
(109, 1, 57, 1, 1, 1, 0, 1, NULL, 1, '0000-00-00 00:00:00', '2016-05-27 15:33:48', 8),
(110, 1, 58, 1, 1, 1, 0, 1, NULL, 1, '0000-00-00 00:00:00', '2016-05-27 15:33:48', 8),
(111, 1, 59, 1, 1, 1, 0, 1, NULL, 1, '0000-00-00 00:00:00', '2016-05-27 15:33:47', 8),
(112, 1, 60, 1, 1, 1, 0, 1, NULL, 1, '0000-00-00 00:00:00', '2016-05-27 15:33:47', 8),
(113, 1, 61, 1, 1, 1, 0, 1, NULL, 1, '0000-00-00 00:00:00', '2016-05-27 15:33:47', 8),
(114, 5, 1, 1, 1, 1, 0, 1, NULL, 1, '0000-00-00 00:00:00', '2016-06-02 15:18:29', 8),
(115, 5, 2, 1, 1, 1, 0, 1, NULL, 1, '0000-00-00 00:00:00', '2016-06-02 15:18:29', 8),
(116, 5, 3, 1, 1, 1, 0, 1, NULL, 1, '0000-00-00 00:00:00', '2016-06-02 15:18:29', 8),
(117, 5, 4, 1, 1, 1, 0, 1, NULL, 1, '0000-00-00 00:00:00', '2016-06-02 15:18:29', 8),
(118, 5, 5, 1, 1, 1, 0, 1, NULL, 1, '0000-00-00 00:00:00', '2016-06-02 15:18:29', 8),
(119, 5, 6, 1, 1, 1, 0, 1, NULL, 1, '0000-00-00 00:00:00', '2016-06-02 15:18:29', 8),
(120, 5, 45, 1, 1, 1, 0, 1, NULL, 1, '0000-00-00 00:00:00', '2016-06-02 15:18:29', 8),
(121, 5, 8, 1, 1, 1, 0, 1, NULL, 1, '0000-00-00 00:00:00', '2016-06-02 15:18:29', 8),
(122, 5, 9, 1, 1, 1, 0, 1, NULL, 1, '0000-00-00 00:00:00', '2016-06-02 15:18:29', 8),
(123, 5, 10, 1, 1, 1, 0, 1, NULL, 1, '0000-00-00 00:00:00', '2016-06-02 15:18:30', 8),
(124, 5, 13, 1, 1, 1, 0, 1, NULL, 1, '0000-00-00 00:00:00', '2016-06-02 15:18:30', 8),
(125, 5, 14, 1, 1, 1, 0, 1, NULL, 1, '0000-00-00 00:00:00', '2016-06-02 15:18:30', 8),
(126, 5, 15, 1, 1, 1, 0, 1, NULL, 1, '0000-00-00 00:00:00', '2016-05-05 10:43:01', 7),
(127, 5, 17, 0, 0, 0, 0, 0, NULL, 0, '0000-00-00 00:00:00', '2016-06-02 15:18:30', 8),
(128, 5, 18, 0, 0, 0, 0, 0, NULL, 0, '0000-00-00 00:00:00', '2016-06-02 15:18:30', 8),
(129, 5, 30, 0, 0, 0, 0, 0, NULL, 0, '0000-00-00 00:00:00', '2016-06-02 15:18:30', 8),
(130, 5, 31, 1, 1, 1, 0, 1, NULL, 1, '0000-00-00 00:00:00', '2016-06-02 15:18:30', 8),
(131, 5, 44, 1, 1, 1, 0, 1, NULL, 1, '0000-00-00 00:00:00', '2016-06-02 15:18:30', 8),
(132, 5, 46, 1, 1, 1, 0, 1, NULL, 1, '0000-00-00 00:00:00', '2016-06-02 15:18:30', 8),
(133, 5, 47, 1, 1, 1, 0, 1, NULL, 1, '0000-00-00 00:00:00', '2016-06-02 15:18:30', 8),
(134, 5, 49, 1, 1, 1, 0, 1, NULL, 1, '0000-00-00 00:00:00', '2016-06-02 15:18:30', 8),
(135, 5, 55, 1, 1, 1, 0, 1, NULL, 1, '0000-00-00 00:00:00', '2016-06-02 15:18:30', 8),
(136, 5, 19, 1, 1, 1, 0, 1, NULL, 1, '0000-00-00 00:00:00', '2016-06-02 15:18:30', 8),
(137, 5, 20, 1, 1, 1, 0, 1, NULL, 1, '0000-00-00 00:00:00', '2016-06-02 15:18:30', 8),
(138, 5, 21, 0, 0, 0, 0, 0, NULL, 0, '0000-00-00 00:00:00', '2016-06-02 15:18:30', 8),
(139, 5, 22, 0, 0, 0, 0, 0, NULL, 0, '0000-00-00 00:00:00', '2016-06-02 15:18:31', 8),
(140, 5, 26, 0, 0, 0, 0, 0, NULL, 0, '0000-00-00 00:00:00', '2016-06-02 15:18:31', 8),
(141, 5, 28, 0, 0, 0, 0, 0, NULL, 0, '0000-00-00 00:00:00', '2016-06-02 15:18:31', 8),
(142, 5, 29, 0, 0, 0, 0, 0, NULL, 0, '0000-00-00 00:00:00', '2016-06-02 15:18:31', 8),
(143, 5, 27, 0, 0, 0, 0, 0, NULL, 0, '0000-00-00 00:00:00', '2016-06-02 15:18:31', 8),
(144, 5, 50, 1, 1, 1, 0, 1, NULL, 1, '0000-00-00 00:00:00', '2016-06-02 15:18:31', 8),
(145, 5, 59, 1, 1, 1, 0, 1, NULL, 1, '0000-00-00 00:00:00', '2016-06-02 15:18:31', 8),
(146, 5, 60, 1, 1, 1, 0, 1, NULL, 1, '0000-00-00 00:00:00', '2016-06-02 15:18:31', 8),
(147, 5, 61, 1, 1, 1, 0, 1, NULL, 1, '0000-00-00 00:00:00', '2016-06-02 15:18:31', 8),
(148, 5, 43, 1, 1, 1, 0, 1, NULL, 1, '0000-00-00 00:00:00', '2016-06-02 15:18:31', 8),
(149, 5, 42, 1, 1, 1, 0, 1, NULL, 1, '0000-00-00 00:00:00', '2016-05-05 10:43:02', 7),
(150, 5, 52, 1, 1, 1, 0, 1, NULL, 1, '0000-00-00 00:00:00', '2016-06-02 15:18:31', 8),
(151, 5, 51, 1, 1, 1, 0, 1, NULL, 1, '0000-00-00 00:00:00', '2016-06-02 15:18:31', 8),
(152, 5, 53, 1, 1, 1, 0, 1, NULL, 1, '0000-00-00 00:00:00', '2016-06-02 15:18:31', 8),
(153, 5, 54, 1, 1, 1, 0, 1, NULL, 1, '0000-00-00 00:00:00', '2016-06-02 15:18:31', 8),
(154, 5, 56, 1, 1, 1, 0, 1, NULL, 1, '0000-00-00 00:00:00', '2016-06-02 15:18:31', 8),
(155, 5, 57, 1, 1, 1, 0, 1, NULL, 1, '0000-00-00 00:00:00', '2016-06-02 15:18:31', 8),
(156, 5, 58, 1, 1, 1, 0, 1, NULL, 1, '0000-00-00 00:00:00', '2016-06-02 15:18:31', 8),
(157, 1, 62, 1, 1, 1, 0, 1, NULL, 1, '0000-00-00 00:00:00', '2016-05-27 15:33:47', 8),
(158, 5, 63, 1, 1, 1, 0, 1, NULL, 1, '0000-00-00 00:00:00', '2016-05-05 10:43:03', 7),
(159, 5, 65, 0, 0, 0, 0, 0, NULL, 0, '0000-00-00 00:00:00', '2016-05-05 18:21:47', 7),
(160, 5, 64, 1, 1, 1, 0, 1, NULL, 1, '0000-00-00 00:00:00', '2016-05-05 12:13:04', 7),
(161, 5, 66, 1, 1, 1, 0, 1, NULL, 1, '0000-00-00 00:00:00', '2016-05-05 12:13:04', 7),
(162, 5, 67, 1, 1, 1, 0, 1, NULL, 1, '0000-00-00 00:00:00', '2016-05-05 12:13:04', 7),
(163, 5, 68, 1, 1, 1, 0, 1, NULL, 1, '0000-00-00 00:00:00', '2016-05-05 12:13:04', 7),
(164, 6, 43, 1, 1, 1, 0, 1, NULL, 1, '0000-00-00 00:00:00', '2016-06-02 15:18:59', 8),
(165, 6, 65, 0, 0, 0, 0, 0, NULL, 0, '0000-00-00 00:00:00', '2016-05-05 16:19:16', 7),
(166, 6, 1, 1, 1, 1, 0, 1, NULL, 1, '0000-00-00 00:00:00', '2016-06-02 15:18:58', 8),
(167, 6, 2, 1, 1, 1, 0, 1, NULL, 1, '0000-00-00 00:00:00', '2016-06-02 15:18:58', 8),
(168, 6, 3, 1, 1, 1, 0, 1, NULL, 1, '0000-00-00 00:00:00', '2016-06-02 15:18:58', 8),
(169, 6, 4, 1, 1, 1, 0, 1, NULL, 1, '0000-00-00 00:00:00', '2016-06-02 15:18:58', 8),
(170, 6, 5, 1, 1, 1, 0, 1, NULL, 1, '0000-00-00 00:00:00', '2016-06-02 15:18:58', 8),
(171, 6, 6, 1, 1, 1, 0, 1, NULL, 1, '0000-00-00 00:00:00', '2016-06-02 15:18:58', 8),
(172, 6, 45, 1, 1, 1, 0, 1, NULL, 1, '0000-00-00 00:00:00', '2016-06-02 15:18:58', 8),
(173, 6, 64, 1, 1, 1, 0, 1, NULL, 1, '0000-00-00 00:00:00', '2016-05-05 16:08:37', 7),
(174, 6, 8, 1, 1, 1, 0, 0, NULL, 1, '0000-00-00 00:00:00', '2016-06-02 15:18:58', 8),
(175, 6, 9, 1, 1, 1, 0, 0, NULL, 1, '0000-00-00 00:00:00', '2016-06-02 15:18:58', 8),
(176, 6, 10, 1, 1, 1, 0, 0, NULL, 1, '0000-00-00 00:00:00', '2016-06-02 15:18:58', 8),
(177, 6, 13, 1, 1, 1, 0, 0, NULL, 1, '0000-00-00 00:00:00', '2016-06-02 15:18:58', 8),
(178, 6, 14, 1, 1, 1, 0, 0, NULL, 1, '0000-00-00 00:00:00', '2016-06-02 15:18:58', 8),
(179, 6, 15, 1, 1, 1, 0, 0, NULL, 1, '0000-00-00 00:00:00', '2016-05-05 16:53:30', 7),
(180, 6, 17, 1, 1, 1, 0, 0, NULL, 1, '0000-00-00 00:00:00', '2016-06-02 15:18:58', 8),
(181, 6, 18, 1, 1, 1, 0, 0, NULL, 1, '0000-00-00 00:00:00', '2016-06-02 15:18:58', 8),
(182, 6, 30, 0, 0, 0, 0, 0, NULL, 0, '0000-00-00 00:00:00', '2016-06-02 15:18:58', 8),
(183, 6, 31, 1, 1, 1, 0, 0, NULL, 1, '0000-00-00 00:00:00', '2016-06-02 15:18:59', 8),
(184, 6, 44, 1, 1, 1, 0, 0, NULL, 1, '0000-00-00 00:00:00', '2016-06-02 15:18:59', 8),
(185, 6, 46, 1, 1, 1, 0, 0, NULL, 1, '0000-00-00 00:00:00', '2016-06-02 15:18:59', 8),
(186, 6, 47, 1, 1, 1, 0, 0, NULL, 1, '0000-00-00 00:00:00', '2016-06-02 15:18:59', 8),
(187, 6, 49, 1, 1, 1, 0, 0, NULL, 1, '0000-00-00 00:00:00', '2016-06-02 15:18:59', 8),
(188, 6, 55, 1, 1, 1, 0, 0, NULL, 1, '0000-00-00 00:00:00', '2016-06-02 15:18:59', 8),
(189, 1, 69, 1, 1, 1, 0, 1, NULL, 1, '0000-00-00 00:00:00', '2016-05-27 15:33:48', 8),
(190, 1, 70, 1, 1, 1, 0, 1, NULL, 1, '0000-00-00 00:00:00', '2016-05-27 15:33:48', 8),
(191, 2, 71, 1, 1, 1, 0, 1, NULL, 1, '0000-00-00 00:00:00', '2016-05-09 12:01:28', 5),
(192, 1, 71, 1, 1, 1, 0, 1, NULL, 1, '0000-00-00 00:00:00', '2016-05-09 12:01:40', 5),
(193, 1, 72, 1, 1, 1, 0, 1, NULL, 1, '0000-00-00 00:00:00', '2016-05-27 15:33:48', 8),
(194, 2, 72, 1, 1, 1, 0, 0, NULL, 1, '0000-00-00 00:00:00', '2019-06-07 00:00:00', 1),
(195, 2, 62, 0, 0, 0, 0, 0, NULL, 0, '0000-00-00 00:00:00', '2019-06-07 00:00:00', 1),
(196, 1, 73, 1, 1, 1, 0, 1, NULL, 1, '0000-00-00 00:00:00', '2016-05-27 15:33:48', 8),
(197, 5, 70, 1, 1, 1, 0, 1, NULL, 1, '0000-00-00 00:00:00', '2016-06-02 15:18:32', 8),
(198, 5, 73, 1, 1, 1, 0, 1, NULL, 1, '0000-00-00 00:00:00', '2016-06-02 15:18:32', 8),
(199, 5, 72, 1, 1, 1, 0, 1, NULL, 1, '0000-00-00 00:00:00', '2016-06-02 15:18:32', 8),
(200, 2, 74, 1, 1, 1, 0, 1, NULL, 1, '0000-00-00 00:00:00', '2018-12-07 00:00:00', 17),
(201, 1, 74, 1, 1, 1, 0, 1, NULL, 1, '0000-00-00 00:00:00', '2016-05-27 15:33:48', 8),
(202, 3, 74, 1, 1, 1, 0, 1, NULL, 1, '0000-00-00 00:00:00', '2016-05-17 12:21:37', 5),
(203, 2, 75, 1, 1, 1, 0, 1, NULL, 1, '0000-00-00 00:00:00', '2019-06-07 00:00:00', 1),
(204, 1, 75, 1, 1, 1, 0, 1, NULL, 1, '0000-00-00 00:00:00', '2016-05-27 15:33:47', 8),
(205, 1, 76, 1, 1, 1, 0, 1, NULL, 1, '0000-00-00 00:00:00', '2016-05-27 15:33:48', 8),
(206, 2, 77, 1, 1, 1, 0, 1, NULL, 1, '0000-00-00 00:00:00', '2018-12-07 00:00:00', 17),
(207, 1, 77, 1, 1, 1, 0, 1, NULL, 1, '0000-00-00 00:00:00', '2016-05-27 15:33:48', 8),
(208, 1, 78, 1, 1, 1, 0, 1, NULL, 1, '0000-00-00 00:00:00', '2016-05-27 15:33:48', 8),
(209, 1, 79, 1, 1, 1, 0, 1, NULL, 1, '0000-00-00 00:00:00', '2016-05-27 15:33:46', 8),
(210, 1, 80, 1, 1, 1, 0, 1, NULL, 1, '0000-00-00 00:00:00', '2016-05-27 15:33:48', 8),
(211, 1, 81, 1, 1, 1, 0, 1, NULL, 1, '0000-00-00 00:00:00', '2016-05-27 15:33:48', 8),
(212, 1, 82, 1, 1, 1, 0, 1, NULL, 1, '0000-00-00 00:00:00', '2016-05-27 15:33:48', 8),
(213, 1, 83, 1, 1, 1, 0, 1, NULL, 1, '0000-00-00 00:00:00', '2016-05-27 15:33:48', 8),
(214, 1, 84, 1, 1, 1, 0, 1, NULL, 1, '0000-00-00 00:00:00', '2016-05-27 18:32:01', 8),
(215, 1, 85, 1, 1, 1, 0, 1, NULL, 1, '0000-00-00 00:00:00', '2016-05-28 12:14:00', 8),
(216, 1, 86, 1, 1, 1, 0, 1, NULL, 1, '0000-00-00 00:00:00', '2016-05-28 16:21:51', 8),
(217, 2, 45, 0, 0, 0, 0, 0, NULL, 0, '0000-00-00 00:00:00', '2018-12-07 00:00:00', 1),
(218, 2, 44, 0, 0, 0, 0, 0, NULL, 0, '0000-00-00 00:00:00', '2019-06-07 00:00:00', 1),
(219, 2, 47, 0, 0, 0, 0, 0, NULL, 0, '0000-00-00 00:00:00', '2019-06-07 00:00:00', 1),
(220, 2, 49, 0, 0, 0, 0, 0, NULL, 0, '0000-00-00 00:00:00', '2019-06-07 00:00:00', 1),
(221, 2, 55, 1, 1, 1, 0, 0, NULL, 1, '0000-00-00 00:00:00', '2019-06-07 00:00:00', 1),
(222, 2, 50, 0, 0, 1, 0, 0, NULL, 1, '0000-00-00 00:00:00', '2019-06-07 00:00:00', 1),
(223, 2, 59, 0, 0, 0, 0, 0, NULL, 0, '0000-00-00 00:00:00', '2019-06-07 00:00:00', 1),
(224, 2, 60, 0, 0, 0, 0, 0, NULL, 0, '0000-00-00 00:00:00', '2019-06-07 00:00:00', 1),
(225, 2, 61, 1, 1, 1, 0, 1, NULL, 1, '0000-00-00 00:00:00', '2018-12-07 00:00:00', 1),
(226, 2, 51, 1, 1, 1, 0, 1, NULL, 1, '0000-00-00 00:00:00', '2019-06-07 00:00:00', 1),
(227, 2, 53, 0, 0, 0, 0, 0, NULL, 0, '0000-00-00 00:00:00', '2019-06-07 00:00:00', 1),
(228, 2, 54, 0, 0, 0, 0, 0, NULL, 0, '0000-00-00 00:00:00', '2019-06-07 00:00:00', 1),
(229, 2, 56, 0, 0, 0, 0, 0, NULL, 0, '0000-00-00 00:00:00', '2019-06-07 00:00:00', 1),
(230, 2, 57, 1, 1, 1, 0, 0, NULL, 1, '0000-00-00 00:00:00', '2019-06-07 00:00:00', 1),
(231, 2, 58, 1, 1, 1, 0, 0, NULL, 1, '0000-00-00 00:00:00', '2019-06-07 00:00:00', 1),
(232, 2, 81, 0, 0, 0, 0, 0, NULL, 0, '0000-00-00 00:00:00', '2019-06-07 00:00:00', 15),
(233, 2, 70, 1, 1, 1, 0, 1, NULL, 1, '0000-00-00 00:00:00', '2019-06-07 00:00:00', 1),
(234, 2, 73, 1, 1, 1, 0, 1, NULL, 1, '0000-00-00 00:00:00', '2018-12-07 00:00:00', 17),
(235, 2, 76, 0, 0, 0, 0, 0, NULL, 0, '0000-00-00 00:00:00', '2018-12-07 00:00:00', 1),
(236, 2, 78, 1, 1, 1, 0, 0, NULL, 1, '0000-00-00 00:00:00', '2019-06-07 00:00:00', 1),
(237, 2, 80, 1, 1, 1, 0, 1, NULL, 1, '0000-00-00 00:00:00', '2018-12-07 00:00:00', 17),
(238, 2, 82, 1, 1, 1, 0, 0, NULL, 1, '0000-00-00 00:00:00', '2019-06-07 00:00:00', 1),
(239, 2, 83, 1, 1, 1, 0, 0, NULL, 1, '0000-00-00 00:00:00', '2019-06-07 00:00:00', 1),
(240, 2, 84, 0, 0, 0, 0, 0, NULL, 0, '0000-00-00 00:00:00', '2019-06-07 00:00:00', 1),
(241, 2, 85, 1, 1, 1, 0, 1, NULL, 1, '0000-00-00 00:00:00', '2018-12-07 00:00:00', 1),
(242, 2, 86, 1, 1, 1, 0, 0, NULL, 1, '0000-00-00 00:00:00', '2019-06-07 00:00:00', 1),
(243, 2, 46, 1, 1, 1, 0, 1, NULL, 1, '0000-00-00 00:00:00', '2018-12-07 00:00:00', 1),
(244, 2, 42, 1, 1, 1, 0, 1, NULL, 1, '0000-00-00 00:00:00', '2019-06-07 00:00:00', 1),
(245, 1, 91, 1, 1, 1, 1, 1, 1, 1, '2018-11-12 00:00:00', '0000-00-00 00:00:00', 2),
(246, 1, 92, 1, 1, 1, 1, 1, 1, 1, '2018-11-12 00:00:00', '0000-00-00 00:00:00', 2),
(247, 2, 91, 1, 1, 1, 0, 1, NULL, 1, '2018-12-07 00:00:00', '2018-12-07 00:00:00', 17),
(248, 2, 92, 1, 1, 1, 0, 1, NULL, 1, '2018-12-07 00:00:00', '2018-12-07 00:00:00', 17),
(249, 1, 93, 1, 1, 1, 1, 1, 1, 1, '2018-12-07 00:00:00', '0000-00-00 00:00:00', 1),
(250, 1, 94, 1, 1, 1, 1, 1, 1, 1, '2018-12-07 00:00:00', '0000-00-00 00:00:00', 1),
(251, 2, 93, 1, 1, 1, 0, 1, NULL, 1, '2018-12-07 00:00:00', '2019-06-07 00:00:00', 1),
(252, 2, 69, 1, 1, 1, 0, 1, NULL, 1, '2018-12-07 00:00:00', '2018-12-07 00:00:00', 17),
(253, 2, 94, 1, 1, 1, 0, 1, NULL, 1, '2018-12-07 00:00:00', '2018-12-07 00:00:00', 17),
(254, 1, 95, 1, 1, 1, 1, 1, 1, 1, '2018-12-10 00:00:00', '0000-00-00 00:00:00', 16),
(255, 1, 96, 1, 1, 1, 1, 1, 1, 1, '2018-12-11 00:00:00', '0000-00-00 00:00:00', 16),
(256, 1, 97, 1, 1, 1, 1, 1, 1, 1, '2018-12-13 00:00:00', '0000-00-00 00:00:00', 1),
(257, 1, 98, 1, 1, 1, 1, 1, 1, 1, '2018-12-13 00:00:00', '0000-00-00 00:00:00', 16),
(258, 1, 99, 1, 1, 1, 1, 1, 1, 1, '2018-12-13 00:00:00', '0000-00-00 00:00:00', 16),
(259, 1, 100, 1, 1, 1, 1, 1, 1, 1, '2018-12-18 00:00:00', '0000-00-00 00:00:00', 1),
(260, 1, 101, 1, 1, 1, 1, 1, 1, 1, '2018-12-18 00:00:00', '0000-00-00 00:00:00', 16),
(261, 1, 102, 1, 1, 1, 1, 1, 1, 1, '2018-12-18 00:00:00', '0000-00-00 00:00:00', 16),
(262, 1, 103, 1, 1, 1, 1, 1, 1, 1, '2018-12-18 00:00:00', '0000-00-00 00:00:00', 16),
(263, 1, 104, 1, 1, 1, 1, 1, 1, 1, '2019-02-02 00:00:00', '0000-00-00 00:00:00', 16),
(264, 1, 105, 1, 1, 1, 1, 1, 1, 1, '2019-02-02 00:00:00', '0000-00-00 00:00:00', 16),
(265, 1, 106, 1, 1, 1, 1, 1, 1, 1, '2019-02-07 00:00:00', '0000-00-00 00:00:00', 16),
(266, 1, 107, 1, 1, 1, 1, 1, 1, 1, '2019-02-07 00:00:00', '0000-00-00 00:00:00', 16),
(267, 1, 108, 1, 1, 1, 1, 1, 1, 1, '2019-02-13 00:00:00', '0000-00-00 00:00:00', 16),
(268, 1, 109, 1, 1, 1, 1, 1, 1, 1, '2019-02-13 00:00:00', '0000-00-00 00:00:00', 16),
(269, 1, 110, 1, 1, 1, 1, 1, 1, 1, '2019-03-29 00:00:00', '0000-00-00 00:00:00', 1),
(270, 9, 4, 1, 0, 0, 0, 0, NULL, 1, '2019-03-30 00:00:00', '2019-03-30 00:00:00', 15),
(271, 9, 5, 1, 0, 0, 0, 0, NULL, 1, '2019-03-30 00:00:00', '2019-03-30 00:00:00', 15),
(272, 9, 6, 0, 0, 0, 0, 0, NULL, 0, '2019-03-30 00:00:00', '2019-03-30 00:00:00', 15),
(273, 1, 111, 1, 1, 1, 1, 1, 1, 1, '2019-04-05 00:00:00', '0000-00-00 00:00:00', 1),
(274, 1, 112, 1, 1, 1, 1, 1, 1, 1, '2019-04-05 00:00:00', '0000-00-00 00:00:00', 1),
(275, 1, 113, 1, 1, 1, 1, 1, 1, 1, '2019-04-05 00:00:00', '0000-00-00 00:00:00', 1),
(276, 1, 114, 1, 1, 1, 1, 1, 1, 1, '2019-04-05 00:00:00', '0000-00-00 00:00:00', 1),
(277, 1, 115, 1, 1, 1, 1, 1, 1, 1, '2019-04-05 00:00:00', '0000-00-00 00:00:00', 1),
(278, 1, 116, 1, 1, 1, 1, 1, 1, 1, '2019-04-05 00:00:00', '0000-00-00 00:00:00', 1),
(279, 1, 117, 1, 1, 1, 1, 1, 1, 1, '2019-04-05 00:00:00', '0000-00-00 00:00:00', 1),
(280, 1, 118, 1, 1, 1, 1, 1, 1, 1, '2019-04-05 00:00:00', '0000-00-00 00:00:00', 1),
(281, 1, 119, 1, 1, 1, 1, 1, 1, 1, '2019-04-05 00:00:00', '0000-00-00 00:00:00', 1),
(282, 2, 111, 1, 1, 1, 0, 0, NULL, 1, '2019-04-05 00:00:00', '2019-06-07 00:00:00', 1),
(283, 1, 120, 1, 1, 1, 1, 1, 1, 1, '2019-04-05 00:00:00', '0000-00-00 00:00:00', 1),
(284, 1, 121, 1, 1, 1, 1, 1, 1, 1, '2019-04-05 00:00:00', '0000-00-00 00:00:00', 1),
(285, 1, 122, 1, 1, 1, 1, 1, 1, 1, '2019-04-05 00:00:00', '0000-00-00 00:00:00', 1),
(286, 1, 123, 1, 1, 1, 1, 1, 1, 1, '2019-04-05 00:00:00', '0000-00-00 00:00:00', 16),
(287, 2, 120, 1, 1, 1, 0, 1, NULL, 1, '2019-04-05 00:00:00', '2019-06-07 00:00:00', 1),
(288, 2, 121, 1, 1, 1, 0, 1, NULL, 1, '2019-04-05 00:00:00', '2019-06-07 00:00:00', 1),
(289, 2, 122, 1, 1, 1, 0, 1, NULL, 1, '2019-04-05 00:00:00', '2019-06-07 00:00:00', 1),
(290, 2, 113, 1, 1, 1, 0, 1, NULL, 1, '2019-04-05 00:00:00', '2019-04-05 00:00:00', 1),
(291, 2, 116, 1, 0, 0, 0, 0, NULL, 1, '2019-04-05 00:00:00', '2019-06-07 00:00:00', 15),
(292, 2, 117, 1, 0, 0, 0, 0, NULL, 1, '2019-04-05 00:00:00', '2019-06-07 00:00:00', 15),
(293, 2, 118, 1, 0, 0, 0, 0, NULL, 1, '2019-04-05 00:00:00', '2019-06-07 00:00:00', 15),
(294, 2, 119, 1, 0, 0, 0, 0, NULL, 1, '2019-04-05 00:00:00', '2019-06-07 00:00:00', 15),
(295, 1, 124, 1, 1, 1, 1, 1, 1, 1, '2019-04-05 00:00:00', '0000-00-00 00:00:00', 1),
(296, 2, 95, 1, 0, 0, 0, 0, NULL, 1, '2019-04-05 00:00:00', '2019-06-07 00:00:00', 15),
(297, 2, 124, 1, 1, 1, 0, 0, NULL, 1, '2019-04-05 00:00:00', '2019-06-07 00:00:00', 1),
(298, 1, 125, 1, 1, 1, 1, 1, 1, 1, '2019-04-08 00:00:00', '0000-00-00 00:00:00', 1),
(299, 1, 126, 1, 1, 1, 1, 1, 1, 1, '2019-04-10 00:00:00', '0000-00-00 00:00:00', 16),
(300, 1, 127, 1, 1, 1, 1, 1, 1, 1, '2019-04-22 00:00:00', '0000-00-00 00:00:00', 16),
(301, 1, 128, 1, 1, 1, 1, 1, 1, 1, '2019-04-22 00:00:00', '0000-00-00 00:00:00', 16),
(302, 1, 129, 1, 1, 1, 1, 1, 1, 1, '2019-04-22 00:00:00', '0000-00-00 00:00:00', 16),
(303, 2, 96, 1, 1, 1, 0, 1, NULL, 1, '2019-05-13 00:00:00', '2019-06-07 00:00:00', 1),
(304, 3, 49, 1, 1, 1, 0, 1, NULL, 1, '2019-05-13 00:00:00', '2019-08-22 00:00:00', 1),
(305, 3, 95, 0, 0, 0, 0, 0, NULL, 0, '2019-05-13 00:00:00', '2019-08-22 00:00:00', 1),
(306, 3, 42, 1, 1, 1, 0, 1, NULL, 1, '2019-05-13 00:00:00', '2019-08-22 00:00:00', 1),
(307, 3, 93, 1, 1, 1, 0, 1, NULL, 1, '2019-05-13 00:00:00', '2019-08-22 00:00:00', 1),
(308, 3, 70, 1, 1, 1, 0, 1, NULL, 1, '2019-05-13 00:00:00', '2019-08-22 00:00:00', 1),
(309, 2, 112, 0, 0, 0, 0, 0, NULL, 0, '2019-05-14 00:00:00', '2019-06-07 00:00:00', 1),
(310, 1, 130, 1, 1, 1, 1, 1, 1, 1, '2019-06-07 00:00:00', '0000-00-00 00:00:00', 1),
(311, 2, 130, 1, 1, 1, 0, 1, NULL, 1, '2019-06-07 00:00:00', '2019-06-07 00:00:00', 1),
(312, 3, 130, 1, 1, 1, 0, 1, NULL, 1, '2019-06-17 00:00:00', '2019-08-22 00:00:00', 1),
(313, 3, 43, 1, 1, 1, 0, 1, NULL, 1, '2019-08-22 00:00:00', '2019-08-22 00:00:00', 1),
(314, 3, 75, 1, 1, 1, 0, 1, NULL, 1, '2019-08-22 00:00:00', '2019-08-22 00:00:00', 1),
(315, 1, 131, 1, 1, 1, 1, 1, 1, 1, '2019-12-11 00:00:00', '0000-00-00 00:00:00', 1),
(316, 1, 132, 1, 1, 1, 1, 1, 1, 1, '2020-08-12 14:27:04', '0000-00-00 00:00:00', 15),
(317, 1, 133, 1, 1, 1, 1, 1, 1, 1, '2020-08-12 14:27:04', '0000-00-00 00:00:00', 15),
(318, 1, 134, 1, 1, 1, 1, 1, 1, 1, '2020-08-12 14:27:04', '0000-00-00 00:00:00', 15),
(319, 2, 126, 1, 1, 1, 0, 1, NULL, 1, '2020-08-20 00:00:00', '0000-00-00 00:00:00', 15),
(320, 1, 135, 1, 1, 1, 1, 1, 1, 1, '2020-08-20 14:10:26', '0000-00-00 00:00:00', 15),
(321, 1, 136, 1, 1, 1, 1, 1, 1, 1, '2020-08-26 11:08:10', '0000-00-00 00:00:00', 15),
(322, 1, 137, 1, 1, 1, 1, 1, 1, 1, '2020-08-31 16:38:16', '0000-00-00 00:00:00', 15),
(323, 1, 138, 1, 1, 1, 1, 1, 1, 1, '2020-09-02 18:36:33', '0000-00-00 00:00:00', 1),
(324, 2, 12, 1, 1, 1, 0, 0, NULL, 1, '2020-09-03 00:00:00', '0000-00-00 00:00:00', 1),
(325, 1, 139, 1, 1, 1, 1, 1, 1, 1, '2020-12-16 12:02:38', '0000-00-00 00:00:00', 1),
(326, 2, 139, 1, 1, 1, 0, 1, NULL, 1, '2021-01-12 00:00:00', '0000-00-00 00:00:00', 1),
(327, 2, 127, 1, 1, 1, 0, 1, NULL, 1, '2021-01-12 00:00:00', '0000-00-00 00:00:00', 1),
(328, 2, 128, 1, 1, 1, 0, 1, NULL, 1, '2021-01-12 00:00:00', '0000-00-00 00:00:00', 1),
(329, 2, 129, 1, 1, 1, 0, 1, NULL, 1, '2021-01-12 00:00:00', '0000-00-00 00:00:00', 1),
(330, 2, 138, 1, 1, 0, 0, 0, NULL, 1, '2021-01-12 00:00:00', '0000-00-00 00:00:00', 1),
(331, 2, 131, 1, 1, 1, 0, 0, NULL, 1, '2021-01-12 00:00:00', '0000-00-00 00:00:00', 1);

-- --------------------------------------------------------

--
-- Table structure for table `kr_user_session`
--

CREATE TABLE `kr_user_session` (
  `user_id` int(11) UNSIGNED NOT NULL,
  `hash` varchar(255) DEFAULT NULL,
  `timestamp` int(11) UNSIGNED DEFAULT NULL,
  `last_export` text
) ENGINE=InnoDB DEFAULT CHARSET=latin1;

--
-- Dumping data for table `kr_user_session`
--

INSERT INTO `kr_user_session` (`user_id`, `hash`, `timestamp`, `last_export`) VALUES
(3, 'b4d01a7b057e63c9b952fa17beb88463', 1460957579, ''),
(1, 'f4bc0747e46b66d6ec1d4ef20f188256', 1620803579, ''),
(9, '319e5a052baf8e62f018f7f4dd8c8d05', 1462270261, ''),
(8, '708d4f9cd35928cfa3548570b1866a40', 1465284342, ''),
(14, '5a798027ce504af47c9f3f3c19e0d92c', 1467097873, ''),
(7, '21aac5871cb490a9ce632141c27ed032', 1463656016, ''),
(10, '144245e4d01dc470fed7b36637bf6946', 1464850852, ''),
(6, '8ff6e3707a4b1163734b44d32d5e4ab6', 1540394175, ''),
(4, '24ad3e1af43ae07b70a0d797dbfd6fd5', 1496324728, ''),
(2, 'e52f051c6ca085cade439fa50297379d', 1543400070, ''),
(15, 'c010205263de4a8d38a2190e033a6cfd', 1609392376, ''),
(16, '51e23907a7499d7df377f342f42e1374', 1608304520, ''),
(17, 'ba4aa3ced492c1e755e9f20d0b9decc3', 1620615623, ''),
(21, 'bca5175cae7ccba8a81fc2e6ddcf149a', 1543928515, ''),
(22, '5ef2b989ae642f62ec60eed73e5426f2', 1546091682, ''),
(24, '086a9c56bed7d8bf3d9f3358b2f81965', 1584092133, ''),
(25, '450912a162951fdcf406cb1eefc89286', 1569839773, ''),
(26, 'ec12a63dcab2180b54854bcb763b8c7d', 1612509021, ''),
(20, 'a71c08e3e14656e6fae06a65eccf43c3', 1599314723, '');

-- --------------------------------------------------------

--
-- Table structure for table `kr_videos`
--

CREATE TABLE `kr_videos` (
  `video_id` int(11) NOT NULL,
  `video_title` varchar(255) NOT NULL,
  `video_code` varchar(255) NOT NULL,
  `video_date` date NOT NULL,
  `video_url` mediumtext NOT NULL,
  `IsActive` tinyint(1) NOT NULL,
  `userid` int(11) NOT NULL,
  `createDate` datetime NOT NULL,
  `modifyDate` datetime NOT NULL DEFAULT '0000-00-00 00:00:00'
) ENGINE=InnoDB DEFAULT CHARSET=latin1;

--
-- Dumping data for table `kr_videos`
--

INSERT INTO `kr_videos` (`video_id`, `video_title`, `video_code`, `video_date`, `video_url`, `IsActive`, `userid`, `createDate`, `modifyDate`) VALUES
(1, 'Test', 'test', '2020-08-26', 'https://www.youtube.com/watch?v=xHj0juUACFk', 0, 1, '2020-08-31 16:59:34', '2020-12-22 19:58:45');

-- --------------------------------------------------------

--
-- Table structure for table `kr_wishlists`
--

CREATE TABLE `kr_wishlists` (
  `cart_id` int(11) NOT NULL,
  `customer_id` int(11) NOT NULL DEFAULT '0',
  `customer_group_id` int(11) NOT NULL DEFAULT '0',
  `sessionId` varchar(255) NOT NULL,
  `custom_field` text NOT NULL,
  `comment` text NOT NULL,
  `coupon_code` varchar(255) DEFAULT NULL COMMENT 'Coupon Code',
  `cart_currency_code` varchar(128) NOT NULL DEFAULT '&#8377;',
  `cart_currency_id` int(11) NOT NULL DEFAULT '1',
  `cart_default_currency_code` varchar(128) NOT NULL DEFAULT '&#8377;',
  `cart_default_currency_id` int(11) NOT NULL DEFAULT '1',
  `ip` varchar(40) DEFAULT NULL,
  `UserId` int(11) NOT NULL,
  `IsActive` int(11) NOT NULL,
  `CreatedDate` datetime NOT NULL,
  `ModifiedDate` datetime NOT NULL
) ENGINE=MyISAM DEFAULT CHARSET=utf8;

--
-- Dumping data for table `kr_wishlists`
--

INSERT INTO `kr_wishlists` (`cart_id`, `customer_id`, `customer_group_id`, `sessionId`, `custom_field`, `comment`, `coupon_code`, `cart_currency_code`, `cart_currency_id`, `cart_default_currency_code`, `cart_default_currency_id`, `ip`, `UserId`, `IsActive`, `CreatedDate`, `ModifiedDate`) VALUES
(1, 32, 1, '', '', '', NULL, '&#8377;', 1, '&#8377;', 1, '', 0, 1, '2019-02-01 01:21:36', '2019-02-01 01:21:36'),
(2, 33, 1, '', '', '', NULL, '&#8377;', 1, '&#8377;', 1, '', 0, 1, '2019-02-01 01:25:57', '2019-02-01 01:25:57'),
(3, 1, 1, '', '', '', NULL, '&#8377;', 1, '&#8377;', 1, '', 0, 1, '2019-02-05 01:11:33', '2019-02-05 01:11:33'),
(4, 6, 1, '', '', '', NULL, '&#8377;', 1, '&#8377;', 1, '', 0, 1, '2019-03-30 04:00:10', '2019-03-30 04:00:10'),
(5, 23, 1, '', '', '', NULL, '&#8377;', 1, '&#8377;', 1, '', 0, 1, '2019-04-29 13:15:10', '2019-04-29 13:15:10'),
(6, 27, 1, '', '', '', NULL, '&#8377;', 1, '&#8377;', 1, '', 0, 1, '2019-04-29 15:08:20', '2019-04-29 15:08:20'),
(7, 29, 1, '', '', '', NULL, '&#8377;', 1, '&#8377;', 1, '', 0, 1, '2019-04-30 11:29:09', '2019-04-30 11:29:09'),
(8, 3, 2, '', '', '', NULL, '&#8377;', 1, '&#8377;', 1, '', 0, 1, '2019-05-08 13:25:26', '2019-05-08 13:25:26');

-- --------------------------------------------------------

--
-- Table structure for table `kr_wishlist_products`
--

CREATE TABLE `kr_wishlist_products` (
  `cart_product_id` int(11) NOT NULL,
  `cart_id` int(11) NOT NULL,
  `product_id` int(11) NOT NULL,
  `product_qty` int(11) NOT NULL,
  `IsActive` tinyint(4) NOT NULL,
  `CreatedDate` datetime NOT NULL,
  `ModifiedDate` datetime NOT NULL
) ENGINE=MyISAM DEFAULT CHARSET=utf8;

-- --------------------------------------------------------

--
-- Table structure for table `kr_wishlist_products_attribute`
--

CREATE TABLE `kr_wishlist_products_attribute` (
  `cart_product_attr_id` int(11) NOT NULL,
  `cart_id` int(11) NOT NULL,
  `cart_product_id` int(11) NOT NULL,
  `Attribute_id` int(11) NOT NULL,
  `Attribute_value_id` int(11) DEFAULT NULL,
  `IsActive` int(11) NOT NULL,
  `CreatedDate` datetime NOT NULL,
  `ModifiedDate` datetime NOT NULL
) ENGINE=MyISAM DEFAULT CHARSET=utf8;

--
-- Indexes for dumped tables
--

--
-- Indexes for table `kr_area`
--
ALTER TABLE `kr_area`
  ADD PRIMARY KEY (`areaid`);

--
-- Indexes for table `kr_attributegroup`
--
ALTER TABLE `kr_attributegroup`
  ADD PRIMARY KEY (`attribute_groupID`);

--
-- Indexes for table `kr_attributes`
--
ALTER TABLE `kr_attributes`
  ADD PRIMARY KEY (`attrMapId`);

--
-- Indexes for table `kr_attributes_type`
--
ALTER TABLE `kr_attributes_type`
  ADD PRIMARY KEY (`atttypeid`);

--
-- Indexes for table `kr_bannerposition`
--
ALTER TABLE `kr_bannerposition`
  ADD PRIMARY KEY (`bpid`);

--
-- Indexes for table `kr_banners`
--
ALTER TABLE `kr_banners`
  ADD PRIMARY KEY (`bannerid`);

--
-- Indexes for table `kr_carts`
--
ALTER TABLE `kr_carts`
  ADD PRIMARY KEY (`cart_id`);

--
-- Indexes for table `kr_carts_customtool_images`
--
ALTER TABLE `kr_carts_customtool_images`
  ADD PRIMARY KEY (`cart_product_attr_id`);

--
-- Indexes for table `kr_carts_products_attribute`
--
ALTER TABLE `kr_carts_products_attribute`
  ADD PRIMARY KEY (`cart_product_attr_id`);

--
-- Indexes for table `kr_cart_products`
--
ALTER TABLE `kr_cart_products`
  ADD PRIMARY KEY (`cart_product_id`);

--
-- Indexes for table `kr_catalogue`
--
ALTER TABLE `kr_catalogue`
  ADD PRIMARY KEY (`cart_id`);

--
-- Indexes for table `kr_catalogue_customtool_images`
--
ALTER TABLE `kr_catalogue_customtool_images`
  ADD PRIMARY KEY (`cart_product_attr_id`);

--
-- Indexes for table `kr_catalogue_enquiry`
--
ALTER TABLE `kr_catalogue_enquiry`
  ADD PRIMARY KEY (`enquiryid`);

--
-- Indexes for table `kr_catalogue_products`
--
ALTER TABLE `kr_catalogue_products`
  ADD PRIMARY KEY (`cart_product_id`);

--
-- Indexes for table `kr_catalogue_products_attribute`
--
ALTER TABLE `kr_catalogue_products_attribute`
  ADD PRIMARY KEY (`cart_product_attr_id`);

--
-- Indexes for table `kr_category`
--
ALTER TABLE `kr_category`
  ADD PRIMARY KEY (`categoryID`),
  ADD KEY `IsActive` (`IsActive`),
  ADD KEY `parentId` (`parentId`),
  ADD KEY `sortingOrder` (`sortingOrder`),
  ADD KEY `categoryID` (`categoryID`);
ALTER TABLE `kr_category` ADD FULLTEXT KEY `categoryName_2` (`categoryName`,`categoryDesc`);

--
-- Indexes for table `kr_categoryimage`
--
ALTER TABLE `kr_categoryimage`
  ADD PRIMARY KEY (`catimgid`);

--
-- Indexes for table `kr_category_custgrp`
--
ALTER TABLE `kr_category_custgrp`
  ADD PRIMARY KEY (`Id`);

--
-- Indexes for table `kr_category_mobimage`
--
ALTER TABLE `kr_category_mobimage`
  ADD PRIMARY KEY (`cat_mobimgid`);

--
-- Indexes for table `kr_ccav_transaction`
--
ALTER TABLE `kr_ccav_transaction`
  ADD PRIMARY KEY (`Id`);

--
-- Indexes for table `kr_city`
--
ALTER TABLE `kr_city`
  ADD PRIMARY KEY (`cityid`),
  ADD KEY `fk_state_ref` (`stateid`);

--
-- Indexes for table `kr_cms_block`
--
ALTER TABLE `kr_cms_block`
  ADD PRIMARY KEY (`cms_blockid`);

--
-- Indexes for table `kr_cms_pages`
--
ALTER TABLE `kr_cms_pages`
  ADD PRIMARY KEY (`cms_pageid`);

--
-- Indexes for table `kr_configuration`
--
ALTER TABLE `kr_configuration`
  ADD PRIMARY KEY (`configureId`);

--
-- Indexes for table `kr_contactform`
--
ALTER TABLE `kr_contactform`
  ADD PRIMARY KEY (`contactid`);

--
-- Indexes for table `kr_country`
--
ALTER TABLE `kr_country`
  ADD PRIMARY KEY (`countryid`);

--
-- Indexes for table `kr_couponapplied`
--
ALTER TABLE `kr_couponapplied`
  ADD PRIMARY KEY (`cpnappid`);

--
-- Indexes for table `kr_coupons`
--
ALTER TABLE `kr_coupons`
  ADD PRIMARY KEY (`CouponID`),
  ADD KEY `CouponID` (`CouponID`),
  ADD KEY `IsActive` (`IsActive`),
  ADD KEY `CouponProducts` (`CouponProducts`),
  ADD KEY `CouponCategorys` (`CouponCategorys`);

--
-- Indexes for table `kr_currency`
--
ALTER TABLE `kr_currency`
  ADD PRIMARY KEY (`currencyid`);

--
-- Indexes for table `kr_custcart`
--
ALTER TABLE `kr_custcart`
  ADD PRIMARY KEY (`cartId`);

--
-- Indexes for table `kr_custcart_product`
--
ALTER TABLE `kr_custcart_product`
  ADD PRIMARY KEY (`CartProductId`);

--
-- Indexes for table `kr_customerlog`
--
ALTER TABLE `kr_customerlog`
  ADD PRIMARY KEY (`LogId`);

--
-- Indexes for table `kr_customers`
--
ALTER TABLE `kr_customers`
  ADD PRIMARY KEY (`customer_id`);

--
-- Indexes for table `kr_customer_group`
--
ALTER TABLE `kr_customer_group`
  ADD PRIMARY KEY (`customer_group_id`);

--
-- Indexes for table `kr_customfields_attributes`
--
ALTER TABLE `kr_customfields_attributes`
  ADD PRIMARY KEY (`AttributeId`);

--
-- Indexes for table `kr_customfields_attrvalues`
--
ALTER TABLE `kr_customfields_attrvalues`
  ADD PRIMARY KEY (`AttributeOptionId`);

--
-- Indexes for table `kr_customfield_custgrp`
--
ALTER TABLE `kr_customfield_custgrp`
  ADD PRIMARY KEY (`Id`);

--
-- Indexes for table `kr_cus_address`
--
ALTER TABLE `kr_cus_address`
  ADD PRIMARY KEY (`cus_addressid`);

--
-- Indexes for table `kr_cus_attribute_tbl1`
--
ALTER TABLE `kr_cus_attribute_tbl1`
  ADD PRIMARY KEY (`Cust_tbl1_AttrId`),
  ADD UNIQUE KEY `Cust_tbl1_AttrId` (`Cust_tbl1_AttrId`);

--
-- Indexes for table `kr_cus_attribute_tbl2`
--
ALTER TABLE `kr_cus_attribute_tbl2`
  ADD PRIMARY KEY (`Cust_tbl2_AttrId`);

--
-- Indexes for table `kr_cus_attribute_tbl3`
--
ALTER TABLE `kr_cus_attribute_tbl3`
  ADD PRIMARY KEY (`Cust_tbl3_AttrId`);

--
-- Indexes for table `kr_dateformat`
--
ALTER TABLE `kr_dateformat`
  ADD PRIMARY KEY (`dfid`);

--
-- Indexes for table `kr_dealer_individual`
--
ALTER TABLE `kr_dealer_individual`
  ADD PRIMARY KEY (`individualid`);

--
-- Indexes for table `kr_delete_fb_enquiry_forms`
--
ALTER TABLE `kr_delete_fb_enquiry_forms`
  ADD PRIMARY KEY (`id`);

--
-- Indexes for table `kr_delete_fb_formtitle`
--
ALTER TABLE `kr_delete_fb_formtitle`
  ADD PRIMARY KEY (`id`);

--
-- Indexes for table `kr_delete_fb_registers`
--
ALTER TABLE `kr_delete_fb_registers`
  ADD PRIMARY KEY (`id`);

--
-- Indexes for table `kr_discount`
--
ALTER TABLE `kr_discount`
  ADD PRIMARY KEY (`DiscountID`),
  ADD KEY `CouponID` (`DiscountID`),
  ADD KEY `IsActive` (`IsActive`),
  ADD KEY `CouponProducts` (`DiscountProducts`),
  ADD KEY `CouponCategorys` (`DiscountCategorys`);

--
-- Indexes for table `kr_discountapplied`
--
ALTER TABLE `kr_discountapplied`
  ADD PRIMARY KEY (`disappid`);

--
-- Indexes for table `kr_dropdown`
--
ALTER TABLE `kr_dropdown`
  ADD PRIMARY KEY (`dropdown_id`);

--
-- Indexes for table `kr_email_template`
--
ALTER TABLE `kr_email_template`
  ADD PRIMARY KEY (`templid`),
  ADD UNIQUE KEY `type` (`type`);

--
-- Indexes for table `kr_events_images`
--
ALTER TABLE `kr_events_images`
  ADD PRIMARY KEY (`events_img_id`);

--
-- Indexes for table `kr_fb_attributes`
--
ALTER TABLE `kr_fb_attributes`
  ADD PRIMARY KEY (`AttributeId`);

--
-- Indexes for table `kr_fb_brand_dealer`
--
ALTER TABLE `kr_fb_brand_dealer`
  ADD PRIMARY KEY (`id`);

--
-- Indexes for table `kr_fb_contact_form`
--
ALTER TABLE `kr_fb_contact_form`
  ADD PRIMARY KEY (`id`);

--
-- Indexes for table `kr_fb_enquiry_forms`
--
ALTER TABLE `kr_fb_enquiry_forms`
  ADD PRIMARY KEY (`id`);

--
-- Indexes for table `kr_fb_individual_dealer`
--
ALTER TABLE `kr_fb_individual_dealer`
  ADD PRIMARY KEY (`id`);

--
-- Indexes for table `kr_feature_additional`
--
ALTER TABLE `kr_feature_additional`
  ADD PRIMARY KEY (`addid`);

--
-- Indexes for table `kr_feature_specification`
--
ALTER TABLE `kr_feature_specification`
  ADD PRIMARY KEY (`specificationid`);

--
-- Indexes for table `kr_formbuilder`
--
ALTER TABLE `kr_formbuilder`
  ADD PRIMARY KEY (`FormId`);

--
-- Indexes for table `kr_formbuilderdgsn_attrvalues`
--
ALTER TABLE `kr_formbuilderdgsn_attrvalues`
  ADD PRIMARY KEY (`AttributeOptionId`);

--
-- Indexes for table `kr_forntmenu`
--
ALTER TABLE `kr_forntmenu`
  ADD PRIMARY KEY (`frontmenuid`);

--
-- Indexes for table `kr_giftvoucher`
--
ALTER TABLE `kr_giftvoucher`
  ADD PRIMARY KEY (`giftvoucherid`);

--
-- Indexes for table `kr_homepagecatslider`
--
ALTER TABLE `kr_homepagecatslider`
  ADD PRIMARY KEY (`hpsid`);

--
-- Indexes for table `kr_homepagecatslider_category`
--
ALTER TABLE `kr_homepagecatslider_category`
  ADD PRIMARY KEY (`hpd_proid`);

--
-- Indexes for table `kr_homepagecatslider_product`
--
ALTER TABLE `kr_homepagecatslider_product`
  ADD PRIMARY KEY (`hpd_proid`);

--
-- Indexes for table `kr_homepageslider`
--
ALTER TABLE `kr_homepageslider`
  ADD PRIMARY KEY (`hpsid`);

--
-- Indexes for table `kr_homepageslider_category`
--
ALTER TABLE `kr_homepageslider_category`
  ADD PRIMARY KEY (`hpd_proid`);

--
-- Indexes for table `kr_homepageslider_product`
--
ALTER TABLE `kr_homepageslider_product`
  ADD PRIMARY KEY (`hpd_proid`);

--
-- Indexes for table `kr_imageconfig`
--
ALTER TABLE `kr_imageconfig`
  ADD PRIMARY KEY (`imageconfigId`);

--
-- Indexes for table `kr_language`
--
ALTER TABLE `kr_language`
  ADD PRIMARY KEY (`languageid`);

--
-- Indexes for table `kr_level`
--
ALTER TABLE `kr_level`
  ADD PRIMARY KEY (`levelid`);

--
-- Indexes for table `kr_loginstatus`
--
ALTER TABLE `kr_loginstatus`
  ADD PRIMARY KEY (`Id`),
  ADD KEY `UsrId` (`UsrId`);

--
-- Indexes for table `kr_mailtemplate`
--
ALTER TABLE `kr_mailtemplate`
  ADD PRIMARY KEY (`mtemid`);

--
-- Indexes for table `kr_mailtemplate_master`
--
ALTER TABLE `kr_mailtemplate_master`
  ADD PRIMARY KEY (`masterid`);

--
-- Indexes for table `kr_manageclient`
--
ALTER TABLE `kr_manageclient`
  ADD PRIMARY KEY (`mcid`);

--
-- Indexes for table `kr_managetieup`
--
ALTER TABLE `kr_managetieup`
  ADD PRIMARY KEY (`tieupid`);

--
-- Indexes for table `kr_manage_memberof`
--
ALTER TABLE `kr_manage_memberof`
  ADD PRIMARY KEY (`memberid`);

--
-- Indexes for table `kr_manufacturer`
--
ALTER TABLE `kr_manufacturer`
  ADD PRIMARY KEY (`manufacturerId`);

--
-- Indexes for table `kr_mastertables`
--
ALTER TABLE `kr_mastertables`
  ADD PRIMARY KEY (`MasterId`);

--
-- Indexes for table `kr_menus`
--
ALTER TABLE `kr_menus`
  ADD PRIMARY KEY (`MenuId`),
  ADD KEY `fk_menus_users` (`UserId`),
  ADD KEY `MenuName` (`MenuName`);

--
-- Indexes for table `kr_modulemenus`
--
ALTER TABLE `kr_modulemenus`
  ADD PRIMARY KEY (`ModuleMenuId`),
  ADD KEY `FK_m_modulemenu_m_menus` (`MenuId`),
  ADD KEY `FK_m_modulemenus_m_modules` (`ModuleId`),
  ADD KEY `ModuleId` (`ModuleId`),
  ADD KEY `MenuId` (`MenuId`);

--
-- Indexes for table `kr_modules`
--
ALTER TABLE `kr_modules`
  ADD PRIMARY KEY (`ModuleId`),
  ADD UNIQUE KEY `ModuleName` (`ModuleName`),
  ADD KEY `ModuleName_2` (`ModuleName`);

--
-- Indexes for table `kr_m_attributes`
--
ALTER TABLE `kr_m_attributes`
  ADD PRIMARY KEY (`attributeid`);

--
-- Indexes for table `kr_m_elements`
--
ALTER TABLE `kr_m_elements`
  ADD PRIMARY KEY (`elementid`);

--
-- Indexes for table `kr_m_paymentgateway`
--
ALTER TABLE `kr_m_paymentgateway`
  ADD PRIMARY KEY (`pg_id`);

--
-- Indexes for table `kr_news_events`
--
ALTER TABLE `kr_news_events`
  ADD PRIMARY KEY (`newseventid`);

--
-- Indexes for table `kr_orders`
--
ALTER TABLE `kr_orders`
  ADD PRIMARY KEY (`order_id`);

--
-- Indexes for table `kr_orders_customtool_images`
--
ALTER TABLE `kr_orders_customtool_images`
  ADD PRIMARY KEY (`order_product_img_id`);

--
-- Indexes for table `kr_orders_history`
--
ALTER TABLE `kr_orders_history`
  ADD PRIMARY KEY (`order_history_id`);

--
-- Indexes for table `kr_orders_products`
--
ALTER TABLE `kr_orders_products`
  ADD PRIMARY KEY (`order_product_id`);

--
-- Indexes for table `kr_orders_products_attribute`
--
ALTER TABLE `kr_orders_products_attribute`
  ADD PRIMARY KEY (`order_product_attr_id`);

--
-- Indexes for table `kr_order_rtrn_products`
--
ALTER TABLE `kr_order_rtrn_products`
  ADD PRIMARY KEY (`order_rtrn_id`);

--
-- Indexes for table `kr_order_status`
--
ALTER TABLE `kr_order_status`
  ADD PRIMARY KEY (`order_statusId`),
  ADD UNIQUE KEY `ModuleName` (`order_statusName`),
  ADD KEY `ModuleName_2` (`order_statusName`);

--
-- Indexes for table `kr_password_verification`
--
ALTER TABLE `kr_password_verification`
  ADD PRIMARY KEY (`passverid`);

--
-- Indexes for table `kr_paymentgateway_det`
--
ALTER TABLE `kr_paymentgateway_det`
  ADD PRIMARY KEY (`pg_det_id`);

--
-- Indexes for table `kr_payment_master`
--
ALTER TABLE `kr_payment_master`
  ADD PRIMARY KEY (`pmasterid`);

--
-- Indexes for table `kr_pdt_bulk_approval`
--
ALTER TABLE `kr_pdt_bulk_approval`
  ADD PRIMARY KEY (`sno`);

--
-- Indexes for table `kr_pincode`
--
ALTER TABLE `kr_pincode`
  ADD PRIMARY KEY (`pincodeid`);

--
-- Indexes for table `kr_product`
--
ALTER TABLE `kr_product`
  ADD PRIMARY KEY (`product_id`),
  ADD KEY `IsActive` (`IsActive`),
  ADD KEY `taxId` (`taxId`),
  ADD KEY `price` (`price`),
  ADD KEY `product_id` (`product_id`);
ALTER TABLE `kr_product` ADD FULLTEXT KEY `product_name` (`product_name`,`description`,`longdescription`,`sku`);

--
-- Indexes for table `kr_productreview`
--
ALTER TABLE `kr_productreview`
  ADD PRIMARY KEY (`ReviewId`);

--
-- Indexes for table `kr_productupload_fields`
--
ALTER TABLE `kr_productupload_fields`
  ADD PRIMARY KEY (`fieldId`);

--
-- Indexes for table `kr_productupload_fields_old`
--
ALTER TABLE `kr_productupload_fields_old`
  ADD PRIMARY KEY (`fieldId`);

--
-- Indexes for table `kr_product_attr_combi`
--
ALTER TABLE `kr_product_attr_combi`
  ADD PRIMARY KEY (`product_attr_combi_id`);

--
-- Indexes for table `kr_product_attr_combi_opt`
--
ALTER TABLE `kr_product_attr_combi_opt`
  ADD PRIMARY KEY (`combi_opt_id`);

--
-- Indexes for table `kr_product_attr_dropdwid`
--
ALTER TABLE `kr_product_attr_dropdwid`
  ADD PRIMARY KEY (`attr_dropdwid`),
  ADD KEY `product_id` (`product_id`),
  ADD KEY `attribute_id` (`attribute_id`),
  ADD KEY `dropdown_id` (`dropdown_id`),
  ADD KEY `IsActive` (`IsActive`);

--
-- Indexes for table `kr_product_attr_varchar`
--
ALTER TABLE `kr_product_attr_varchar`
  ADD PRIMARY KEY (`attr_varchar_id`);

--
-- Indexes for table `kr_product_categoryid`
--
ALTER TABLE `kr_product_categoryid`
  ADD PRIMARY KEY (`product_catiid`),
  ADD KEY `product_id` (`product_id`),
  ADD KEY `categoryID` (`categoryID`),
  ADD KEY `IsActive` (`IsActive`);

--
-- Indexes for table `kr_product_feature`
--
ALTER TABLE `kr_product_feature`
  ADD PRIMARY KEY (`featureid`);

--
-- Indexes for table `kr_product_images`
--
ALTER TABLE `kr_product_images`
  ADD PRIMARY KEY (`product_img_id`),
  ADD KEY `product_id` (`product_id`),
  ADD KEY `IsActive` (`IsActive`),
  ADD KEY `ordering` (`ordering`);

--
-- Indexes for table `kr_product_images_old`
--
ALTER TABLE `kr_product_images_old`
  ADD PRIMARY KEY (`product_img_id`),
  ADD KEY `product_id` (`product_id`),
  ADD KEY `IsActive` (`IsActive`),
  ADD KEY `ordering` (`ordering`);

--
-- Indexes for table `kr_product_list_features`
--
ALTER TABLE `kr_product_list_features`
  ADD PRIMARY KEY (`specificationid`);

--
-- Indexes for table `kr_product_old_25_10`
--
ALTER TABLE `kr_product_old_25_10`
  ADD PRIMARY KEY (`product_id`),
  ADD KEY `IsActive` (`IsActive`),
  ADD KEY `taxId` (`taxId`),
  ADD KEY `price` (`price`);
ALTER TABLE `kr_product_old_25_10` ADD FULLTEXT KEY `product_name` (`product_name`,`description`,`longdescription`,`sku`);

--
-- Indexes for table `kr_product_specialfeature`
--
ALTER TABLE `kr_product_specialfeature`
  ADD PRIMARY KEY (`specialid`);

--
-- Indexes for table `kr_recentview`
--
ALTER TABLE `kr_recentview`
  ADD PRIMARY KEY (`recentid`);

--
-- Indexes for table `kr_register_verification`
--
ALTER TABLE `kr_register_verification`
  ADD PRIMARY KEY (`rvid`);

--
-- Indexes for table `kr_reviewparameter`
--
ALTER TABLE `kr_reviewparameter`
  ADD PRIMARY KEY (`ParameterId`);

--
-- Indexes for table `kr_reviewparametervalue`
--
ALTER TABLE `kr_reviewparametervalue`
  ADD PRIMARY KEY (`ParameterValueId`);

--
-- Indexes for table `kr_roles`
--
ALTER TABLE `kr_roles`
  ADD PRIMARY KEY (`RoleId`),
  ADD KEY `RoleName` (`RoleName`);

--
-- Indexes for table `kr_shippingmethods`
--
ALTER TABLE `kr_shippingmethods`
  ADD PRIMARY KEY (`shippingId`);

--
-- Indexes for table `kr_shipping_flat`
--
ALTER TABLE `kr_shipping_flat`
  ADD PRIMARY KEY (`flatshippingId`);

--
-- Indexes for table `kr_shipping_flat_states`
--
ALTER TABLE `kr_shipping_flat_states`
  ADD PRIMARY KEY (`flatcountryId`);

--
-- Indexes for table `kr_smsgateway`
--
ALTER TABLE `kr_smsgateway`
  ADD PRIMARY KEY (`smsgatewayid`);

--
-- Indexes for table `kr_sortby`
--
ALTER TABLE `kr_sortby`
  ADD PRIMARY KEY (`SortId`);

--
-- Indexes for table `kr_state`
--
ALTER TABLE `kr_state`
  ADD PRIMARY KEY (`stateid`),
  ADD KEY `fk_country_ref` (`countryid`);

--
-- Indexes for table `kr_status`
--
ALTER TABLE `kr_status`
  ADD PRIMARY KEY (`status_id`);

--
-- Indexes for table `kr_store`
--
ALTER TABLE `kr_store`
  ADD PRIMARY KEY (`StoreId`);

--
-- Indexes for table `kr_subscribe`
--
ALTER TABLE `kr_subscribe`
  ADD PRIMARY KEY (`subscribeid`);

--
-- Indexes for table `kr_taxmaster`
--
ALTER TABLE `kr_taxmaster`
  ADD PRIMARY KEY (`taxId`);

--
-- Indexes for table `kr_themesetup`
--
ALTER TABLE `kr_themesetup`
  ADD PRIMARY KEY (`themeid`);

--
-- Indexes for table `kr_userlog`
--
ALTER TABLE `kr_userlog`
  ADD PRIMARY KEY (`LogId`);

--
-- Indexes for table `kr_users`
--
ALTER TABLE `kr_users`
  ADD PRIMARY KEY (`user_ID`),
  ADD KEY `RoleId` (`RoleId`);

--
-- Indexes for table `kr_user_acl`
--
ALTER TABLE `kr_user_acl`
  ADD PRIMARY KEY (`acl_Id`);

--
-- Indexes for table `kr_videos`
--
ALTER TABLE `kr_videos`
  ADD PRIMARY KEY (`video_id`);

--
-- Indexes for table `kr_wishlists`
--
ALTER TABLE `kr_wishlists`
  ADD PRIMARY KEY (`cart_id`);

--
-- Indexes for table `kr_wishlist_products`
--
ALTER TABLE `kr_wishlist_products`
  ADD PRIMARY KEY (`cart_product_id`);

--
-- Indexes for table `kr_wishlist_products_attribute`
--
ALTER TABLE `kr_wishlist_products_attribute`
  ADD PRIMARY KEY (`cart_product_attr_id`);

--
-- AUTO_INCREMENT for dumped tables
--

--
-- AUTO_INCREMENT for table `kr_area`
--
ALTER TABLE `kr_area`
  MODIFY `areaid` int(11) NOT NULL AUTO_INCREMENT;

--
-- AUTO_INCREMENT for table `kr_attributegroup`
--
ALTER TABLE `kr_attributegroup`
  MODIFY `attribute_groupID` int(11) NOT NULL AUTO_INCREMENT, AUTO_INCREMENT=11;

--
-- AUTO_INCREMENT for table `kr_attributes`
--
ALTER TABLE `kr_attributes`
  MODIFY `attrMapId` int(11) NOT NULL AUTO_INCREMENT, AUTO_INCREMENT=56;

--
-- AUTO_INCREMENT for table `kr_attributes_type`
--
ALTER TABLE `kr_attributes_type`
  MODIFY `atttypeid` int(11) NOT NULL AUTO_INCREMENT, AUTO_INCREMENT=7;

--
-- AUTO_INCREMENT for table `kr_bannerposition`
--
ALTER TABLE `kr_bannerposition`
  MODIFY `bpid` int(11) NOT NULL AUTO_INCREMENT, AUTO_INCREMENT=5;

--
-- AUTO_INCREMENT for table `kr_banners`
--
ALTER TABLE `kr_banners`
  MODIFY `bannerid` bigint(20) NOT NULL AUTO_INCREMENT, AUTO_INCREMENT=30;

--
-- AUTO_INCREMENT for table `kr_carts`
--
ALTER TABLE `kr_carts`
  MODIFY `cart_id` int(11) NOT NULL AUTO_INCREMENT;

--
-- AUTO_INCREMENT for table `kr_carts_customtool_images`
--
ALTER TABLE `kr_carts_customtool_images`
  MODIFY `cart_product_attr_id` int(11) NOT NULL AUTO_INCREMENT, AUTO_INCREMENT=8;

--
-- AUTO_INCREMENT for table `kr_carts_products_attribute`
--
ALTER TABLE `kr_carts_products_attribute`
  MODIFY `cart_product_attr_id` int(11) NOT NULL AUTO_INCREMENT;

--
-- AUTO_INCREMENT for table `kr_cart_products`
--
ALTER TABLE `kr_cart_products`
  MODIFY `cart_product_id` int(11) NOT NULL AUTO_INCREMENT;

--
-- AUTO_INCREMENT for table `kr_catalogue`
--
ALTER TABLE `kr_catalogue`
  MODIFY `cart_id` int(11) NOT NULL AUTO_INCREMENT, AUTO_INCREMENT=64;

--
-- AUTO_INCREMENT for table `kr_catalogue_customtool_images`
--
ALTER TABLE `kr_catalogue_customtool_images`
  MODIFY `cart_product_attr_id` int(11) NOT NULL AUTO_INCREMENT, AUTO_INCREMENT=8;

--
-- AUTO_INCREMENT for table `kr_catalogue_enquiry`
--
ALTER TABLE `kr_catalogue_enquiry`
  MODIFY `enquiryid` int(11) NOT NULL AUTO_INCREMENT, AUTO_INCREMENT=2;

--
-- AUTO_INCREMENT for table `kr_catalogue_products`
--
ALTER TABLE `kr_catalogue_products`
  MODIFY `cart_product_id` int(11) NOT NULL AUTO_INCREMENT, AUTO_INCREMENT=74;

--
-- AUTO_INCREMENT for table `kr_catalogue_products_attribute`
--
ALTER TABLE `kr_catalogue_products_attribute`
  MODIFY `cart_product_attr_id` int(11) NOT NULL AUTO_INCREMENT;

--
-- AUTO_INCREMENT for table `kr_category`
--
ALTER TABLE `kr_category`
  MODIFY `categoryID` int(11) NOT NULL AUTO_INCREMENT, AUTO_INCREMENT=37;

--
-- AUTO_INCREMENT for table `kr_categoryimage`
--
ALTER TABLE `kr_categoryimage`
  MODIFY `catimgid` int(11) NOT NULL AUTO_INCREMENT, AUTO_INCREMENT=42;

--
-- AUTO_INCREMENT for table `kr_category_custgrp`
--
ALTER TABLE `kr_category_custgrp`
  MODIFY `Id` int(11) NOT NULL AUTO_INCREMENT, AUTO_INCREMENT=394;

--
-- AUTO_INCREMENT for table `kr_category_mobimage`
--
ALTER TABLE `kr_category_mobimage`
  MODIFY `cat_mobimgid` int(11) NOT NULL AUTO_INCREMENT, AUTO_INCREMENT=41;

--
-- AUTO_INCREMENT for table `kr_ccav_transaction`
--
ALTER TABLE `kr_ccav_transaction`
  MODIFY `Id` int(11) NOT NULL AUTO_INCREMENT, AUTO_INCREMENT=73;

--
-- AUTO_INCREMENT for table `kr_city`
--
ALTER TABLE `kr_city`
  MODIFY `cityid` int(11) NOT NULL AUTO_INCREMENT, AUTO_INCREMENT=25;

--
-- AUTO_INCREMENT for table `kr_cms_block`
--
ALTER TABLE `kr_cms_block`
  MODIFY `cms_blockid` int(11) NOT NULL AUTO_INCREMENT, AUTO_INCREMENT=18;

--
-- AUTO_INCREMENT for table `kr_cms_pages`
--
ALTER TABLE `kr_cms_pages`
  MODIFY `cms_pageid` int(11) NOT NULL AUTO_INCREMENT, AUTO_INCREMENT=7;

--
-- AUTO_INCREMENT for table `kr_configuration`
--
ALTER TABLE `kr_configuration`
  MODIFY `configureId` int(11) NOT NULL AUTO_INCREMENT, AUTO_INCREMENT=38;

--
-- AUTO_INCREMENT for table `kr_contactform`
--
ALTER TABLE `kr_contactform`
  MODIFY `contactid` int(11) NOT NULL AUTO_INCREMENT, AUTO_INCREMENT=27;

--
-- AUTO_INCREMENT for table `kr_country`
--
ALTER TABLE `kr_country`
  MODIFY `countryid` int(11) NOT NULL AUTO_INCREMENT, AUTO_INCREMENT=32;

--
-- AUTO_INCREMENT for table `kr_couponapplied`
--
ALTER TABLE `kr_couponapplied`
  MODIFY `cpnappid` int(11) NOT NULL AUTO_INCREMENT, AUTO_INCREMENT=5;

--
-- AUTO_INCREMENT for table `kr_coupons`
--
ALTER TABLE `kr_coupons`
  MODIFY `CouponID` int(11) NOT NULL AUTO_INCREMENT, AUTO_INCREMENT=10;

--
-- AUTO_INCREMENT for table `kr_currency`
--
ALTER TABLE `kr_currency`
  MODIFY `currencyid` int(11) NOT NULL AUTO_INCREMENT, AUTO_INCREMENT=8;

--
-- AUTO_INCREMENT for table `kr_custcart`
--
ALTER TABLE `kr_custcart`
  MODIFY `cartId` int(10) UNSIGNED NOT NULL AUTO_INCREMENT;

--
-- AUTO_INCREMENT for table `kr_custcart_product`
--
ALTER TABLE `kr_custcart_product`
  MODIFY `CartProductId` int(11) NOT NULL AUTO_INCREMENT;

--
-- AUTO_INCREMENT for table `kr_customerlog`
--
ALTER TABLE `kr_customerlog`
  MODIFY `LogId` int(11) NOT NULL AUTO_INCREMENT, AUTO_INCREMENT=3;

--
-- AUTO_INCREMENT for table `kr_customers`
--
ALTER TABLE `kr_customers`
  MODIFY `customer_id` int(11) NOT NULL AUTO_INCREMENT, AUTO_INCREMENT=112;

--
-- AUTO_INCREMENT for table `kr_customer_group`
--
ALTER TABLE `kr_customer_group`
  MODIFY `customer_group_id` int(11) NOT NULL AUTO_INCREMENT, AUTO_INCREMENT=13;

--
-- AUTO_INCREMENT for table `kr_customfields_attributes`
--
ALTER TABLE `kr_customfields_attributes`
  MODIFY `AttributeId` int(11) NOT NULL AUTO_INCREMENT, AUTO_INCREMENT=24;

--
-- AUTO_INCREMENT for table `kr_customfields_attrvalues`
--
ALTER TABLE `kr_customfields_attrvalues`
  MODIFY `AttributeOptionId` int(11) NOT NULL AUTO_INCREMENT, AUTO_INCREMENT=27;

--
-- AUTO_INCREMENT for table `kr_customfield_custgrp`
--
ALTER TABLE `kr_customfield_custgrp`
  MODIFY `Id` int(11) NOT NULL AUTO_INCREMENT, AUTO_INCREMENT=38;

--
-- AUTO_INCREMENT for table `kr_cus_address`
--
ALTER TABLE `kr_cus_address`
  MODIFY `cus_addressid` int(11) NOT NULL AUTO_INCREMENT, AUTO_INCREMENT=92;

--
-- AUTO_INCREMENT for table `kr_cus_attribute_tbl1`
--
ALTER TABLE `kr_cus_attribute_tbl1`
  MODIFY `Cust_tbl1_AttrId` int(11) NOT NULL AUTO_INCREMENT, AUTO_INCREMENT=101;

--
-- AUTO_INCREMENT for table `kr_cus_attribute_tbl2`
--
ALTER TABLE `kr_cus_attribute_tbl2`
  MODIFY `Cust_tbl2_AttrId` int(11) NOT NULL AUTO_INCREMENT, AUTO_INCREMENT=25;

--
-- AUTO_INCREMENT for table `kr_cus_attribute_tbl3`
--
ALTER TABLE `kr_cus_attribute_tbl3`
  MODIFY `Cust_tbl3_AttrId` int(11) NOT NULL AUTO_INCREMENT, AUTO_INCREMENT=5;

--
-- AUTO_INCREMENT for table `kr_dateformat`
--
ALTER TABLE `kr_dateformat`
  MODIFY `dfid` int(11) NOT NULL AUTO_INCREMENT, AUTO_INCREMENT=5;

--
-- AUTO_INCREMENT for table `kr_dealer_individual`
--
ALTER TABLE `kr_dealer_individual`
  MODIFY `individualid` int(11) NOT NULL AUTO_INCREMENT, AUTO_INCREMENT=5;

--
-- AUTO_INCREMENT for table `kr_delete_fb_enquiry_forms`
--
ALTER TABLE `kr_delete_fb_enquiry_forms`
  MODIFY `id` int(11) NOT NULL AUTO_INCREMENT;

--
-- AUTO_INCREMENT for table `kr_delete_fb_formtitle`
--
ALTER TABLE `kr_delete_fb_formtitle`
  MODIFY `id` int(11) NOT NULL AUTO_INCREMENT;

--
-- AUTO_INCREMENT for table `kr_delete_fb_registers`
--
ALTER TABLE `kr_delete_fb_registers`
  MODIFY `id` int(11) NOT NULL AUTO_INCREMENT;

--
-- AUTO_INCREMENT for table `kr_discount`
--
ALTER TABLE `kr_discount`
  MODIFY `DiscountID` int(11) NOT NULL AUTO_INCREMENT, AUTO_INCREMENT=19;

--
-- AUTO_INCREMENT for table `kr_discountapplied`
--
ALTER TABLE `kr_discountapplied`
  MODIFY `disappid` int(11) NOT NULL AUTO_INCREMENT, AUTO_INCREMENT=6;

--
-- AUTO_INCREMENT for table `kr_dropdown`
--
ALTER TABLE `kr_dropdown`
  MODIFY `dropdown_id` int(11) NOT NULL AUTO_INCREMENT, AUTO_INCREMENT=97;

--
-- AUTO_INCREMENT for table `kr_email_template`
--
ALTER TABLE `kr_email_template`
  MODIFY `templid` bigint(1) NOT NULL AUTO_INCREMENT, AUTO_INCREMENT=31;

--
-- AUTO_INCREMENT for table `kr_events_images`
--
ALTER TABLE `kr_events_images`
  MODIFY `events_img_id` int(11) NOT NULL AUTO_INCREMENT, AUTO_INCREMENT=53;

--
-- AUTO_INCREMENT for table `kr_fb_attributes`
--
ALTER TABLE `kr_fb_attributes`
  MODIFY `AttributeId` int(11) NOT NULL AUTO_INCREMENT, AUTO_INCREMENT=38;

--
-- AUTO_INCREMENT for table `kr_fb_brand_dealer`
--
ALTER TABLE `kr_fb_brand_dealer`
  MODIFY `id` int(11) NOT NULL AUTO_INCREMENT, AUTO_INCREMENT=6;

--
-- AUTO_INCREMENT for table `kr_fb_contact_form`
--
ALTER TABLE `kr_fb_contact_form`
  MODIFY `id` int(11) NOT NULL AUTO_INCREMENT, AUTO_INCREMENT=2;

--
-- AUTO_INCREMENT for table `kr_fb_enquiry_forms`
--
ALTER TABLE `kr_fb_enquiry_forms`
  MODIFY `id` int(11) NOT NULL AUTO_INCREMENT, AUTO_INCREMENT=2;

--
-- AUTO_INCREMENT for table `kr_fb_individual_dealer`
--
ALTER TABLE `kr_fb_individual_dealer`
  MODIFY `id` int(11) NOT NULL AUTO_INCREMENT, AUTO_INCREMENT=6;

--
-- AUTO_INCREMENT for table `kr_feature_additional`
--
ALTER TABLE `kr_feature_additional`
  MODIFY `addid` int(11) NOT NULL AUTO_INCREMENT, AUTO_INCREMENT=27;

--
-- AUTO_INCREMENT for table `kr_feature_specification`
--
ALTER TABLE `kr_feature_specification`
  MODIFY `specificationid` int(11) NOT NULL AUTO_INCREMENT, AUTO_INCREMENT=24;

--
-- AUTO_INCREMENT for table `kr_formbuilder`
--
ALTER TABLE `kr_formbuilder`
  MODIFY `FormId` int(11) NOT NULL AUTO_INCREMENT, AUTO_INCREMENT=6;

--
-- AUTO_INCREMENT for table `kr_formbuilderdgsn_attrvalues`
--
ALTER TABLE `kr_formbuilderdgsn_attrvalues`
  MODIFY `AttributeOptionId` int(11) NOT NULL AUTO_INCREMENT, AUTO_INCREMENT=7;

--
-- AUTO_INCREMENT for table `kr_forntmenu`
--
ALTER TABLE `kr_forntmenu`
  MODIFY `frontmenuid` int(11) NOT NULL AUTO_INCREMENT, AUTO_INCREMENT=16;

--
-- AUTO_INCREMENT for table `kr_giftvoucher`
--
ALTER TABLE `kr_giftvoucher`
  MODIFY `giftvoucherid` int(11) NOT NULL AUTO_INCREMENT, AUTO_INCREMENT=6;

--
-- AUTO_INCREMENT for table `kr_homepagecatslider`
--
ALTER TABLE `kr_homepagecatslider`
  MODIFY `hpsid` int(11) NOT NULL AUTO_INCREMENT, AUTO_INCREMENT=3;

--
-- AUTO_INCREMENT for table `kr_homepagecatslider_category`
--
ALTER TABLE `kr_homepagecatslider_category`
  MODIFY `hpd_proid` int(11) NOT NULL AUTO_INCREMENT, AUTO_INCREMENT=7;

--
-- AUTO_INCREMENT for table `kr_homepagecatslider_product`
--
ALTER TABLE `kr_homepagecatslider_product`
  MODIFY `hpd_proid` int(11) NOT NULL AUTO_INCREMENT, AUTO_INCREMENT=20;

--
-- AUTO_INCREMENT for table `kr_homepageslider`
--
ALTER TABLE `kr_homepageslider`
  MODIFY `hpsid` int(11) NOT NULL AUTO_INCREMENT, AUTO_INCREMENT=9;

--
-- AUTO_INCREMENT for table `kr_homepageslider_category`
--
ALTER TABLE `kr_homepageslider_category`
  MODIFY `hpd_proid` int(11) NOT NULL AUTO_INCREMENT;

--
-- AUTO_INCREMENT for table `kr_homepageslider_product`
--
ALTER TABLE `kr_homepageslider_product`
  MODIFY `hpd_proid` int(11) NOT NULL AUTO_INCREMENT, AUTO_INCREMENT=134;

--
-- AUTO_INCREMENT for table `kr_imageconfig`
--
ALTER TABLE `kr_imageconfig`
  MODIFY `imageconfigId` int(11) NOT NULL AUTO_INCREMENT, AUTO_INCREMENT=38;

--
-- AUTO_INCREMENT for table `kr_language`
--
ALTER TABLE `kr_language`
  MODIFY `languageid` int(11) NOT NULL AUTO_INCREMENT, AUTO_INCREMENT=5;

--
-- AUTO_INCREMENT for table `kr_level`
--
ALTER TABLE `kr_level`
  MODIFY `levelid` int(11) NOT NULL AUTO_INCREMENT, AUTO_INCREMENT=4;

--
-- AUTO_INCREMENT for table `kr_loginstatus`
--
ALTER TABLE `kr_loginstatus`
  MODIFY `Id` int(11) NOT NULL AUTO_INCREMENT, AUTO_INCREMENT=1312;

--
-- AUTO_INCREMENT for table `kr_mailtemplate`
--
ALTER TABLE `kr_mailtemplate`
  MODIFY `mtemid` int(11) NOT NULL AUTO_INCREMENT, AUTO_INCREMENT=23;

--
-- AUTO_INCREMENT for table `kr_mailtemplate_master`
--
ALTER TABLE `kr_mailtemplate_master`
  MODIFY `masterid` int(11) NOT NULL AUTO_INCREMENT, AUTO_INCREMENT=23;

--
-- AUTO_INCREMENT for table `kr_manageclient`
--
ALTER TABLE `kr_manageclient`
  MODIFY `mcid` int(11) NOT NULL AUTO_INCREMENT, AUTO_INCREMENT=27;

--
-- AUTO_INCREMENT for table `kr_managetieup`
--
ALTER TABLE `kr_managetieup`
  MODIFY `tieupid` int(11) NOT NULL AUTO_INCREMENT, AUTO_INCREMENT=23;

--
-- AUTO_INCREMENT for table `kr_manage_memberof`
--
ALTER TABLE `kr_manage_memberof`
  MODIFY `memberid` int(11) NOT NULL AUTO_INCREMENT, AUTO_INCREMENT=9;

--
-- AUTO_INCREMENT for table `kr_manufacturer`
--
ALTER TABLE `kr_manufacturer`
  MODIFY `manufacturerId` int(11) NOT NULL AUTO_INCREMENT, AUTO_INCREMENT=2;

--
-- AUTO_INCREMENT for table `kr_mastertables`
--
ALTER TABLE `kr_mastertables`
  MODIFY `MasterId` int(11) NOT NULL AUTO_INCREMENT, AUTO_INCREMENT=3;

--
-- AUTO_INCREMENT for table `kr_menus`
--
ALTER TABLE `kr_menus`
  MODIFY `MenuId` int(11) NOT NULL AUTO_INCREMENT, AUTO_INCREMENT=37;

--
-- AUTO_INCREMENT for table `kr_modulemenus`
--
ALTER TABLE `kr_modulemenus`
  MODIFY `ModuleMenuId` int(11) NOT NULL AUTO_INCREMENT, AUTO_INCREMENT=140;

--
-- AUTO_INCREMENT for table `kr_modules`
--
ALTER TABLE `kr_modules`
  MODIFY `ModuleId` int(11) NOT NULL AUTO_INCREMENT, AUTO_INCREMENT=144;

--
-- AUTO_INCREMENT for table `kr_m_attributes`
--
ALTER TABLE `kr_m_attributes`
  MODIFY `attributeid` int(11) NOT NULL AUTO_INCREMENT, AUTO_INCREMENT=39;

--
-- AUTO_INCREMENT for table `kr_m_elements`
--
ALTER TABLE `kr_m_elements`
  MODIFY `elementid` int(11) NOT NULL AUTO_INCREMENT, AUTO_INCREMENT=10;

--
-- AUTO_INCREMENT for table `kr_m_paymentgateway`
--
ALTER TABLE `kr_m_paymentgateway`
  MODIFY `pg_id` int(11) NOT NULL AUTO_INCREMENT;

--
-- AUTO_INCREMENT for table `kr_news_events`
--
ALTER TABLE `kr_news_events`
  MODIFY `newseventid` int(11) NOT NULL AUTO_INCREMENT;

--
-- AUTO_INCREMENT for table `kr_orders`
--
ALTER TABLE `kr_orders`
  MODIFY `order_id` int(11) NOT NULL AUTO_INCREMENT;

--
-- AUTO_INCREMENT for table `kr_orders_customtool_images`
--
ALTER TABLE `kr_orders_customtool_images`
  MODIFY `order_product_img_id` int(11) NOT NULL AUTO_INCREMENT;

--
-- AUTO_INCREMENT for table `kr_orders_history`
--
ALTER TABLE `kr_orders_history`
  MODIFY `order_history_id` int(11) NOT NULL AUTO_INCREMENT;

--
-- AUTO_INCREMENT for table `kr_orders_products`
--
ALTER TABLE `kr_orders_products`
  MODIFY `order_product_id` int(11) NOT NULL AUTO_INCREMENT;

--
-- AUTO_INCREMENT for table `kr_orders_products_attribute`
--
ALTER TABLE `kr_orders_products_attribute`
  MODIFY `order_product_attr_id` int(11) NOT NULL AUTO_INCREMENT;

--
-- AUTO_INCREMENT for table `kr_order_rtrn_products`
--
ALTER TABLE `kr_order_rtrn_products`
  MODIFY `order_rtrn_id` int(11) NOT NULL AUTO_INCREMENT;

--
-- AUTO_INCREMENT for table `kr_order_status`
--
ALTER TABLE `kr_order_status`
  MODIFY `order_statusId` int(11) NOT NULL AUTO_INCREMENT, AUTO_INCREMENT=16;

--
-- AUTO_INCREMENT for table `kr_password_verification`
--
ALTER TABLE `kr_password_verification`
  MODIFY `passverid` int(11) NOT NULL AUTO_INCREMENT, AUTO_INCREMENT=31;

--
-- AUTO_INCREMENT for table `kr_paymentgateway_det`
--
ALTER TABLE `kr_paymentgateway_det`
  MODIFY `pg_det_id` int(11) NOT NULL AUTO_INCREMENT, AUTO_INCREMENT=5;

--
-- AUTO_INCREMENT for table `kr_payment_master`
--
ALTER TABLE `kr_payment_master`
  MODIFY `pmasterid` int(11) NOT NULL AUTO_INCREMENT, AUTO_INCREMENT=6;

--
-- AUTO_INCREMENT for table `kr_pdt_bulk_approval`
--
ALTER TABLE `kr_pdt_bulk_approval`
  MODIFY `sno` bigint(20) NOT NULL AUTO_INCREMENT;

--
-- AUTO_INCREMENT for table `kr_pincode`
--
ALTER TABLE `kr_pincode`
  MODIFY `pincodeid` int(11) NOT NULL AUTO_INCREMENT, AUTO_INCREMENT=2;

--
-- AUTO_INCREMENT for table `kr_product`
--
ALTER TABLE `kr_product`
  MODIFY `product_id` int(11) NOT NULL AUTO_INCREMENT, AUTO_INCREMENT=108;

--
-- AUTO_INCREMENT for table `kr_productreview`
--
ALTER TABLE `kr_productreview`
  MODIFY `ReviewId` int(11) NOT NULL AUTO_INCREMENT;

--
-- AUTO_INCREMENT for table `kr_productupload_fields`
--
ALTER TABLE `kr_productupload_fields`
  MODIFY `fieldId` int(11) NOT NULL AUTO_INCREMENT, AUTO_INCREMENT=18;

--
-- AUTO_INCREMENT for table `kr_productupload_fields_old`
--
ALTER TABLE `kr_productupload_fields_old`
  MODIFY `fieldId` int(11) NOT NULL AUTO_INCREMENT, AUTO_INCREMENT=18;

--
-- AUTO_INCREMENT for table `kr_product_attr_combi`
--
ALTER TABLE `kr_product_attr_combi`
  MODIFY `product_attr_combi_id` int(11) NOT NULL AUTO_INCREMENT, AUTO_INCREMENT=171;

--
-- AUTO_INCREMENT for table `kr_product_attr_combi_opt`
--
ALTER TABLE `kr_product_attr_combi_opt`
  MODIFY `combi_opt_id` bigint(20) NOT NULL AUTO_INCREMENT, AUTO_INCREMENT=107;

--
-- AUTO_INCREMENT for table `kr_product_attr_dropdwid`
--
ALTER TABLE `kr_product_attr_dropdwid`
  MODIFY `attr_dropdwid` int(11) NOT NULL AUTO_INCREMENT;

--
-- AUTO_INCREMENT for table `kr_product_attr_varchar`
--
ALTER TABLE `kr_product_attr_varchar`
  MODIFY `attr_varchar_id` int(11) NOT NULL AUTO_INCREMENT;

--
-- AUTO_INCREMENT for table `kr_product_categoryid`
--
ALTER TABLE `kr_product_categoryid`
  MODIFY `product_catiid` int(11) NOT NULL AUTO_INCREMENT, AUTO_INCREMENT=114;

--
-- AUTO_INCREMENT for table `kr_product_feature`
--
ALTER TABLE `kr_product_feature`
  MODIFY `featureid` int(11) NOT NULL AUTO_INCREMENT, AUTO_INCREMENT=3;

--
-- AUTO_INCREMENT for table `kr_product_images`
--
ALTER TABLE `kr_product_images`
  MODIFY `product_img_id` int(11) NOT NULL AUTO_INCREMENT, AUTO_INCREMENT=523;

--
-- AUTO_INCREMENT for table `kr_product_images_old`
--
ALTER TABLE `kr_product_images_old`
  MODIFY `product_img_id` int(11) NOT NULL AUTO_INCREMENT;

--
-- AUTO_INCREMENT for table `kr_product_list_features`
--
ALTER TABLE `kr_product_list_features`
  MODIFY `specificationid` int(11) NOT NULL AUTO_INCREMENT, AUTO_INCREMENT=60;

--
-- AUTO_INCREMENT for table `kr_product_old_25_10`
--
ALTER TABLE `kr_product_old_25_10`
  MODIFY `product_id` int(11) NOT NULL AUTO_INCREMENT;

--
-- AUTO_INCREMENT for table `kr_product_specialfeature`
--
ALTER TABLE `kr_product_specialfeature`
  MODIFY `specialid` int(11) NOT NULL AUTO_INCREMENT, AUTO_INCREMENT=4;

--
-- AUTO_INCREMENT for table `kr_recentview`
--
ALTER TABLE `kr_recentview`
  MODIFY `recentid` int(11) NOT NULL AUTO_INCREMENT, AUTO_INCREMENT=1815;

--
-- AUTO_INCREMENT for table `kr_register_verification`
--
ALTER TABLE `kr_register_verification`
  MODIFY `rvid` int(11) NOT NULL AUTO_INCREMENT, AUTO_INCREMENT=235;

--
-- AUTO_INCREMENT for table `kr_reviewparameter`
--
ALTER TABLE `kr_reviewparameter`
  MODIFY `ParameterId` int(11) NOT NULL AUTO_INCREMENT, AUTO_INCREMENT=4;

--
-- AUTO_INCREMENT for table `kr_reviewparametervalue`
--
ALTER TABLE `kr_reviewparametervalue`
  MODIFY `ParameterValueId` int(11) NOT NULL AUTO_INCREMENT;

--
-- AUTO_INCREMENT for table `kr_roles`
--
ALTER TABLE `kr_roles`
  MODIFY `RoleId` int(11) NOT NULL AUTO_INCREMENT, AUTO_INCREMENT=12;

--
-- AUTO_INCREMENT for table `kr_shippingmethods`
--
ALTER TABLE `kr_shippingmethods`
  MODIFY `shippingId` int(11) NOT NULL AUTO_INCREMENT, AUTO_INCREMENT=4;

--
-- AUTO_INCREMENT for table `kr_shipping_flat`
--
ALTER TABLE `kr_shipping_flat`
  MODIFY `flatshippingId` int(11) NOT NULL AUTO_INCREMENT, AUTO_INCREMENT=4;

--
-- AUTO_INCREMENT for table `kr_shipping_flat_states`
--
ALTER TABLE `kr_shipping_flat_states`
  MODIFY `flatcountryId` int(11) NOT NULL AUTO_INCREMENT, AUTO_INCREMENT=2;

--
-- AUTO_INCREMENT for table `kr_smsgateway`
--
ALTER TABLE `kr_smsgateway`
  MODIFY `smsgatewayid` int(11) NOT NULL AUTO_INCREMENT, AUTO_INCREMENT=2;

--
-- AUTO_INCREMENT for table `kr_sortby`
--
ALTER TABLE `kr_sortby`
  MODIFY `SortId` int(11) NOT NULL AUTO_INCREMENT, AUTO_INCREMENT=7;

--
-- AUTO_INCREMENT for table `kr_state`
--
ALTER TABLE `kr_state`
  MODIFY `stateid` int(11) NOT NULL AUTO_INCREMENT, AUTO_INCREMENT=60;

--
-- AUTO_INCREMENT for table `kr_store`
--
ALTER TABLE `kr_store`
  MODIFY `StoreId` int(11) NOT NULL AUTO_INCREMENT, AUTO_INCREMENT=3;

--
-- AUTO_INCREMENT for table `kr_subscribe`
--
ALTER TABLE `kr_subscribe`
  MODIFY `subscribeid` int(11) NOT NULL AUTO_INCREMENT, AUTO_INCREMENT=51;

--
-- AUTO_INCREMENT for table `kr_taxmaster`
--
ALTER TABLE `kr_taxmaster`
  MODIFY `taxId` int(11) NOT NULL AUTO_INCREMENT, AUTO_INCREMENT=18;

--
-- AUTO_INCREMENT for table `kr_themesetup`
--
ALTER TABLE `kr_themesetup`
  MODIFY `themeid` int(11) NOT NULL AUTO_INCREMENT, AUTO_INCREMENT=4;

--
-- AUTO_INCREMENT for table `kr_userlog`
--
ALTER TABLE `kr_userlog`
  MODIFY `LogId` int(11) NOT NULL AUTO_INCREMENT;

--
-- AUTO_INCREMENT for table `kr_users`
--
ALTER TABLE `kr_users`
  MODIFY `user_ID` int(11) NOT NULL AUTO_INCREMENT, AUTO_INCREMENT=27;

--
-- AUTO_INCREMENT for table `kr_user_acl`
--
ALTER TABLE `kr_user_acl`
  MODIFY `acl_Id` int(11) NOT NULL AUTO_INCREMENT, AUTO_INCREMENT=332;

--
-- AUTO_INCREMENT for table `kr_videos`
--
ALTER TABLE `kr_videos`
  MODIFY `video_id` int(11) NOT NULL AUTO_INCREMENT, AUTO_INCREMENT=2;

--
-- AUTO_INCREMENT for table `kr_wishlists`
--
ALTER TABLE `kr_wishlists`
  MODIFY `cart_id` int(11) NOT NULL AUTO_INCREMENT, AUTO_INCREMENT=9;

--
-- AUTO_INCREMENT for table `kr_wishlist_products`
--
ALTER TABLE `kr_wishlist_products`
  MODIFY `cart_product_id` int(11) NOT NULL AUTO_INCREMENT;

--
-- AUTO_INCREMENT for table `kr_wishlist_products_attribute`
--
ALTER TABLE `kr_wishlist_products_attribute`
  MODIFY `cart_product_attr_id` int(11) NOT NULL AUTO_INCREMENT;

--
-- Constraints for dumped tables
--

--
-- Constraints for table `kr_city`
--
ALTER TABLE `kr_city`
  ADD CONSTRAINT `fk_state_ref` FOREIGN KEY (`stateid`) REFERENCES `kr_state` (`stateid`) ON DELETE CASCADE ON UPDATE CASCADE;

--
-- Constraints for table `kr_state`
--
ALTER TABLE `kr_state`
  ADD CONSTRAINT `fk_country_ref` FOREIGN KEY (`countryid`) REFERENCES `kr_country` (`countryid`) ON DELETE CASCADE ON UPDATE CASCADE;
COMMIT;

/*!40101 SET CHARACTER_SET_CLIENT=@OLD_CHARACTER_SET_CLIENT */;
/*!40101 SET CHARACTER_SET_RESULTS=@OLD_CHARACTER_SET_RESULTS */;
/*!40101 SET COLLATION_CONNECTION=@OLD_COLLATION_CONNECTION */;
